=== HAPPO + RTASK ===
Start: Sat May  2 17:39:36 EEST 2026
choose to use cpu...
WARNING, using default values for chiller sizing...
WARNING, using default values for chiller sizing...
WARNING, using default values for chiller sizing...
WARNING, using default values for chiller sizing...
WARNING, using default values for chiller sizing...
WARNING, using default values for chiller sizing...
WARNING, using default values for chiller sizing...
WARNING, using default values for chiller sizing...
WARNING, using default values for chiller sizing...
WARNING, using default values for chiller sizing...
share_observation_space:  [Box(-2.0, 2.0, (29,), float32), Box(-2.0, 2.0, (29,), float32), Box(-2.0, 2.0, (29,), float32)]
observation_space:  [Box(-2.0, 2.0, (26,), float32), Box(-2.0, 2.0, (26,), float32), Box(-2.0, 2.0, (26,), float32)]
action_space:  [Discrete(3), Discrete(3), Discrete(3)]
Start Training
Env sustaindc Task ca-discrete Algo happo Exp happo_rtask_25M updates 5/3051 episodes, total num timesteps 40960/25000000, FPS 504.
Average step reward is 0.6839007139205933.
Some episodes done, average episode reward is -1426.4085673741542.

Episode 5: Avg Net Energy=252.621, Avg CO2=67404.643, Water Usage=36774162.525
Tasks in Queue=1556569.000, Tasks Dropped=0.000
Evaluation average episode reward is -1701.688401249576.

Episode 5: Avg Net Energy=233.058, Avg CO2=56401.277, Water Usage=25372865.728
Tasks in Queue=2022821.000, Tasks Dropped=0.000
We are saving model weights at episode 5 with average episode reward -1701.688401249576

Env sustaindc Task ca-discrete Algo happo Exp happo_rtask_25M updates 10/3051 episodes, total num timesteps 81920/25000000, FPS 395.
Average step reward is 0.7457824945449829.
Some episodes done, average episode reward is -1348.8557781742293.

Episode 10: Avg Net Energy=244.239, Avg CO2=59886.767, Water Usage=36373718.478
Tasks in Queue=1589780.000, Tasks Dropped=0.000
Evaluation average episode reward is -1249.0915566490619.

Episode 10: Avg Net Energy=233.610, Avg CO2=56214.906, Water Usage=25286253.528
Tasks in Queue=914850.000, Tasks Dropped=0.000
We are saving model weights at episode 10 with average episode reward -1249.0915566490619

Env sustaindc Task ca-discrete Algo happo Exp happo_rtask_25M updates 15/3051 episodes, total num timesteps 122880/25000000, FPS 356.
Average step reward is 0.8242419958114624.
Some episodes done, average episode reward is -1223.6787063885686.

Episode 15: Avg Net Energy=243.022, Avg CO2=57982.910, Water Usage=36447259.336
Tasks in Queue=855332.000, Tasks Dropped=0.000
Evaluation average episode reward is -1219.9207410993229.

Episode 15: Avg Net Energy=231.663, Avg CO2=59516.895, Water Usage=25166218.875
Tasks in Queue=1043151.000, Tasks Dropped=0.000
We are saving model weights at episode 15 with average episode reward -1219.9207410993229

Env sustaindc Task ca-discrete Algo happo Exp happo_rtask_25M updates 20/3051 episodes, total num timesteps 163840/25000000, FPS 337.
Average step reward is 0.7636536359786987.
Some episodes done, average episode reward is -1311.1575441505847.

Episode 20: Avg Net Energy=239.876, Avg CO2=60845.668, Water Usage=36178583.517
Tasks in Queue=1211168.000, Tasks Dropped=0.000
Evaluation average episode reward is -1266.4992175500686.

Episode 20: Avg Net Energy=232.517, Avg CO2=59629.207, Water Usage=25146853.992
Tasks in Queue=1252739.000, Tasks Dropped=0.000
Env sustaindc Task ca-discrete Algo happo Exp happo_rtask_25M updates 25/3051 episodes, total num timesteps 204800/25000000, FPS 326.
Average step reward is 0.7553389072418213.
Some episodes done, average episode reward is -1372.5300467959073.

Episode 25: Avg Net Energy=237.143, Avg CO2=64011.519, Water Usage=36011381.724
Tasks in Queue=1274109.000, Tasks Dropped=0.000
Evaluation average episode reward is -1332.0154135624077.

Episode 25: Avg Net Energy=233.191, Avg CO2=56341.780, Water Usage=25192902.784
Tasks in Queue=1124486.000, Tasks Dropped=0.000
Env sustaindc Task ca-discrete Algo happo Exp happo_rtask_25M updates 30/3051 episodes, total num timesteps 245760/25000000, FPS 319.
Average step reward is 0.7218319177627563.
Some episodes done, average episode reward is -1396.5606579866862.

Episode 30: Avg Net Energy=240.702, Avg CO2=64207.948, Water Usage=36275711.953
Tasks in Queue=1289027.000, Tasks Dropped=0.000
Evaluation average episode reward is -1311.9022615647912.

Episode 30: Avg Net Energy=232.734, Avg CO2=56474.448, Water Usage=25141487.982
Tasks in Queue=1198657.000, Tasks Dropped=0.000
Env sustaindc Task ca-discrete Algo happo Exp happo_rtask_25M updates 35/3051 episodes, total num timesteps 286720/25000000, FPS 312.
Average step reward is 0.7002986669540405.
Some episodes done, average episode reward is -1434.7176451408368.

Episode 35: Avg Net Energy=239.168, Avg CO2=54839.493, Water Usage=36158181.137
Tasks in Queue=1431763.000, Tasks Dropped=0.000
Evaluation average episode reward is -1178.9011421013859.

Episode 35: Avg Net Energy=231.325, Avg CO2=55399.113, Water Usage=25169275.708
Tasks in Queue=1200196.000, Tasks Dropped=0.000
We are saving model weights at episode 35 with average episode reward -1178.9011421013859

Env sustaindc Task ca-discrete Algo happo Exp happo_rtask_25M updates 40/3051 episodes, total num timesteps 327680/25000000, FPS 308.
Average step reward is 0.7243724465370178.
Some episodes done, average episode reward is -1417.999771641799.

Episode 40: Avg Net Energy=240.880, Avg CO2=57677.088, Water Usage=36369324.134
Tasks in Queue=1176559.000, Tasks Dropped=0.000
Evaluation average episode reward is -1194.5624458514146.

Episode 40: Avg Net Energy=231.287, Avg CO2=59501.406, Water Usage=25150330.839
Tasks in Queue=1173711.000, Tasks Dropped=0.000
Env sustaindc Task ca-discrete Algo happo Exp happo_rtask_25M updates 45/3051 episodes, total num timesteps 368640/25000000, FPS 305.
Average step reward is 0.7241001129150391.
Some episodes done, average episode reward is -1399.8471949683603.

Episode 45: Avg Net Energy=239.258, Avg CO2=65953.153, Water Usage=36210201.979
Tasks in Queue=1276642.000, Tasks Dropped=0.000
Evaluation average episode reward is -1241.3238474813024.

Episode 45: Avg Net Energy=232.359, Avg CO2=58167.146, Water Usage=25216665.273
Tasks in Queue=1142405.000, Tasks Dropped=0.000
Env sustaindc Task ca-discrete Algo happo Exp happo_rtask_25M updates 50/3051 episodes, total num timesteps 409600/25000000, FPS 303.
Average step reward is 0.6642382144927979.
Some episodes done, average episode reward is -1389.4593476526607.

Episode 50: Avg Net Energy=241.799, Avg CO2=64924.583, Water Usage=36293100.178
Tasks in Queue=1433369.000, Tasks Dropped=0.000
Evaluation average episode reward is -1209.2762211851048.

Episode 50: Avg Net Energy=232.025, Avg CO2=56886.871, Water Usage=25227455.869
Tasks in Queue=1093650.000, Tasks Dropped=0.000
Env sustaindc Task ca-discrete Algo happo Exp happo_rtask_25M updates 55/3051 episodes, total num timesteps 450560/25000000, FPS 302.
Average step reward is 0.7384746074676514.
Some episodes done, average episode reward is -1413.0876075844124.

Episode 55: Avg Net Energy=241.637, Avg CO2=59906.585, Water Usage=36442719.091
Tasks in Queue=1252678.000, Tasks Dropped=0.000
Evaluation average episode reward is -1322.491332147782.

Episode 55: Avg Net Energy=233.008, Avg CO2=59175.075, Water Usage=25278573.725
Tasks in Queue=1253538.000, Tasks Dropped=0.000
Env sustaindc Task ca-discrete Algo happo Exp happo_rtask_25M updates 60/3051 episodes, total num timesteps 491520/25000000, FPS 300.
Average step reward is 0.8067781925201416.
Some episodes done, average episode reward is -1356.65583236864.

Episode 60: Avg Net Energy=237.612, Avg CO2=56520.567, Water Usage=36051840.812
Tasks in Queue=912836.000, Tasks Dropped=0.000
Evaluation average episode reward is -1190.850702799043.

Episode 60: Avg Net Energy=232.470, Avg CO2=59510.503, Water Usage=25251812.014
Tasks in Queue=1125191.000, Tasks Dropped=0.000
Env sustaindc Task ca-discrete Algo happo Exp happo_rtask_25M updates 65/3051 episodes, total num timesteps 532480/25000000, FPS 299.
Average step reward is 0.7621781229972839.
Some episodes done, average episode reward is -1387.8241212200378.

Episode 65: Avg Net Energy=238.045, Avg CO2=62366.211, Water Usage=36051775.275
Tasks in Queue=985168.000, Tasks Dropped=0.000
Evaluation average episode reward is -1233.0648060100013.

Episode 65: Avg Net Energy=232.529, Avg CO2=58937.826, Water Usage=25223993.547
Tasks in Queue=1148155.000, Tasks Dropped=0.000
Env sustaindc Task ca-discrete Algo happo Exp happo_rtask_25M updates 70/3051 episodes, total num timesteps 573440/25000000, FPS 300.
Average step reward is 0.6661558151245117.
Some episodes done, average episode reward is -1406.9211215796645.

Episode 70: Avg Net Energy=240.651, Avg CO2=65838.202, Water Usage=36353752.896
Tasks in Queue=1391864.000, Tasks Dropped=0.000
Evaluation average episode reward is -1224.3066478194735.

Episode 70: Avg Net Energy=232.501, Avg CO2=56597.955, Water Usage=25142537.444
Tasks in Queue=1149217.000, Tasks Dropped=0.000
Env sustaindc Task ca-discrete Algo happo Exp happo_rtask_25M updates 75/3051 episodes, total num timesteps 614400/25000000, FPS 300.
Average step reward is 0.7190231084823608.
Some episodes done, average episode reward is -1403.3676029380565.

Episode 75: Avg Net Energy=240.120, Avg CO2=61530.418, Water Usage=36295820.617
Tasks in Queue=1168333.000, Tasks Dropped=0.000
Evaluation average episode reward is -1308.779680282058.

Episode 75: Avg Net Energy=233.868, Avg CO2=56398.053, Water Usage=25316316.639
Tasks in Queue=1158124.000, Tasks Dropped=0.000
Env sustaindc Task ca-discrete Algo happo Exp happo_rtask_25M updates 80/3051 episodes, total num timesteps 655360/25000000, FPS 300.
Average step reward is 0.7653466463088989.
Some episodes done, average episode reward is -1386.3424750900692.

Episode 80: Avg Net Energy=240.077, Avg CO2=51723.597, Water Usage=36279774.198
Tasks in Queue=1105513.000, Tasks Dropped=0.000
Evaluation average episode reward is -1130.9406384266113.

Episode 80: Avg Net Energy=231.884, Avg CO2=60576.022, Water Usage=25328799.345
Tasks in Queue=736839.000, Tasks Dropped=0.000
We are saving model weights at episode 80 with average episode reward -1130.9406384266113

Env sustaindc Task ca-discrete Algo happo Exp happo_rtask_25M updates 85/3051 episodes, total num timesteps 696320/25000000, FPS 301.
Average step reward is 0.7533586621284485.
Some episodes done, average episode reward is -1351.2173221438532.

Episode 85: Avg Net Energy=239.746, Avg CO2=57681.957, Water Usage=36306028.684
Tasks in Queue=961153.000, Tasks Dropped=0.000
Evaluation average episode reward is -1114.3042600556137.

Episode 85: Avg Net Energy=231.609, Avg CO2=56530.090, Water Usage=25261794.741
Tasks in Queue=774118.000, Tasks Dropped=0.000
We are saving model weights at episode 85 with average episode reward -1114.3042600556137

Env sustaindc Task ca-discrete Algo happo Exp happo_rtask_25M updates 90/3051 episodes, total num timesteps 737280/25000000, FPS 302.
Average step reward is 0.7520065307617188.
Some episodes done, average episode reward is -1416.7287179627292.

Episode 90: Avg Net Energy=235.738, Avg CO2=63551.715, Water Usage=35912397.039
Tasks in Queue=1262361.000, Tasks Dropped=0.000
Evaluation average episode reward is -1316.1188653835886.

Episode 90: Avg Net Energy=233.059, Avg CO2=61725.219, Water Usage=25151247.062
Tasks in Queue=814885.000, Tasks Dropped=0.000
Env sustaindc Task ca-discrete Algo happo Exp happo_rtask_25M updates 95/3051 episodes, total num timesteps 778240/25000000, FPS 302.
Average step reward is 0.7371892929077148.
Some episodes done, average episode reward is -1382.2289651077926.

Episode 95: Avg Net Energy=238.705, Avg CO2=64155.322, Water Usage=36198083.380
Tasks in Queue=1183341.000, Tasks Dropped=0.000
Evaluation average episode reward is -1299.4933424062453.

Episode 95: Avg Net Energy=233.446, Avg CO2=57555.455, Water Usage=25403476.882
Tasks in Queue=778813.000, Tasks Dropped=0.000
Env sustaindc Task ca-discrete Algo happo Exp happo_rtask_25M updates 100/3051 episodes, total num timesteps 819200/25000000, FPS 302.
Average step reward is 0.7972480058670044.
Some episodes done, average episode reward is -1388.7974682115837.

Episode 100: Avg Net Energy=237.100, Avg CO2=59195.554, Water Usage=35974019.974
Tasks in Queue=963006.000, Tasks Dropped=0.000
Evaluation average episode reward is -1286.1433604241595.

Episode 100: Avg Net Energy=233.725, Avg CO2=56468.719, Water Usage=25269270.409
Tasks in Queue=734342.000, Tasks Dropped=0.000
Env sustaindc Task ca-discrete Algo happo Exp happo_rtask_25M updates 105/3051 episodes, total num timesteps 860160/25000000, FPS 303.
Average step reward is 0.7588706612586975.
Some episodes done, average episode reward is -1369.21716396705.

Episode 105: Avg Net Energy=240.156, Avg CO2=55390.048, Water Usage=36229460.762
Tasks in Queue=995178.000, Tasks Dropped=0.000
Evaluation average episode reward is -1139.3796144152632.

Episode 105: Avg Net Energy=232.449, Avg CO2=57795.087, Water Usage=25265573.068
Tasks in Queue=614116.000, Tasks Dropped=0.000
Env sustaindc Task ca-discrete Algo happo Exp happo_rtask_25M updates 110/3051 episodes, total num timesteps 901120/25000000, FPS 303.
Average step reward is 0.7769785523414612.
Some episodes done, average episode reward is -1433.242899044839.

Episode 110: Avg Net Energy=238.877, Avg CO2=62212.316, Water Usage=36195560.254
Tasks in Queue=1067317.000, Tasks Dropped=0.000
Evaluation average episode reward is -1278.2655841672877.

Episode 110: Avg Net Energy=232.912, Avg CO2=59610.638, Water Usage=25277926.287
Tasks in Queue=598573.000, Tasks Dropped=0.000
Env sustaindc Task ca-discrete Algo happo Exp happo_rtask_25M updates 115/3051 episodes, total num timesteps 942080/25000000, FPS 303.
Average step reward is 0.6935374736785889.
Some episodes done, average episode reward is -1333.871941697439.

Episode 115: Avg Net Energy=240.140, Avg CO2=65261.966, Water Usage=36237031.180
Tasks in Queue=1275751.000, Tasks Dropped=0.000
Evaluation average episode reward is -1269.4494652761207.

Episode 115: Avg Net Energy=232.787, Avg CO2=59218.796, Water Usage=25285639.174
Tasks in Queue=572155.000, Tasks Dropped=0.000
Env sustaindc Task ca-discrete Algo happo Exp happo_rtask_25M updates 120/3051 episodes, total num timesteps 983040/25000000, FPS 303.
Average step reward is 0.7373258471488953.
Some episodes done, average episode reward is -1361.1251885480128.

Episode 120: Avg Net Energy=238.364, Avg CO2=61979.626, Water Usage=36135324.243
Tasks in Queue=1161674.000, Tasks Dropped=0.000
Evaluation average episode reward is -1186.9965719063389.

Episode 120: Avg Net Energy=231.028, Avg CO2=62838.289, Water Usage=25195919.503
Tasks in Queue=522180.000, Tasks Dropped=0.000
Env sustaindc Task ca-discrete Algo happo Exp happo_rtask_25M updates 125/3051 episodes, total num timesteps 1024000/25000000, FPS 304.
Average step reward is 0.7376968264579773.
Some episodes done, average episode reward is -1396.480123717689.

Episode 125: Avg Net Energy=238.599, Avg CO2=54241.586, Water Usage=36156166.852
Tasks in Queue=1184497.000, Tasks Dropped=0.000
Evaluation average episode reward is -1285.9666237853621.

Episode 125: Avg Net Energy=231.072, Avg CO2=60104.684, Water Usage=25148660.226
Tasks in Queue=603009.000, Tasks Dropped=0.000
Env sustaindc Task ca-discrete Algo happo Exp happo_rtask_25M updates 130/3051 episodes, total num timesteps 1064960/25000000, FPS 304.
Average step reward is 0.7546916007995605.
Some episodes done, average episode reward is -1414.8504901459175.

Episode 130: Avg Net Energy=237.917, Avg CO2=55275.317, Water Usage=35988366.632
Tasks in Queue=1142379.000, Tasks Dropped=0.000
Evaluation average episode reward is -1340.3797157212634.

Episode 130: Avg Net Energy=232.509, Avg CO2=56079.803, Water Usage=25262574.600
Tasks in Queue=383437.000, Tasks Dropped=0.000
Env sustaindc Task ca-discrete Algo happo Exp happo_rtask_25M updates 135/3051 episodes, total num timesteps 1105920/25000000, FPS 304.
Average step reward is 0.7397369146347046.
Some episodes done, average episode reward is -1413.0676092573626.

Episode 135: Avg Net Energy=238.430, Avg CO2=66218.798, Water Usage=36201703.583
Tasks in Queue=1090535.000, Tasks Dropped=0.000
Evaluation average episode reward is -1397.8534380679112.

Episode 135: Avg Net Energy=232.681, Avg CO2=56271.377, Water Usage=25255397.663
Tasks in Queue=185523.000, Tasks Dropped=0.000
Env sustaindc Task ca-discrete Algo happo Exp happo_rtask_25M updates 140/3051 episodes, total num timesteps 1146880/25000000, FPS 305.
Average step reward is 0.7471576929092407.
Some episodes done, average episode reward is -1392.5080238230248.

Episode 140: Avg Net Energy=237.075, Avg CO2=63597.380, Water Usage=35978525.576
Tasks in Queue=1177888.000, Tasks Dropped=0.000
Evaluation average episode reward is -1278.1883788384355.

Episode 140: Avg Net Energy=232.063, Avg CO2=57847.814, Water Usage=25175850.482
Tasks in Queue=159040.000, Tasks Dropped=0.000
Env sustaindc Task ca-discrete Algo happo Exp happo_rtask_25M updates 145/3051 episodes, total num timesteps 1187840/25000000, FPS 305.
Average step reward is 0.7553285360336304.
Some episodes done, average episode reward is -1353.7935578646338.

Episode 145: Avg Net Energy=238.743, Avg CO2=60759.246, Water Usage=36074696.059
Tasks in Queue=1002574.000, Tasks Dropped=0.000
Evaluation average episode reward is -1348.4360572602054.

Episode 145: Avg Net Energy=233.813, Avg CO2=59859.569, Water Usage=25390087.880
Tasks in Queue=153150.000, Tasks Dropped=0.000
Env sustaindc Task ca-discrete Algo happo Exp happo_rtask_25M updates 150/3051 episodes, total num timesteps 1228800/25000000, FPS 305.
Average step reward is 0.7923395037651062.
Some episodes done, average episode reward is -1387.8133027117217.

Episode 150: Avg Net Energy=236.665, Avg CO2=56234.639, Water Usage=35992005.531
Tasks in Queue=934413.000, Tasks Dropped=0.000
Evaluation average episode reward is -1259.7018538472278.

Episode 150: Avg Net Energy=231.845, Avg CO2=56192.067, Water Usage=25218982.460
Tasks in Queue=106302.000, Tasks Dropped=0.000
Env sustaindc Task ca-discrete Algo happo Exp happo_rtask_25M updates 155/3051 episodes, total num timesteps 1269760/25000000, FPS 305.
Average step reward is 0.7902442216873169.
Some episodes done, average episode reward is -1377.4520222054105.

Episode 155: Avg Net Energy=237.109, Avg CO2=59761.114, Water Usage=36018987.044
Tasks in Queue=902776.000, Tasks Dropped=0.000
Evaluation average episode reward is -1314.26281137556.

Episode 155: Avg Net Energy=232.376, Avg CO2=62170.766, Water Usage=25254076.803
Tasks in Queue=141658.000, Tasks Dropped=0.000
Env sustaindc Task ca-discrete Algo happo Exp happo_rtask_25M updates 160/3051 episodes, total num timesteps 1310720/25000000, FPS 305.
Average step reward is 0.7209256887435913.
Some episodes done, average episode reward is -1355.1427533922865.

Episode 160: Avg Net Energy=239.285, Avg CO2=64578.543, Water Usage=36259692.461
Tasks in Queue=1075287.000, Tasks Dropped=0.000
Evaluation average episode reward is -1183.7990277724248.

Episode 160: Avg Net Energy=231.364, Avg CO2=56486.211, Water Usage=25194577.565
Tasks in Queue=106354.000, Tasks Dropped=0.000
Env sustaindc Task ca-discrete Algo happo Exp happo_rtask_25M updates 165/3051 episodes, total num timesteps 1351680/25000000, FPS 305.
Average step reward is 0.7697221040725708.
Some episodes done, average episode reward is -1407.5046859401016.

Episode 165: Avg Net Energy=237.494, Avg CO2=61863.752, Water Usage=35982921.349
Tasks in Queue=1003537.000, Tasks Dropped=0.000
Evaluation average episode reward is -1203.2862761261968.

Episode 165: Avg Net Energy=231.056, Avg CO2=59428.226, Water Usage=25114791.148
Tasks in Queue=51839.000, Tasks Dropped=0.000
Env sustaindc Task ca-discrete Algo happo Exp happo_rtask_25M updates 170/3051 episodes, total num timesteps 1392640/25000000, FPS 305.
Average step reward is 0.7849052548408508.
Some episodes done, average episode reward is -1409.1520659881244.

Episode 170: Avg Net Energy=240.067, Avg CO2=58436.315, Water Usage=36229848.847
Tasks in Queue=889574.000, Tasks Dropped=0.000
Evaluation average episode reward is -1244.4791997098757.

Episode 170: Avg Net Energy=231.254, Avg CO2=59420.343, Water Usage=25165860.486
Tasks in Queue=43405.000, Tasks Dropped=0.000
Env sustaindc Task ca-discrete Algo happo Exp happo_rtask_25M updates 175/3051 episodes, total num timesteps 1433600/25000000, FPS 305.
Average step reward is 0.80954509973526.
Some episodes done, average episode reward is -1309.3885507761402.

Episode 175: Avg Net Energy=238.108, Avg CO2=56880.022, Water Usage=36084415.818
Tasks in Queue=841770.000, Tasks Dropped=0.000
Evaluation average episode reward is -1354.7382000157952.

Episode 175: Avg Net Energy=232.287, Avg CO2=56198.504, Water Usage=25287751.373
Tasks in Queue=94507.000, Tasks Dropped=0.000
Env sustaindc Task ca-discrete Algo happo Exp happo_rtask_25M updates 180/3051 episodes, total num timesteps 1474560/25000000, FPS 305.
Average step reward is 0.6859644651412964.
Some episodes done, average episode reward is -1370.3724737723678.

Episode 180: Avg Net Energy=241.049, Avg CO2=65980.167, Water Usage=36328993.935
Tasks in Queue=1183417.000, Tasks Dropped=0.000
Evaluation average episode reward is -1212.7971809258315.

Episode 180: Avg Net Energy=230.978, Avg CO2=55746.522, Water Usage=25049882.365
Tasks in Queue=95098.000, Tasks Dropped=0.000
Env sustaindc Task ca-discrete Algo happo Exp happo_rtask_25M updates 185/3051 episodes, total num timesteps 1515520/25000000, FPS 305.
Average step reward is 0.7146203517913818.
Some episodes done, average episode reward is -1354.5194917613694.

Episode 185: Avg Net Energy=239.400, Avg CO2=63456.080, Water Usage=36182451.656
Tasks in Queue=1093855.000, Tasks Dropped=0.000
Evaluation average episode reward is -1463.1986173900625.

Episode 185: Avg Net Energy=232.977, Avg CO2=59514.711, Water Usage=25321648.247
Tasks in Queue=69680.000, Tasks Dropped=0.000
Env sustaindc Task ca-discrete Algo happo Exp happo_rtask_25M updates 190/3051 episodes, total num timesteps 1556480/25000000, FPS 305.
Average step reward is 0.7756783962249756.
Some episodes done, average episode reward is -1402.4413327830932.

Episode 190: Avg Net Energy=237.897, Avg CO2=57860.745, Water Usage=36067427.251
Tasks in Queue=1025621.000, Tasks Dropped=0.000
Evaluation average episode reward is -1414.497853292418.

Episode 190: Avg Net Energy=233.911, Avg CO2=60395.053, Water Usage=25314248.262
Tasks in Queue=34356.000, Tasks Dropped=0.000
Env sustaindc Task ca-discrete Algo happo Exp happo_rtask_25M updates 195/3051 episodes, total num timesteps 1597440/25000000, FPS 305.
Average step reward is 0.7973459959030151.
Some episodes done, average episode reward is -1349.0488692109989.

Episode 195: Avg Net Energy=238.500, Avg CO2=51075.022, Water Usage=36179757.631
Tasks in Queue=938957.000, Tasks Dropped=0.000
Evaluation average episode reward is -1365.1729605178555.

Episode 195: Avg Net Energy=233.118, Avg CO2=59747.880, Water Usage=25384312.451
Tasks in Queue=40890.000, Tasks Dropped=0.000
Env sustaindc Task ca-discrete Algo happo Exp happo_rtask_25M updates 200/3051 episodes, total num timesteps 1638400/25000000, FPS 305.
Average step reward is 0.7425351738929749.
Some episodes done, average episode reward is -1393.3907981336188.

Episode 200: Avg Net Energy=239.659, Avg CO2=59827.630, Water Usage=36204734.864
Tasks in Queue=931123.000, Tasks Dropped=0.000
Evaluation average episode reward is -1354.846324178034.

Episode 200: Avg Net Energy=232.570, Avg CO2=59897.894, Water Usage=25291430.914
Tasks in Queue=105024.000, Tasks Dropped=0.000
Env sustaindc Task ca-discrete Algo happo Exp happo_rtask_25M updates 205/3051 episodes, total num timesteps 1679360/25000000, FPS 305.
Average step reward is 0.7626296877861023.
Some episodes done, average episode reward is -1326.8651921248004.

Episode 205: Avg Net Energy=237.053, Avg CO2=63470.768, Water Usage=36080166.589
Tasks in Queue=999568.000, Tasks Dropped=0.000
Evaluation average episode reward is -1226.771485581559.

Episode 205: Avg Net Energy=231.836, Avg CO2=58119.530, Water Usage=25118668.251
Tasks in Queue=119106.000, Tasks Dropped=0.000
Env sustaindc Task ca-discrete Algo happo Exp happo_rtask_25M updates 210/3051 episodes, total num timesteps 1720320/25000000, FPS 305.
Average step reward is 0.7709730863571167.
Some episodes done, average episode reward is -1376.3664123771548.

Episode 210: Avg Net Energy=235.965, Avg CO2=62846.650, Water Usage=35916645.240
Tasks in Queue=1027120.000, Tasks Dropped=0.000
Evaluation average episode reward is -1345.2350660686766.

Episode 210: Avg Net Energy=231.857, Avg CO2=57025.135, Water Usage=25221557.909
Tasks in Queue=172041.000, Tasks Dropped=0.000
Env sustaindc Task ca-discrete Algo happo Exp happo_rtask_25M updates 215/3051 episodes, total num timesteps 1761280/25000000, FPS 305.
Average step reward is 0.7705022692680359.
Some episodes done, average episode reward is -1390.5297391250333.

Episode 215: Avg Net Energy=239.299, Avg CO2=57304.847, Water Usage=36158386.720
Tasks in Queue=897301.000, Tasks Dropped=0.000
Evaluation average episode reward is -1558.7606019718514.

Episode 215: Avg Net Energy=234.125, Avg CO2=56825.685, Water Usage=25421601.340
Tasks in Queue=141646.000, Tasks Dropped=0.000
Env sustaindc Task ca-discrete Algo happo Exp happo_rtask_25M updates 220/3051 episodes, total num timesteps 1802240/25000000, FPS 305.
Average step reward is 0.7898870706558228.
Some episodes done, average episode reward is -1369.4096069431203.

Episode 220: Avg Net Energy=238.352, Avg CO2=59334.129, Water Usage=36073862.715
Tasks in Queue=770361.000, Tasks Dropped=0.000
Evaluation average episode reward is -1369.5479220428808.

Episode 220: Avg Net Energy=232.048, Avg CO2=59573.059, Water Usage=25232893.181
Tasks in Queue=128101.000, Tasks Dropped=0.000
Env sustaindc Task ca-discrete Algo happo Exp happo_rtask_25M updates 225/3051 episodes, total num timesteps 1843200/25000000, FPS 305.
Average step reward is 0.7818798422813416.
Some episodes done, average episode reward is -1382.418691061896.

Episode 225: Avg Net Energy=238.728, Avg CO2=66146.506, Water Usage=36181737.979
Tasks in Queue=828872.000, Tasks Dropped=0.000
Evaluation average episode reward is -1390.7435909890255.

Episode 225: Avg Net Energy=232.794, Avg CO2=61411.879, Water Usage=25341951.116
Tasks in Queue=125187.000, Tasks Dropped=0.000
Env sustaindc Task ca-discrete Algo happo Exp happo_rtask_25M updates 230/3051 episodes, total num timesteps 1884160/25000000, FPS 305.
Average step reward is 0.7718093395233154.
Some episodes done, average episode reward is -1299.2045623002964.

Episode 230: Avg Net Energy=239.348, Avg CO2=63978.720, Water Usage=36191288.762
Tasks in Queue=820357.000, Tasks Dropped=0.000
Evaluation average episode reward is -1304.8828606777868.

Episode 230: Avg Net Energy=231.811, Avg CO2=56886.057, Water Usage=25276944.713
Tasks in Queue=85528.000, Tasks Dropped=0.000
Env sustaindc Task ca-discrete Algo happo Exp happo_rtask_25M updates 235/3051 episodes, total num timesteps 1925120/25000000, FPS 305.
Average step reward is 0.8126951456069946.
Some episodes done, average episode reward is -1365.916903271795.

Episode 235: Avg Net Energy=238.499, Avg CO2=56104.437, Water Usage=36121242.928
Tasks in Queue=783710.000, Tasks Dropped=0.000
Evaluation average episode reward is -1353.9934555845336.

Episode 235: Avg Net Energy=232.506, Avg CO2=57741.133, Water Usage=25290928.709
Tasks in Queue=159139.000, Tasks Dropped=0.000
Env sustaindc Task ca-discrete Algo happo Exp happo_rtask_25M updates 240/3051 episodes, total num timesteps 1966080/25000000, FPS 305.
Average step reward is 0.7977108359336853.
Some episodes done, average episode reward is -1349.5738286994601.

Episode 240: Avg Net Energy=241.713, Avg CO2=54637.169, Water Usage=36436507.771
Tasks in Queue=702184.000, Tasks Dropped=0.000
Evaluation average episode reward is -1367.357646796883.

Episode 240: Avg Net Energy=233.803, Avg CO2=59903.462, Water Usage=25314291.538
Tasks in Queue=134412.000, Tasks Dropped=0.000
Env sustaindc Task ca-discrete Algo happo Exp happo_rtask_25M updates 245/3051 episodes, total num timesteps 2007040/25000000, FPS 305.
Average step reward is 0.8307806253433228.
Some episodes done, average episode reward is -1352.1732322274029.

Episode 245: Avg Net Energy=237.637, Avg CO2=61707.052, Water Usage=36047288.741
Tasks in Queue=717583.000, Tasks Dropped=0.000
Evaluation average episode reward is -1251.7649304996837.

Episode 245: Avg Net Energy=231.307, Avg CO2=56462.466, Water Usage=25215676.135
Tasks in Queue=160673.000, Tasks Dropped=0.000
Env sustaindc Task ca-discrete Algo happo Exp happo_rtask_25M updates 250/3051 episodes, total num timesteps 2048000/25000000, FPS 305.
Average step reward is 0.7612104415893555.
Some episodes done, average episode reward is -1342.650363945244.

Episode 250: Avg Net Energy=239.657, Avg CO2=64865.382, Water Usage=36173109.560
Tasks in Queue=868173.000, Tasks Dropped=0.000
Evaluation average episode reward is -1346.8747751260137.

Episode 250: Avg Net Energy=231.767, Avg CO2=59777.785, Water Usage=25221384.764
Tasks in Queue=100550.000, Tasks Dropped=0.000
Env sustaindc Task ca-discrete Algo happo Exp happo_rtask_25M updates 255/3051 episodes, total num timesteps 2088960/25000000, FPS 305.
Average step reward is 0.7772043943405151.
Some episodes done, average episode reward is -1339.8546694735421.

Episode 255: Avg Net Energy=239.414, Avg CO2=60932.055, Water Usage=36336706.414
Tasks in Queue=927524.000, Tasks Dropped=0.000
Evaluation average episode reward is -1305.5141348134969.

Episode 255: Avg Net Energy=231.387, Avg CO2=56558.318, Water Usage=25173629.686
Tasks in Queue=164847.000, Tasks Dropped=0.000
Env sustaindc Task ca-discrete Algo happo Exp happo_rtask_25M updates 260/3051 episodes, total num timesteps 2129920/25000000, FPS 305.
Average step reward is 0.7770256996154785.
Some episodes done, average episode reward is -1312.6840526061487.

Episode 260: Avg Net Energy=241.237, Avg CO2=56588.747, Water Usage=36328408.016
Tasks in Queue=832676.000, Tasks Dropped=0.000
Evaluation average episode reward is -1366.4700209308958.

Episode 260: Avg Net Energy=231.371, Avg CO2=59902.640, Water Usage=25197606.033
Tasks in Queue=185929.000, Tasks Dropped=0.000
Env sustaindc Task ca-discrete Algo happo Exp happo_rtask_25M updates 265/3051 episodes, total num timesteps 2170880/25000000, FPS 305.
Average step reward is 0.7752937078475952.
Some episodes done, average episode reward is -1372.934764347618.

Episode 265: Avg Net Energy=241.119, Avg CO2=56559.885, Water Usage=36346083.088
Tasks in Queue=747134.000, Tasks Dropped=0.000
Evaluation average episode reward is -1361.974446505186.

Episode 265: Avg Net Energy=231.686, Avg CO2=59548.464, Water Usage=25229796.512
Tasks in Queue=148826.000, Tasks Dropped=0.000
Env sustaindc Task ca-discrete Algo happo Exp happo_rtask_25M updates 270/3051 episodes, total num timesteps 2211840/25000000, FPS 305.
Average step reward is 0.7732874155044556.
Some episodes done, average episode reward is -1317.3903541034458.

Episode 270: Avg Net Energy=238.797, Avg CO2=63778.466, Water Usage=36141244.632
Tasks in Queue=839236.000, Tasks Dropped=0.000
Evaluation average episode reward is -1343.7947951197368.

Episode 270: Avg Net Energy=231.963, Avg CO2=56142.237, Water Usage=25107360.026
Tasks in Queue=279162.000, Tasks Dropped=0.000
Env sustaindc Task ca-discrete Algo happo Exp happo_rtask_25M updates 275/3051 episodes, total num timesteps 2252800/25000000, FPS 305.
Average step reward is 0.8218828439712524.
Some episodes done, average episode reward is -1314.3430015801018.

Episode 275: Avg Net Energy=236.887, Avg CO2=62504.610, Water Usage=36003556.220
Tasks in Queue=781532.000, Tasks Dropped=0.000
Evaluation average episode reward is -1318.2961134340796.

Episode 275: Avg Net Energy=232.615, Avg CO2=61137.718, Water Usage=25377077.377
Tasks in Queue=504750.000, Tasks Dropped=0.000
Env sustaindc Task ca-discrete Algo happo Exp happo_rtask_25M updates 280/3051 episodes, total num timesteps 2293760/25000000, FPS 305.
Average step reward is 0.7543256282806396.
Some episodes done, average episode reward is -1317.7184579905615.

Episode 280: Avg Net Energy=241.916, Avg CO2=64364.238, Water Usage=36338370.914
Tasks in Queue=865084.000, Tasks Dropped=0.000
Evaluation average episode reward is -1331.4684785919965.

Episode 280: Avg Net Energy=232.047, Avg CO2=62437.449, Water Usage=25451328.172
Tasks in Queue=546592.000, Tasks Dropped=0.000
Env sustaindc Task ca-discrete Algo happo Exp happo_rtask_25M updates 285/3051 episodes, total num timesteps 2334720/25000000, FPS 305.
Average step reward is 0.8107141852378845.
Some episodes done, average episode reward is -1324.3138240815038.

Episode 285: Avg Net Energy=241.893, Avg CO2=54313.662, Water Usage=36376439.368
Tasks in Queue=689865.000, Tasks Dropped=0.000
Evaluation average episode reward is -1274.6486455854658.

Episode 285: Avg Net Energy=232.633, Avg CO2=59236.775, Water Usage=25264503.259
Tasks in Queue=462701.000, Tasks Dropped=0.000
Env sustaindc Task ca-discrete Algo happo Exp happo_rtask_25M updates 290/3051 episodes, total num timesteps 2375680/25000000, FPS 305.
Average step reward is 0.8357422351837158.
Some episodes done, average episode reward is -1269.1175636202734.

Episode 290: Avg Net Energy=239.445, Avg CO2=62177.792, Water Usage=36200117.988
Tasks in Queue=583801.000, Tasks Dropped=0.000
Evaluation average episode reward is -1321.2771957657053.

Episode 290: Avg Net Energy=232.851, Avg CO2=57695.603, Water Usage=25305889.775
Tasks in Queue=224073.000, Tasks Dropped=0.000
Env sustaindc Task ca-discrete Algo happo Exp happo_rtask_25M updates 295/3051 episodes, total num timesteps 2416640/25000000, FPS 305.
Average step reward is 0.8119547963142395.
Some episodes done, average episode reward is -1304.499009953673.

Episode 295: Avg Net Energy=240.584, Avg CO2=65133.289, Water Usage=36269320.612
Tasks in Queue=492769.000, Tasks Dropped=0.000
Evaluation average episode reward is -1175.1433381945412.

Episode 295: Avg Net Energy=230.963, Avg CO2=57056.436, Water Usage=25165026.257
Tasks in Queue=84320.000, Tasks Dropped=0.000
Env sustaindc Task ca-discrete Algo happo Exp happo_rtask_25M updates 300/3051 episodes, total num timesteps 2457600/25000000, FPS 305.
Average step reward is 0.8653424382209778.
Some episodes done, average episode reward is -1308.8845099760356.

Episode 300: Avg Net Energy=238.007, Avg CO2=62034.152, Water Usage=36058929.577
Tasks in Queue=528742.000, Tasks Dropped=0.000
Evaluation average episode reward is -1457.089725168811.

Episode 300: Avg Net Energy=233.405, Avg CO2=61635.692, Water Usage=25287610.173
Tasks in Queue=513503.000, Tasks Dropped=0.000
Env sustaindc Task ca-discrete Algo happo Exp happo_rtask_25M updates 305/3051 episodes, total num timesteps 2498560/25000000, FPS 305.
Average step reward is 0.860308051109314.
Some episodes done, average episode reward is -1285.9541340922517.

Episode 305: Avg Net Energy=240.511, Avg CO2=56220.757, Water Usage=36253652.120
Tasks in Queue=505503.000, Tasks Dropped=0.000
Evaluation average episode reward is -1300.8677211378722.

Episode 305: Avg Net Energy=233.149, Avg CO2=56575.445, Water Usage=25209191.189
Tasks in Queue=426566.000, Tasks Dropped=0.000
Env sustaindc Task ca-discrete Algo happo Exp happo_rtask_25M updates 310/3051 episodes, total num timesteps 2539520/25000000, FPS 305.
Average step reward is 0.9208880662918091.
Some episodes done, average episode reward is -1222.5566158379672.

Episode 310: Avg Net Energy=235.969, Avg CO2=56423.399, Water Usage=35913624.975
Tasks in Queue=423468.000, Tasks Dropped=0.000
Evaluation average episode reward is -1261.9759774002675.

Episode 310: Avg Net Energy=232.273, Avg CO2=56415.427, Water Usage=25207687.468
Tasks in Queue=192972.000, Tasks Dropped=0.000
Env sustaindc Task ca-discrete Algo happo Exp happo_rtask_25M updates 315/3051 episodes, total num timesteps 2580480/25000000, FPS 306.
Average step reward is 0.854320764541626.
Some episodes done, average episode reward is -1300.5263163033578.

Episode 315: Avg Net Energy=235.643, Avg CO2=62774.225, Water Usage=35953121.783
Tasks in Queue=672195.000, Tasks Dropped=0.000
Evaluation average episode reward is -1261.5215999900297.

Episode 315: Avg Net Energy=232.142, Avg CO2=59317.435, Water Usage=25192397.160
Tasks in Queue=344818.000, Tasks Dropped=0.000
Env sustaindc Task ca-discrete Algo happo Exp happo_rtask_25M updates 320/3051 episodes, total num timesteps 2621440/25000000, FPS 305.
Average step reward is 0.8086031675338745.
Some episodes done, average episode reward is -1349.0345533692348.

Episode 320: Avg Net Energy=240.558, Avg CO2=64235.703, Water Usage=36068271.486
Tasks in Queue=616743.000, Tasks Dropped=0.000
Evaluation average episode reward is -1239.7036590019836.

Episode 320: Avg Net Energy=231.548, Avg CO2=56716.874, Water Usage=25148849.552
Tasks in Queue=261980.000, Tasks Dropped=0.000
Env sustaindc Task ca-discrete Algo happo Exp happo_rtask_25M updates 325/3051 episodes, total num timesteps 2662400/25000000, FPS 306.
Average step reward is 0.8498439788818359.
Some episodes done, average episode reward is -1309.1810634281576.

Episode 325: Avg Net Energy=239.230, Avg CO2=57254.121, Water Usage=36285374.694
Tasks in Queue=639459.000, Tasks Dropped=0.000
Evaluation average episode reward is -1430.170957600819.

Episode 325: Avg Net Energy=232.585, Avg CO2=58951.679, Water Usage=25236080.815
Tasks in Queue=209198.000, Tasks Dropped=0.000
Env sustaindc Task ca-discrete Algo happo Exp happo_rtask_25M updates 330/3051 episodes, total num timesteps 2703360/25000000, FPS 306.
Average step reward is 0.8514325618743896.
Some episodes done, average episode reward is -1275.0333117303708.

Episode 330: Avg Net Energy=239.714, Avg CO2=51777.273, Water Usage=36225834.780
Tasks in Queue=614485.000, Tasks Dropped=0.000
Evaluation average episode reward is -1462.8220632276277.

Episode 330: Avg Net Energy=233.368, Avg CO2=57765.795, Water Usage=25402835.960
Tasks in Queue=155006.000, Tasks Dropped=0.000
Env sustaindc Task ca-discrete Algo happo Exp happo_rtask_25M updates 335/3051 episodes, total num timesteps 2744320/25000000, FPS 306.
Average step reward is 0.832696795463562.
Some episodes done, average episode reward is -1270.2480399960878.

Episode 335: Avg Net Energy=237.019, Avg CO2=62809.341, Water Usage=35972589.283
Tasks in Queue=669893.000, Tasks Dropped=0.000
Evaluation average episode reward is -1514.3024268141783.

Episode 335: Avg Net Energy=233.511, Avg CO2=59542.682, Water Usage=25308100.805
Tasks in Queue=190462.000, Tasks Dropped=0.000
Env sustaindc Task ca-discrete Algo happo Exp happo_rtask_25M updates 340/3051 episodes, total num timesteps 2785280/25000000, FPS 306.
Average step reward is 0.8333925008773804.
Some episodes done, average episode reward is -1334.0868819672169.

Episode 340: Avg Net Energy=237.678, Avg CO2=64251.129, Water Usage=35947030.922
Tasks in Queue=603156.000, Tasks Dropped=0.000
Evaluation average episode reward is -1313.3551412689515.

Episode 340: Avg Net Energy=232.571, Avg CO2=56638.825, Water Usage=25299019.756
Tasks in Queue=94615.000, Tasks Dropped=0.000
Env sustaindc Task ca-discrete Algo happo Exp happo_rtask_25M updates 345/3051 episodes, total num timesteps 2826240/25000000, FPS 306.
Average step reward is 0.8605388402938843.
Some episodes done, average episode reward is -1321.8935932059496.

Episode 345: Avg Net Energy=237.795, Avg CO2=62821.318, Water Usage=36021692.032
Tasks in Queue=490689.000, Tasks Dropped=0.000
Evaluation average episode reward is -1334.5834013724927.

Episode 345: Avg Net Energy=233.517, Avg CO2=58191.081, Water Usage=25369828.438
Tasks in Queue=118573.000, Tasks Dropped=0.000
Env sustaindc Task ca-discrete Algo happo Exp happo_rtask_25M updates 350/3051 episodes, total num timesteps 2867200/25000000, FPS 306.
Average step reward is 0.8794026374816895.
Some episodes done, average episode reward is -1291.9623780060458.

Episode 350: Avg Net Energy=239.677, Avg CO2=52923.287, Water Usage=36087764.458
Tasks in Queue=440662.000, Tasks Dropped=0.000
Evaluation average episode reward is -1301.6678870703236.

Episode 350: Avg Net Energy=232.367, Avg CO2=59793.372, Water Usage=25363402.016
Tasks in Queue=106732.000, Tasks Dropped=0.000
Env sustaindc Task ca-discrete Algo happo Exp happo_rtask_25M updates 355/3051 episodes, total num timesteps 2908160/25000000, FPS 306.
Average step reward is 0.8777024745941162.
Some episodes done, average episode reward is -1237.6691006277485.

Episode 355: Avg Net Energy=239.076, Avg CO2=59538.340, Water Usage=36178174.868
Tasks in Queue=362556.000, Tasks Dropped=0.000
Evaluation average episode reward is -1225.7651562998064.

Episode 355: Avg Net Energy=231.548, Avg CO2=59795.740, Water Usage=25205938.810
Tasks in Queue=31498.000, Tasks Dropped=0.000
Env sustaindc Task ca-discrete Algo happo Exp happo_rtask_25M updates 360/3051 episodes, total num timesteps 2949120/25000000, FPS 306.
Average step reward is 0.8829718232154846.
Some episodes done, average episode reward is -1264.297462298492.

Episode 360: Avg Net Energy=236.751, Avg CO2=63893.608, Water Usage=36044394.693
Tasks in Queue=367380.000, Tasks Dropped=0.000
Evaluation average episode reward is -1308.176950075075.

Episode 360: Avg Net Energy=232.567, Avg CO2=56989.500, Water Usage=25319315.981
Tasks in Queue=44547.000, Tasks Dropped=0.000
Env sustaindc Task ca-discrete Algo happo Exp happo_rtask_25M updates 365/3051 episodes, total num timesteps 2990080/25000000, FPS 306.
Average step reward is 0.8720793724060059.
Some episodes done, average episode reward is -1314.4425665850194.

Episode 365: Avg Net Energy=240.109, Avg CO2=64233.777, Water Usage=36110139.813
Tasks in Queue=272458.000, Tasks Dropped=0.000
Evaluation average episode reward is -1399.6786534101227.

Episode 365: Avg Net Energy=233.351, Avg CO2=59133.960, Water Usage=25345669.139
Tasks in Queue=22875.000, Tasks Dropped=0.000
Env sustaindc Task ca-discrete Algo happo Exp happo_rtask_25M updates 370/3051 episodes, total num timesteps 3031040/25000000, FPS 306.
Average step reward is 0.8604297637939453.
Some episodes done, average episode reward is -1286.9835542660826.

Episode 370: Avg Net Energy=244.219, Avg CO2=61274.379, Water Usage=36543800.008
Tasks in Queue=236647.000, Tasks Dropped=0.000
Evaluation average episode reward is -1400.8403341881897.

Episode 370: Avg Net Energy=233.883, Avg CO2=56569.170, Water Usage=25358770.102
Tasks in Queue=126383.000, Tasks Dropped=0.000
Env sustaindc Task ca-discrete Algo happo Exp happo_rtask_25M updates 375/3051 episodes, total num timesteps 3072000/25000000, FPS 306.
Average step reward is 0.8888593912124634.
Some episodes done, average episode reward is -1215.0018212604748.

Episode 375: Avg Net Energy=241.168, Avg CO2=53858.838, Water Usage=36225208.023
Tasks in Queue=267730.000, Tasks Dropped=0.000
Evaluation average episode reward is -1367.8337350219292.

Episode 375: Avg Net Energy=233.875, Avg CO2=58913.151, Water Usage=25415291.939
Tasks in Queue=171403.000, Tasks Dropped=0.000
Env sustaindc Task ca-discrete Algo happo Exp happo_rtask_25M updates 380/3051 episodes, total num timesteps 3112960/25000000, FPS 306.
Average step reward is 0.8519392013549805.
Some episodes done, average episode reward is -1235.6385236496576.

Episode 380: Avg Net Energy=240.762, Avg CO2=60792.512, Water Usage=36277123.308
Tasks in Queue=405789.000, Tasks Dropped=0.000
Evaluation average episode reward is -1112.2112776374056.

Episode 380: Avg Net Energy=231.049, Avg CO2=57089.546, Water Usage=25300358.042
Tasks in Queue=226594.000, Tasks Dropped=0.000
We are saving model weights at episode 380 with average episode reward -1112.2112776374056

Env sustaindc Task ca-discrete Algo happo Exp happo_rtask_25M updates 385/3051 episodes, total num timesteps 3153920/25000000, FPS 307.
Average step reward is 0.8600019812583923.
Some episodes done, average episode reward is -1284.3033679010923.

Episode 385: Avg Net Energy=240.201, Avg CO2=65414.757, Water Usage=36348440.799
Tasks in Queue=346976.000, Tasks Dropped=0.000
Evaluation average episode reward is -1342.6800462394156.

Episode 385: Avg Net Energy=233.137, Avg CO2=56398.013, Water Usage=25382363.386
Tasks in Queue=211702.000, Tasks Dropped=0.000
Env sustaindc Task ca-discrete Algo happo Exp happo_rtask_25M updates 390/3051 episodes, total num timesteps 3194880/25000000, FPS 307.
Average step reward is 0.8525162935256958.
Some episodes done, average episode reward is -1241.18077660057.

Episode 390: Avg Net Energy=239.858, Avg CO2=63057.844, Water Usage=36235725.131
Tasks in Queue=403066.000, Tasks Dropped=0.000
Evaluation average episode reward is -1253.4695944490343.

Episode 390: Avg Net Energy=232.534, Avg CO2=58115.824, Water Usage=25258085.896
Tasks in Queue=127131.000, Tasks Dropped=0.000
Env sustaindc Task ca-discrete Algo happo Exp happo_rtask_25M updates 395/3051 episodes, total num timesteps 3235840/25000000, FPS 307.
Average step reward is 0.8605344891548157.
Some episodes done, average episode reward is -1240.8256415040464.

Episode 395: Avg Net Energy=244.320, Avg CO2=52567.839, Water Usage=36470506.910
Tasks in Queue=195837.000, Tasks Dropped=0.000
Evaluation average episode reward is -1265.1523537008525.

Episode 395: Avg Net Energy=232.365, Avg CO2=56192.001, Water Usage=25189904.613
Tasks in Queue=26749.000, Tasks Dropped=0.000
Env sustaindc Task ca-discrete Algo happo Exp happo_rtask_25M updates 400/3051 episodes, total num timesteps 3276800/25000000, FPS 307.
Average step reward is 0.8986766338348389.
Some episodes done, average episode reward is -1263.1822558392657.

Episode 400: Avg Net Energy=239.973, Avg CO2=56844.410, Water Usage=36263171.962
Tasks in Queue=180348.000, Tasks Dropped=0.000
Evaluation average episode reward is -1384.2618336512385.

Episode 400: Avg Net Energy=233.821, Avg CO2=56766.422, Water Usage=25319854.244
Tasks in Queue=9821.000, Tasks Dropped=0.000
Env sustaindc Task ca-discrete Algo happo Exp happo_rtask_25M updates 405/3051 episodes, total num timesteps 3317760/25000000, FPS 307.
Average step reward is 0.9111182689666748.
Some episodes done, average episode reward is -1204.0833416090577.

Episode 405: Avg Net Energy=237.772, Avg CO2=64652.340, Water Usage=35993041.312
Tasks in Queue=186471.000, Tasks Dropped=0.000
Evaluation average episode reward is -1291.6073206940944.

Episode 405: Avg Net Energy=232.486, Avg CO2=62250.724, Water Usage=25321010.012
Tasks in Queue=11070.000, Tasks Dropped=0.000
Env sustaindc Task ca-discrete Algo happo Exp happo_rtask_25M updates 410/3051 episodes, total num timesteps 3358720/25000000, FPS 307.
Average step reward is 0.8542608022689819.
Some episodes done, average episode reward is -1237.127174141367.

Episode 410: Avg Net Energy=240.734, Avg CO2=65118.885, Water Usage=36352331.227
Tasks in Queue=196819.000, Tasks Dropped=0.000
Evaluation average episode reward is -1211.6541241153147.

Episode 410: Avg Net Energy=231.735, Avg CO2=59104.950, Water Usage=25241571.267
Tasks in Queue=6471.000, Tasks Dropped=0.000
Env sustaindc Task ca-discrete Algo happo Exp happo_rtask_25M updates 415/3051 episodes, total num timesteps 3399680/25000000, FPS 307.
Average step reward is 0.8791891932487488.
Some episodes done, average episode reward is -1257.5950528473072.

Episode 415: Avg Net Energy=241.190, Avg CO2=58445.146, Water Usage=36288110.152
Tasks in Queue=169184.000, Tasks Dropped=0.000
Evaluation average episode reward is -1306.4424277126927.

Episode 415: Avg Net Energy=233.287, Avg CO2=57678.344, Water Usage=25220348.929
Tasks in Queue=12144.000, Tasks Dropped=0.000
Env sustaindc Task ca-discrete Algo happo Exp happo_rtask_25M updates 420/3051 episodes, total num timesteps 3440640/25000000, FPS 307.
Average step reward is 0.8732353448867798.
Some episodes done, average episode reward is -1246.7703363700998.

Episode 420: Avg Net Energy=242.963, Avg CO2=53947.173, Water Usage=36410902.018
Tasks in Queue=219943.000, Tasks Dropped=0.000
Evaluation average episode reward is -1343.2514198407396.

Episode 420: Avg Net Energy=233.192, Avg CO2=56435.551, Water Usage=25260207.948
Tasks in Queue=37275.000, Tasks Dropped=0.000
Env sustaindc Task ca-discrete Algo happo Exp happo_rtask_25M updates 425/3051 episodes, total num timesteps 3481600/25000000, FPS 307.
Average step reward is 0.890781044960022.
Some episodes done, average episode reward is -1241.7564934120328.

Episode 425: Avg Net Energy=238.866, Avg CO2=61061.325, Water Usage=36128060.008
Tasks in Queue=278002.000, Tasks Dropped=0.000
Evaluation average episode reward is -1188.8390950320143.

Episode 425: Avg Net Energy=231.311, Avg CO2=59964.258, Water Usage=25105927.108
Tasks in Queue=33936.000, Tasks Dropped=0.000
Env sustaindc Task ca-discrete Algo happo Exp happo_rtask_25M updates 430/3051 episodes, total num timesteps 3522560/25000000, FPS 307.
Average step reward is 0.8708369731903076.
Some episodes done, average episode reward is -1266.5509585339496.

Episode 430: Avg Net Energy=239.736, Avg CO2=65635.197, Water Usage=36270986.034
Tasks in Queue=208375.000, Tasks Dropped=0.000
Evaluation average episode reward is -1240.54139217843.

Episode 430: Avg Net Energy=232.171, Avg CO2=57139.398, Water Usage=25144100.263
Tasks in Queue=9023.000, Tasks Dropped=0.000
Env sustaindc Task ca-discrete Algo happo Exp happo_rtask_25M updates 435/3051 episodes, total num timesteps 3563520/25000000, FPS 307.
Average step reward is 0.896476149559021.
Some episodes done, average episode reward is -1224.7807939389822.

Episode 435: Avg Net Energy=238.858, Avg CO2=62811.637, Water Usage=36141153.289
Tasks in Queue=250141.000, Tasks Dropped=0.000
Evaluation average episode reward is -1296.624347611222.

Episode 435: Avg Net Energy=232.427, Avg CO2=56318.578, Water Usage=25134219.638
Tasks in Queue=14648.000, Tasks Dropped=0.000
Env sustaindc Task ca-discrete Algo happo Exp happo_rtask_25M updates 440/3051 episodes, total num timesteps 3604480/25000000, FPS 307.
Average step reward is 0.9038819074630737.
Some episodes done, average episode reward is -1271.4607845831372.

Episode 440: Avg Net Energy=240.348, Avg CO2=56035.947, Water Usage=36208269.438
Tasks in Queue=204735.000, Tasks Dropped=0.000
Evaluation average episode reward is -1308.965590640085.

Episode 440: Avg Net Energy=232.540, Avg CO2=57102.564, Water Usage=25299657.493
Tasks in Queue=16792.000, Tasks Dropped=0.000
Env sustaindc Task ca-discrete Algo happo Exp happo_rtask_25M updates 445/3051 episodes, total num timesteps 3645440/25000000, FPS 307.
Average step reward is 0.8843827247619629.
Some episodes done, average episode reward is -1224.2091089365972.

Episode 445: Avg Net Energy=240.743, Avg CO2=57316.857, Water Usage=36278749.381
Tasks in Queue=177973.000, Tasks Dropped=0.000
Evaluation average episode reward is -1372.1697361190893.

Episode 445: Avg Net Energy=233.289, Avg CO2=56654.263, Water Usage=25296033.241
Tasks in Queue=7064.000, Tasks Dropped=0.000
Env sustaindc Task ca-discrete Algo happo Exp happo_rtask_25M updates 450/3051 episodes, total num timesteps 3686400/25000000, FPS 307.
Average step reward is 0.8877862095832825.
Some episodes done, average episode reward is -1207.1316733780448.

Episode 450: Avg Net Energy=238.142, Avg CO2=65057.209, Water Usage=36150487.969
Tasks in Queue=200897.000, Tasks Dropped=0.000
Evaluation average episode reward is -1368.5539574597549.

Episode 450: Avg Net Energy=234.229, Avg CO2=58784.106, Water Usage=25296113.790
Tasks in Queue=12573.000, Tasks Dropped=0.000
Env sustaindc Task ca-discrete Algo happo Exp happo_rtask_25M updates 455/3051 episodes, total num timesteps 3727360/25000000, FPS 307.
Average step reward is 0.8757573366165161.
Some episodes done, average episode reward is -1223.0166696385072.

Episode 455: Avg Net Energy=239.005, Avg CO2=63551.671, Water Usage=36144282.991
Tasks in Queue=206114.000, Tasks Dropped=0.000
Evaluation average episode reward is -1344.6686201803652.

Episode 455: Avg Net Energy=233.718, Avg CO2=56762.349, Water Usage=25391930.433
Tasks in Queue=10393.000, Tasks Dropped=0.000
Env sustaindc Task ca-discrete Algo happo Exp happo_rtask_25M updates 460/3051 episodes, total num timesteps 3768320/25000000, FPS 308.
Average step reward is 0.8533100485801697.
Some episodes done, average episode reward is -1254.6484997112723.

Episode 460: Avg Net Energy=242.800, Avg CO2=60211.688, Water Usage=36431886.489
Tasks in Queue=162271.000, Tasks Dropped=0.000
Evaluation average episode reward is -1144.168529836715.

Episode 460: Avg Net Energy=231.646, Avg CO2=56185.577, Water Usage=25296586.028
Tasks in Queue=6970.000, Tasks Dropped=0.000
Env sustaindc Task ca-discrete Algo happo Exp happo_rtask_25M updates 465/3051 episodes, total num timesteps 3809280/25000000, FPS 308.
Average step reward is 0.8771751523017883.
Some episodes done, average episode reward is -1228.3850641254048.

Episode 465: Avg Net Energy=242.283, Avg CO2=54753.717, Water Usage=36338541.034
Tasks in Queue=169183.000, Tasks Dropped=0.000
Evaluation average episode reward is -1323.324199225136.

Episode 465: Avg Net Energy=233.975, Avg CO2=58250.787, Water Usage=25353092.922
Tasks in Queue=10469.000, Tasks Dropped=0.000
Env sustaindc Task ca-discrete Algo happo Exp happo_rtask_25M updates 470/3051 episodes, total num timesteps 3850240/25000000, FPS 307.
Average step reward is 0.9177893400192261.
Some episodes done, average episode reward is -1217.6271264758384.

Episode 470: Avg Net Energy=238.832, Avg CO2=59856.269, Water Usage=36124627.316
Tasks in Queue=181051.000, Tasks Dropped=0.000
Evaluation average episode reward is -1312.3112900396318.

Episode 470: Avg Net Energy=233.706, Avg CO2=58275.919, Water Usage=25323430.644
Tasks in Queue=12268.000, Tasks Dropped=0.000
Env sustaindc Task ca-discrete Algo happo Exp happo_rtask_25M updates 475/3051 episodes, total num timesteps 3891200/25000000, FPS 307.
Average step reward is 0.858370304107666.
Some episodes done, average episode reward is -1223.665855129392.

Episode 475: Avg Net Energy=240.077, Avg CO2=65626.657, Water Usage=36302979.560
Tasks in Queue=184230.000, Tasks Dropped=0.000
Evaluation average episode reward is -1323.0186025097942.

Episode 475: Avg Net Energy=233.429, Avg CO2=61725.910, Water Usage=25310342.457
Tasks in Queue=12772.000, Tasks Dropped=0.000
Env sustaindc Task ca-discrete Algo happo Exp happo_rtask_25M updates 480/3051 episodes, total num timesteps 3932160/25000000, FPS 307.
Average step reward is 0.8713869452476501.
Some episodes done, average episode reward is -1258.7673927081512.

Episode 480: Avg Net Energy=239.885, Avg CO2=64014.745, Water Usage=36267213.549
Tasks in Queue=236656.000, Tasks Dropped=0.000
Evaluation average episode reward is -1228.5566739657675.

Episode 480: Avg Net Energy=233.614, Avg CO2=59568.077, Water Usage=25190970.111
Tasks in Queue=12235.000, Tasks Dropped=0.000
Env sustaindc Task ca-discrete Algo happo Exp happo_rtask_25M updates 485/3051 episodes, total num timesteps 3973120/25000000, FPS 307.
Average step reward is 0.9343498349189758.
Some episodes done, average episode reward is -1270.5613951634432.

Episode 485: Avg Net Energy=239.469, Avg CO2=56545.720, Water Usage=36109175.385
Tasks in Queue=153794.000, Tasks Dropped=0.000
Evaluation average episode reward is -1138.2153270061272.

Episode 485: Avg Net Energy=231.604, Avg CO2=60434.151, Water Usage=25310699.083
Tasks in Queue=3803.000, Tasks Dropped=0.000
Env sustaindc Task ca-discrete Algo happo Exp happo_rtask_25M updates 490/3051 episodes, total num timesteps 4014080/25000000, FPS 308.
Average step reward is 0.8855799436569214.
Some episodes done, average episode reward is -1229.3456885985715.

Episode 490: Avg Net Energy=242.595, Avg CO2=58705.177, Water Usage=36320960.337
Tasks in Queue=126917.000, Tasks Dropped=0.000
Evaluation average episode reward is -1345.4264320861555.

Episode 490: Avg Net Energy=234.223, Avg CO2=58792.254, Water Usage=25312426.843
Tasks in Queue=5766.000, Tasks Dropped=0.000
Env sustaindc Task ca-discrete Algo happo Exp happo_rtask_25M updates 495/3051 episodes, total num timesteps 4055040/25000000, FPS 308.
Average step reward is 0.91839599609375.
Some episodes done, average episode reward is -1213.485653316277.

Episode 495: Avg Net Energy=238.134, Avg CO2=64282.557, Water Usage=36045351.644
Tasks in Queue=151058.000, Tasks Dropped=0.000
Evaluation average episode reward is -1129.3334048903723.

Episode 495: Avg Net Energy=231.077, Avg CO2=60159.398, Water Usage=25214807.265
Tasks in Queue=8154.000, Tasks Dropped=0.000
Env sustaindc Task ca-discrete Algo happo Exp happo_rtask_25M updates 500/3051 episodes, total num timesteps 4096000/25000000, FPS 308.
Average step reward is 0.9275173544883728.
Some episodes done, average episode reward is -1229.6186090442752.

Episode 500: Avg Net Energy=237.465, Avg CO2=62648.366, Water Usage=36053644.980
Tasks in Queue=160027.000, Tasks Dropped=0.000
Evaluation average episode reward is -1243.1883624155796.

Episode 500: Avg Net Energy=232.836, Avg CO2=59041.726, Water Usage=25240630.455
Tasks in Queue=8918.000, Tasks Dropped=0.000
Env sustaindc Task ca-discrete Algo happo Exp happo_rtask_25M updates 505/3051 episodes, total num timesteps 4136960/25000000, FPS 308.
Average step reward is 0.8898270130157471.
Some episodes done, average episode reward is -1206.4408584174344.

Episode 505: Avg Net Energy=241.685, Avg CO2=59442.749, Water Usage=36315590.293
Tasks in Queue=145179.000, Tasks Dropped=0.000
Evaluation average episode reward is -1317.5445336698235.

Episode 505: Avg Net Energy=233.267, Avg CO2=58087.897, Water Usage=25271302.053
Tasks in Queue=5676.000, Tasks Dropped=0.000
Env sustaindc Task ca-discrete Algo happo Exp happo_rtask_25M updates 510/3051 episodes, total num timesteps 4177920/25000000, FPS 308.
Average step reward is 0.9096324443817139.
Some episodes done, average episode reward is -1241.496233199492.

Episode 510: Avg Net Energy=239.846, Avg CO2=55011.735, Water Usage=36188025.331
Tasks in Queue=164214.000, Tasks Dropped=0.000
Evaluation average episode reward is -1228.3922104856117.

Episode 510: Avg Net Energy=232.042, Avg CO2=57073.375, Water Usage=25202950.513
Tasks in Queue=6082.000, Tasks Dropped=0.000
Env sustaindc Task ca-discrete Algo happo Exp happo_rtask_25M updates 515/3051 episodes, total num timesteps 4218880/25000000, FPS 308.
Average step reward is 0.8957139253616333.
Some episodes done, average episode reward is -1203.6513376004195.

Episode 515: Avg Net Energy=238.502, Avg CO2=61549.478, Water Usage=36128517.172
Tasks in Queue=246480.000, Tasks Dropped=0.000
Evaluation average episode reward is -1324.2908727404088.

Episode 515: Avg Net Energy=232.420, Avg CO2=62447.793, Water Usage=25252013.628
Tasks in Queue=11507.000, Tasks Dropped=0.000
Env sustaindc Task ca-discrete Algo happo Exp happo_rtask_25M updates 520/3051 episodes, total num timesteps 4259840/25000000, FPS 308.
Average step reward is 0.8620713949203491.
Some episodes done, average episode reward is -1297.5687339293795.

Episode 520: Avg Net Energy=240.228, Avg CO2=65217.382, Water Usage=36303592.830
Tasks in Queue=212383.000, Tasks Dropped=0.000
Evaluation average episode reward is -1302.1142028944143.

Episode 520: Avg Net Energy=232.651, Avg CO2=61978.652, Water Usage=25288195.377
Tasks in Queue=7951.000, Tasks Dropped=0.000
Env sustaindc Task ca-discrete Algo happo Exp happo_rtask_25M updates 525/3051 episodes, total num timesteps 4300800/25000000, FPS 308.
Average step reward is 0.9450613260269165.
Some episodes done, average episode reward is -1267.9675289843744.

Episode 525: Avg Net Energy=237.535, Avg CO2=60377.094, Water Usage=36003757.106
Tasks in Queue=209104.000, Tasks Dropped=0.000
Evaluation average episode reward is -1249.8226015821144.

Episode 525: Avg Net Energy=232.674, Avg CO2=58977.624, Water Usage=25280872.897
Tasks in Queue=11219.000, Tasks Dropped=0.000
Env sustaindc Task ca-discrete Algo happo Exp happo_rtask_25M updates 530/3051 episodes, total num timesteps 4341760/25000000, FPS 308.
Average step reward is 0.930773138999939.
Some episodes done, average episode reward is -1243.4277050004955.

Episode 530: Avg Net Energy=239.245, Avg CO2=58034.434, Water Usage=36175386.403
Tasks in Queue=168955.000, Tasks Dropped=0.000
Evaluation average episode reward is -1229.530268693905.

Episode 530: Avg Net Energy=232.480, Avg CO2=57150.079, Water Usage=25214645.732
Tasks in Queue=6599.000, Tasks Dropped=0.000
Env sustaindc Task ca-discrete Algo happo Exp happo_rtask_25M updates 535/3051 episodes, total num timesteps 4382720/25000000, FPS 308.
Average step reward is 0.9190040826797485.
Some episodes done, average episode reward is -1204.948302616913.

Episode 535: Avg Net Energy=240.586, Avg CO2=56102.728, Water Usage=36172286.593
Tasks in Queue=227854.000, Tasks Dropped=0.000
Evaluation average episode reward is -1209.6605135802386.

Episode 535: Avg Net Energy=231.826, Avg CO2=56986.305, Water Usage=25211026.334
Tasks in Queue=13446.000, Tasks Dropped=0.000
Env sustaindc Task ca-discrete Algo happo Exp happo_rtask_25M updates 540/3051 episodes, total num timesteps 4423680/25000000, FPS 308.
Average step reward is 0.8661705255508423.
Some episodes done, average episode reward is -1262.5147163962217.

Episode 540: Avg Net Energy=241.651, Avg CO2=67106.376, Water Usage=36349528.448
Tasks in Queue=202580.000, Tasks Dropped=0.000
Evaluation average episode reward is -1178.4529025489283.

Episode 540: Avg Net Energy=231.262, Avg CO2=56316.668, Water Usage=25096896.829
Tasks in Queue=4892.000, Tasks Dropped=0.000
Env sustaindc Task ca-discrete Algo happo Exp happo_rtask_25M updates 545/3051 episodes, total num timesteps 4464640/25000000, FPS 308.
Average step reward is 0.8835070133209229.
Some episodes done, average episode reward is -1236.388886456572.

Episode 545: Avg Net Energy=241.472, Avg CO2=65117.841, Water Usage=36406484.299
Tasks in Queue=166699.000, Tasks Dropped=0.000
Evaluation average episode reward is -1304.8984034558316.

Episode 545: Avg Net Energy=232.527, Avg CO2=57028.732, Water Usage=25186853.974
Tasks in Queue=4387.000, Tasks Dropped=0.000
Env sustaindc Task ca-discrete Algo happo Exp happo_rtask_25M updates 550/3051 episodes, total num timesteps 4505600/25000000, FPS 308.
Average step reward is 0.9072197675704956.
Some episodes done, average episode reward is -1189.3247063609083.

Episode 550: Avg Net Energy=240.550, Avg CO2=60065.340, Water Usage=36304037.380
Tasks in Queue=174646.000, Tasks Dropped=0.000
Evaluation average episode reward is -1289.2627404413254.

Episode 550: Avg Net Energy=232.129, Avg CO2=56214.621, Water Usage=25233905.913
Tasks in Queue=3546.000, Tasks Dropped=0.000
Env sustaindc Task ca-discrete Algo happo Exp happo_rtask_25M updates 555/3051 episodes, total num timesteps 4546560/25000000, FPS 308.
Average step reward is 0.8966387510299683.
Some episodes done, average episode reward is -1192.8467069080605.

Episode 555: Avg Net Energy=241.821, Avg CO2=52766.397, Water Usage=36431708.105
Tasks in Queue=114713.000, Tasks Dropped=0.000
Evaluation average episode reward is -1330.6361917352344.

Episode 555: Avg Net Energy=233.497, Avg CO2=59391.079, Water Usage=25450750.586
Tasks in Queue=4021.000, Tasks Dropped=0.000
Env sustaindc Task ca-discrete Algo happo Exp happo_rtask_25M updates 560/3051 episodes, total num timesteps 4587520/25000000, FPS 308.
Average step reward is 0.9114905595779419.
Some episodes done, average episode reward is -1275.037008868012.

Episode 560: Avg Net Energy=238.500, Avg CO2=58467.794, Water Usage=36186403.748
Tasks in Queue=113226.000, Tasks Dropped=0.000
Evaluation average episode reward is -1315.2051222969478.

Episode 560: Avg Net Energy=232.782, Avg CO2=59617.067, Water Usage=25222720.056
Tasks in Queue=5047.000, Tasks Dropped=0.000
Env sustaindc Task ca-discrete Algo happo Exp happo_rtask_25M updates 565/3051 episodes, total num timesteps 4628480/25000000, FPS 308.
Average step reward is 0.9366352558135986.
Some episodes done, average episode reward is -1167.9219640549243.

Episode 565: Avg Net Energy=236.026, Avg CO2=63278.231, Water Usage=36020116.319
Tasks in Queue=109587.000, Tasks Dropped=0.000
Evaluation average episode reward is -1377.1472780796967.

Episode 565: Avg Net Energy=233.843, Avg CO2=56862.306, Water Usage=25326211.061
Tasks in Queue=2383.000, Tasks Dropped=0.000
Env sustaindc Task ca-discrete Algo happo Exp happo_rtask_25M updates 570/3051 episodes, total num timesteps 4669440/25000000, FPS 308.
Average step reward is 0.8598935604095459.
Some episodes done, average episode reward is -1247.0589145777012.

Episode 570: Avg Net Energy=241.237, Avg CO2=63390.197, Water Usage=36316174.005
Tasks in Queue=112337.000, Tasks Dropped=0.000
Evaluation average episode reward is -1208.4311040851642.

Episode 570: Avg Net Energy=232.436, Avg CO2=57285.768, Water Usage=25264726.880
Tasks in Queue=5125.000, Tasks Dropped=0.000
Env sustaindc Task ca-discrete Algo happo Exp happo_rtask_25M updates 575/3051 episodes, total num timesteps 4710400/25000000, FPS 308.
Average step reward is 0.9149969816207886.
Some episodes done, average episode reward is -1277.3842272540737.

Episode 575: Avg Net Energy=240.396, Avg CO2=56383.048, Water Usage=36210235.673
Tasks in Queue=113027.000, Tasks Dropped=0.000
Evaluation average episode reward is -1319.1787173391779.

Episode 575: Avg Net Energy=233.117, Avg CO2=59208.058, Water Usage=25384270.818
Tasks in Queue=6188.000, Tasks Dropped=0.000
Env sustaindc Task ca-discrete Algo happo Exp happo_rtask_25M updates 580/3051 episodes, total num timesteps 4751360/25000000, FPS 308.
Average step reward is 0.9286613464355469.
Some episodes done, average episode reward is -1244.2271835085685.

Episode 580: Avg Net Energy=238.899, Avg CO2=57310.722, Water Usage=36059620.580
Tasks in Queue=136779.000, Tasks Dropped=0.000
Evaluation average episode reward is -1257.6256981742918.

Episode 580: Avg Net Energy=232.524, Avg CO2=56696.620, Water Usage=25297169.787
Tasks in Queue=4212.000, Tasks Dropped=0.000
Env sustaindc Task ca-discrete Algo happo Exp happo_rtask_25M updates 585/3051 episodes, total num timesteps 4792320/25000000, FPS 308.
Average step reward is 0.8957259058952332.
Some episodes done, average episode reward is -1217.6529652856348.

Episode 585: Avg Net Energy=239.754, Avg CO2=66130.311, Water Usage=36215564.498
Tasks in Queue=97237.000, Tasks Dropped=0.000
Evaluation average episode reward is -1251.1311353019805.

Episode 585: Avg Net Energy=232.559, Avg CO2=58389.063, Water Usage=25307375.563
Tasks in Queue=2118.000, Tasks Dropped=0.000
Env sustaindc Task ca-discrete Algo happo Exp happo_rtask_25M updates 590/3051 episodes, total num timesteps 4833280/25000000, FPS 308.
Average step reward is 0.8838807344436646.
Some episodes done, average episode reward is -1243.9216042461067.

Episode 590: Avg Net Energy=239.937, Avg CO2=63985.233, Water Usage=36170482.819
Tasks in Queue=147650.000, Tasks Dropped=0.000
Evaluation average episode reward is -1232.515087311595.

Episode 590: Avg Net Energy=232.276, Avg CO2=56725.798, Water Usage=25266631.720
Tasks in Queue=2075.000, Tasks Dropped=0.000
Env sustaindc Task ca-discrete Algo happo Exp happo_rtask_25M updates 595/3051 episodes, total num timesteps 4874240/25000000, FPS 308.
Average step reward is 0.9076131582260132.
Some episodes done, average episode reward is -1198.0403293948552.

Episode 595: Avg Net Energy=239.023, Avg CO2=61025.780, Water Usage=36308277.342
Tasks in Queue=154983.000, Tasks Dropped=0.000
Evaluation average episode reward is -1189.072931027447.

Episode 595: Avg Net Energy=231.072, Avg CO2=62980.074, Water Usage=25194642.436
Tasks in Queue=1384.000, Tasks Dropped=0.000
Env sustaindc Task ca-discrete Algo happo Exp happo_rtask_25M updates 600/3051 episodes, total num timesteps 4915200/25000000, FPS 308.
Average step reward is 0.935004472732544.
Some episodes done, average episode reward is -1226.923519371189.

Episode 600: Avg Net Energy=237.831, Avg CO2=52211.250, Water Usage=36051591.095
Tasks in Queue=119325.000, Tasks Dropped=0.000
Evaluation average episode reward is -1277.7292118955831.

Episode 600: Avg Net Energy=232.665, Avg CO2=59009.317, Water Usage=25232084.906
Tasks in Queue=2889.000, Tasks Dropped=0.000
Env sustaindc Task ca-discrete Algo happo Exp happo_rtask_25M updates 605/3051 episodes, total num timesteps 4956160/25000000, FPS 308.
Average step reward is 0.8659485578536987.
Some episodes done, average episode reward is -1289.872347645764.

Episode 605: Avg Net Energy=240.758, Avg CO2=61539.965, Water Usage=36300106.877
Tasks in Queue=129718.000, Tasks Dropped=0.000
Evaluation average episode reward is -1296.6596499202535.

Episode 605: Avg Net Energy=232.684, Avg CO2=61684.675, Water Usage=25257934.945
Tasks in Queue=1104.000, Tasks Dropped=0.000
Env sustaindc Task ca-discrete Algo happo Exp happo_rtask_25M updates 610/3051 episodes, total num timesteps 4997120/25000000, FPS 308.
Average step reward is 0.8431757092475891.
Some episodes done, average episode reward is -1250.197421863108.

Episode 610: Avg Net Energy=242.639, Avg CO2=65744.117, Water Usage=36625375.584
Tasks in Queue=125800.000, Tasks Dropped=0.000
Evaluation average episode reward is -1282.9614633703088.

Episode 610: Avg Net Energy=232.463, Avg CO2=58435.405, Water Usage=25350092.323
Tasks in Queue=2279.000, Tasks Dropped=0.000
Env sustaindc Task ca-discrete Algo happo Exp happo_rtask_25M updates 615/3051 episodes, total num timesteps 5038080/25000000, FPS 308.
Average step reward is 0.8881655335426331.
Some episodes done, average episode reward is -1162.3685659978423.

Episode 615: Avg Net Energy=239.633, Avg CO2=62381.070, Water Usage=36286349.996
Tasks in Queue=137866.000, Tasks Dropped=0.000
Evaluation average episode reward is -1267.4571755507263.

Episode 615: Avg Net Energy=232.607, Avg CO2=61613.458, Water Usage=25236492.123
Tasks in Queue=3117.000, Tasks Dropped=0.000
Env sustaindc Task ca-discrete Algo happo Exp happo_rtask_25M updates 620/3051 episodes, total num timesteps 5079040/25000000, FPS 308.
Average step reward is 0.811148464679718.
Some episodes done, average episode reward is -1241.7534202347533.

Episode 620: Avg Net Energy=245.684, Avg CO2=65988.420, Water Usage=36814159.335
Tasks in Queue=109627.000, Tasks Dropped=0.000
Evaluation average episode reward is -1197.6964467847538.

Episode 620: Avg Net Energy=231.511, Avg CO2=56246.211, Water Usage=25146096.190
Tasks in Queue=3037.000, Tasks Dropped=0.000
Env sustaindc Task ca-discrete Algo happo Exp happo_rtask_25M updates 625/3051 episodes, total num timesteps 5120000/25000000, FPS 308.
Average step reward is 0.9326647520065308.
Some episodes done, average episode reward is -1222.914020577701.

Episode 625: Avg Net Energy=237.483, Avg CO2=58236.899, Water Usage=36003643.845
Tasks in Queue=92850.000, Tasks Dropped=0.000
Evaluation average episode reward is -1312.3825215000777.

Episode 625: Avg Net Energy=232.618, Avg CO2=60165.493, Water Usage=25410592.891
Tasks in Queue=3833.000, Tasks Dropped=0.000
Env sustaindc Task ca-discrete Algo happo Exp happo_rtask_25M updates 630/3051 episodes, total num timesteps 5160960/25000000, FPS 308.
Average step reward is 0.909229040145874.
Some episodes done, average episode reward is -1225.6131951590432.

Episode 630: Avg Net Energy=238.039, Avg CO2=65814.570, Water Usage=36085056.341
Tasks in Queue=126281.000, Tasks Dropped=0.000
Evaluation average episode reward is -1395.3344189668408.

Episode 630: Avg Net Energy=233.801, Avg CO2=56761.217, Water Usage=25265349.909
Tasks in Queue=6080.000, Tasks Dropped=0.000
Env sustaindc Task ca-discrete Algo happo Exp happo_rtask_25M updates 635/3051 episodes, total num timesteps 5201920/25000000, FPS 309.
Average step reward is 0.9079232811927795.
Some episodes done, average episode reward is -1233.8208689140133.

Episode 635: Avg Net Energy=237.903, Avg CO2=63352.076, Water Usage=36116623.051
Tasks in Queue=123628.000, Tasks Dropped=0.000
Evaluation average episode reward is -1260.1078890597776.

Episode 635: Avg Net Energy=233.131, Avg CO2=59332.307, Water Usage=25396945.959
Tasks in Queue=7118.000, Tasks Dropped=0.000
Env sustaindc Task ca-discrete Algo happo Exp happo_rtask_25M updates 640/3051 episodes, total num timesteps 5242880/25000000, FPS 309.
Average step reward is 0.9054886698722839.
Some episodes done, average episode reward is -1227.1458741426095.

Episode 640: Avg Net Energy=240.219, Avg CO2=54416.583, Water Usage=36310995.396
Tasks in Queue=170704.000, Tasks Dropped=0.000
Evaluation average episode reward is -1242.9572604232837.

Episode 640: Avg Net Energy=232.542, Avg CO2=58558.460, Water Usage=25274205.725
Tasks in Queue=10663.000, Tasks Dropped=0.000
Env sustaindc Task ca-discrete Algo happo Exp happo_rtask_25M updates 645/3051 episodes, total num timesteps 5283840/25000000, FPS 309.
Average step reward is 0.9087369441986084.
Some episodes done, average episode reward is -1253.5215135982098.

Episode 645: Avg Net Energy=239.669, Avg CO2=54458.123, Water Usage=36140453.333
Tasks in Queue=158202.000, Tasks Dropped=0.000
Evaluation average episode reward is -1238.856054564522.

Episode 645: Avg Net Energy=232.354, Avg CO2=62101.790, Water Usage=25223110.921
Tasks in Queue=7103.000, Tasks Dropped=0.000
Env sustaindc Task ca-discrete Algo happo Exp happo_rtask_25M updates 650/3051 episodes, total num timesteps 5324800/25000000, FPS 309.
Average step reward is 0.8950623273849487.
Some episodes done, average episode reward is -1247.4924267344777.

Episode 650: Avg Net Energy=238.864, Avg CO2=62420.545, Water Usage=36069673.642
Tasks in Queue=178863.000, Tasks Dropped=0.000
Evaluation average episode reward is -1232.5288604432087.

Episode 650: Avg Net Energy=231.822, Avg CO2=59645.787, Water Usage=25230552.695
Tasks in Queue=10344.000, Tasks Dropped=0.000
Env sustaindc Task ca-discrete Algo happo Exp happo_rtask_25M updates 655/3051 episodes, total num timesteps 5365760/25000000, FPS 309.
Average step reward is 0.9077311754226685.
Some episodes done, average episode reward is -1233.0130661195885.

Episode 655: Avg Net Energy=237.653, Avg CO2=64104.911, Water Usage=36077235.943
Tasks in Queue=157155.000, Tasks Dropped=0.000
Evaluation average episode reward is -1345.953080364613.

Episode 655: Avg Net Energy=233.074, Avg CO2=56801.800, Water Usage=25291547.667
Tasks in Queue=2436.000, Tasks Dropped=0.000
Env sustaindc Task ca-discrete Algo happo Exp happo_rtask_25M updates 660/3051 episodes, total num timesteps 5406720/25000000, FPS 309.
Average step reward is 0.8772073984146118.
Some episodes done, average episode reward is -1220.7841722835878.

Episode 660: Avg Net Energy=241.122, Avg CO2=61771.517, Water Usage=36281528.787
Tasks in Queue=102439.000, Tasks Dropped=0.000
Evaluation average episode reward is -1383.755750633679.

Episode 660: Avg Net Energy=234.110, Avg CO2=58950.761, Water Usage=25270747.147
Tasks in Queue=2204.000, Tasks Dropped=0.000
Env sustaindc Task ca-discrete Algo happo Exp happo_rtask_25M updates 665/3051 episodes, total num timesteps 5447680/25000000, FPS 309.
Average step reward is 0.8919312953948975.
Some episodes done, average episode reward is -1253.4418255741932.

Episode 665: Avg Net Energy=241.856, Avg CO2=58369.254, Water Usage=36300891.701
Tasks in Queue=140721.000, Tasks Dropped=0.000
Evaluation average episode reward is -1189.3042462722435.

Episode 665: Avg Net Energy=232.725, Avg CO2=58880.925, Water Usage=25262376.586
Tasks in Queue=8601.000, Tasks Dropped=0.000
Env sustaindc Task ca-discrete Algo happo Exp happo_rtask_25M updates 670/3051 episodes, total num timesteps 5488640/25000000, FPS 309.
Average step reward is 0.9240688681602478.
Some episodes done, average episode reward is -1239.9360550221484.

Episode 670: Avg Net Energy=239.621, Avg CO2=56109.713, Water Usage=36131728.347
Tasks in Queue=139906.000, Tasks Dropped=0.000
Evaluation average episode reward is -1246.3404155614257.

Episode 670: Avg Net Energy=232.870, Avg CO2=56313.007, Water Usage=25274901.511
Tasks in Queue=10526.000, Tasks Dropped=0.000
Env sustaindc Task ca-discrete Algo happo Exp happo_rtask_25M updates 675/3051 episodes, total num timesteps 5529600/25000000, FPS 309.
Average step reward is 0.8979081511497498.
Some episodes done, average episode reward is -1221.8511527274359.

Episode 675: Avg Net Energy=239.070, Avg CO2=66082.264, Water Usage=36181868.160
Tasks in Queue=157263.000, Tasks Dropped=0.000
Evaluation average episode reward is -1209.012291574353.

Episode 675: Avg Net Energy=232.465, Avg CO2=57230.839, Water Usage=25101738.863
Tasks in Queue=11814.000, Tasks Dropped=0.000
Env sustaindc Task ca-discrete Algo happo Exp happo_rtask_25M updates 680/3051 episodes, total num timesteps 5570560/25000000, FPS 309.
Average step reward is 0.9224267601966858.
Some episodes done, average episode reward is -1240.9657350356379.

Episode 680: Avg Net Energy=237.518, Avg CO2=63329.270, Water Usage=36084646.220
Tasks in Queue=127197.000, Tasks Dropped=0.000
Evaluation average episode reward is -1231.9178314293572.

Episode 680: Avg Net Energy=232.591, Avg CO2=58065.869, Water Usage=25265998.545
Tasks in Queue=10020.000, Tasks Dropped=0.000
Env sustaindc Task ca-discrete Algo happo Exp happo_rtask_25M updates 685/3051 episodes, total num timesteps 5611520/25000000, FPS 309.
Average step reward is 0.8971068859100342.
Some episodes done, average episode reward is -1199.1255630020864.

Episode 685: Avg Net Energy=239.127, Avg CO2=62498.966, Water Usage=36147787.059
Tasks in Queue=172835.000, Tasks Dropped=0.000
Evaluation average episode reward is -1325.206034239993.

Episode 685: Avg Net Energy=233.389, Avg CO2=61392.394, Water Usage=25306960.541
Tasks in Queue=10597.000, Tasks Dropped=0.000
Env sustaindc Task ca-discrete Algo happo Exp happo_rtask_25M updates 690/3051 episodes, total num timesteps 5652480/25000000, FPS 309.
Average step reward is 0.8849178552627563.
Some episodes done, average episode reward is -1236.2926276712735.

Episode 690: Avg Net Energy=241.885, Avg CO2=52713.069, Water Usage=36380046.513
Tasks in Queue=133615.000, Tasks Dropped=0.000
Evaluation average episode reward is -1196.8202016304415.

Episode 690: Avg Net Energy=231.696, Avg CO2=56726.794, Water Usage=25171560.366
Tasks in Queue=7050.000, Tasks Dropped=0.000
Env sustaindc Task ca-discrete Algo happo Exp happo_rtask_25M updates 695/3051 episodes, total num timesteps 5693440/25000000, FPS 309.
Average step reward is 0.9038344621658325.
Some episodes done, average episode reward is -1275.6548525261899.

Episode 695: Avg Net Energy=239.362, Avg CO2=60395.848, Water Usage=36146301.782
Tasks in Queue=112184.000, Tasks Dropped=0.000
Evaluation average episode reward is -1373.5139901178443.

Episode 695: Avg Net Energy=233.561, Avg CO2=59246.338, Water Usage=25234907.128
Tasks in Queue=4561.000, Tasks Dropped=0.000
Env sustaindc Task ca-discrete Algo happo Exp happo_rtask_25M updates 700/3051 episodes, total num timesteps 5734400/25000000, FPS 309.
Average step reward is 0.8737450838088989.
Some episodes done, average episode reward is -1219.851128384635.

Episode 700: Avg Net Energy=240.427, Avg CO2=65249.297, Water Usage=36318945.011
Tasks in Queue=122054.000, Tasks Dropped=0.000
Evaluation average episode reward is -1315.1992457514862.

Episode 700: Avg Net Energy=232.973, Avg CO2=59754.054, Water Usage=25315899.574
Tasks in Queue=5723.000, Tasks Dropped=0.000
Env sustaindc Task ca-discrete Algo happo Exp happo_rtask_25M updates 705/3051 episodes, total num timesteps 5775360/25000000, FPS 309.
Average step reward is 0.9218899011611938.
Some episodes done, average episode reward is -1228.0014957263543.

Episode 705: Avg Net Energy=238.517, Avg CO2=61487.375, Water Usage=35991401.865
Tasks in Queue=135842.000, Tasks Dropped=0.000
Evaluation average episode reward is -1200.6024154814638.

Episode 705: Avg Net Energy=231.888, Avg CO2=59738.865, Water Usage=25178254.092
Tasks in Queue=53996.000, Tasks Dropped=0.000
Env sustaindc Task ca-discrete Algo happo Exp happo_rtask_25M updates 710/3051 episodes, total num timesteps 5816320/25000000, FPS 310.
Average step reward is 0.9126144647598267.
Some episodes done, average episode reward is -1240.6773471056902.

Episode 710: Avg Net Energy=241.077, Avg CO2=54241.412, Water Usage=36285000.206
Tasks in Queue=147609.000, Tasks Dropped=0.000
Evaluation average episode reward is -1193.8483065432024.

Episode 710: Avg Net Energy=231.529, Avg CO2=59902.938, Water Usage=25268359.115
Tasks in Queue=11807.000, Tasks Dropped=0.000
Env sustaindc Task ca-discrete Algo happo Exp happo_rtask_25M updates 715/3051 episodes, total num timesteps 5857280/25000000, FPS 310.
Average step reward is 0.907437264919281.
Some episodes done, average episode reward is -1203.0989422659052.

Episode 715: Avg Net Energy=239.445, Avg CO2=55191.217, Water Usage=36201379.654
Tasks in Queue=131690.000, Tasks Dropped=0.000
Evaluation average episode reward is -1282.477019294909.

Episode 715: Avg Net Energy=232.188, Avg CO2=58809.574, Water Usage=25200181.319
Tasks in Queue=10761.000, Tasks Dropped=0.000
Env sustaindc Task ca-discrete Algo happo Exp happo_rtask_25M updates 720/3051 episodes, total num timesteps 5898240/25000000, FPS 310.
Average step reward is 0.9404350519180298.
Some episodes done, average episode reward is -1224.7775195279448.

Episode 720: Avg Net Energy=236.226, Avg CO2=64661.239, Water Usage=36057936.421
Tasks in Queue=98894.000, Tasks Dropped=0.000
Evaluation average episode reward is -1213.4504774802.

Episode 720: Avg Net Energy=231.944, Avg CO2=58197.258, Water Usage=25251805.358
Tasks in Queue=27457.000, Tasks Dropped=0.000
Env sustaindc Task ca-discrete Algo happo Exp happo_rtask_25M updates 725/3051 episodes, total num timesteps 5939200/25000000, FPS 310.
Average step reward is 0.8614498972892761.
Some episodes done, average episode reward is -1191.4528030679571.

Episode 725: Avg Net Energy=239.847, Avg CO2=63844.156, Water Usage=36301721.195
Tasks in Queue=124535.000, Tasks Dropped=0.000
Evaluation average episode reward is -1328.3717920025956.

Episode 725: Avg Net Energy=233.663, Avg CO2=59612.029, Water Usage=25296103.755
Tasks in Queue=12628.000, Tasks Dropped=0.000
Env sustaindc Task ca-discrete Algo happo Exp happo_rtask_25M updates 730/3051 episodes, total num timesteps 5980160/25000000, FPS 310.
Average step reward is 0.912826418876648.
Some episodes done, average episode reward is -1255.0312625513989.

Episode 730: Avg Net Energy=239.329, Avg CO2=58050.499, Water Usage=36197113.258
Tasks in Queue=103615.000, Tasks Dropped=0.000
Evaluation average episode reward is -1284.485955011429.

Episode 730: Avg Net Energy=232.745, Avg CO2=59008.437, Water Usage=25148837.963
Tasks in Queue=6288.000, Tasks Dropped=0.000
Env sustaindc Task ca-discrete Algo happo Exp happo_rtask_25M updates 735/3051 episodes, total num timesteps 6021120/25000000, FPS 310.
Average step reward is 0.9263721704483032.
Some episodes done, average episode reward is -1224.4947175942552.

Episode 735: Avg Net Energy=239.157, Avg CO2=54549.922, Water Usage=36099758.583
Tasks in Queue=112847.000, Tasks Dropped=0.000
Evaluation average episode reward is -1161.6595752049682.

Episode 735: Avg Net Energy=231.494, Avg CO2=60630.956, Water Usage=25087477.295
Tasks in Queue=5267.000, Tasks Dropped=0.000
Env sustaindc Task ca-discrete Algo happo Exp happo_rtask_25M updates 740/3051 episodes, total num timesteps 6062080/25000000, FPS 310.
Average step reward is 0.9227627515792847.
Some episodes done, average episode reward is -1241.3811807685292.

Episode 740: Avg Net Energy=237.999, Avg CO2=62423.600, Water Usage=36082290.531
Tasks in Queue=89093.000, Tasks Dropped=0.000
Evaluation average episode reward is -1326.2022398807528.

Episode 740: Avg Net Energy=232.737, Avg CO2=59870.406, Water Usage=25315186.565
Tasks in Queue=2369.000, Tasks Dropped=0.000
Env sustaindc Task ca-discrete Algo happo Exp happo_rtask_25M updates 745/3051 episodes, total num timesteps 6103040/25000000, FPS 310.
Average step reward is 0.9530256986618042.
Some episodes done, average episode reward is -1251.7401439492696.

Episode 745: Avg Net Energy=236.586, Avg CO2=63331.507, Water Usage=36020490.768
Tasks in Queue=99320.000, Tasks Dropped=0.000
Evaluation average episode reward is -1184.0004375685176.

Episode 745: Avg Net Energy=231.572, Avg CO2=56673.205, Water Usage=25130480.017
Tasks in Queue=4130.000, Tasks Dropped=0.000
Env sustaindc Task ca-discrete Algo happo Exp happo_rtask_25M updates 750/3051 episodes, total num timesteps 6144000/25000000, FPS 311.
Average step reward is 0.911653995513916.
Some episodes done, average episode reward is -1210.3570763834953.

Episode 750: Avg Net Energy=238.867, Avg CO2=64277.556, Water Usage=36165611.063
Tasks in Queue=121687.000, Tasks Dropped=0.000
Evaluation average episode reward is -1213.6109842652822.

Episode 750: Avg Net Energy=231.207, Avg CO2=59310.508, Water Usage=25068410.412
Tasks in Queue=4783.000, Tasks Dropped=0.000
Env sustaindc Task ca-discrete Algo happo Exp happo_rtask_25M updates 755/3051 episodes, total num timesteps 6184960/25000000, FPS 311.
Average step reward is 0.9470028877258301.
Some episodes done, average episode reward is -1195.4720391188403.

Episode 755: Avg Net Energy=238.711, Avg CO2=54403.970, Water Usage=36077502.362
Tasks in Queue=88052.000, Tasks Dropped=0.000
Evaluation average episode reward is -1391.4008069705362.

Episode 755: Avg Net Energy=234.165, Avg CO2=60355.866, Water Usage=25325391.396
Tasks in Queue=1873.000, Tasks Dropped=0.000
Env sustaindc Task ca-discrete Algo happo Exp happo_rtask_25M updates 760/3051 episodes, total num timesteps 6225920/25000000, FPS 311.
Average step reward is 0.8969784379005432.
Some episodes done, average episode reward is -1276.0277008724024.

Episode 760: Avg Net Energy=241.946, Avg CO2=57058.306, Water Usage=36324068.758
Tasks in Queue=102938.000, Tasks Dropped=0.000
Evaluation average episode reward is -1300.2448396724421.

Episode 760: Avg Net Energy=232.603, Avg CO2=59934.923, Water Usage=25175372.481
Tasks in Queue=2804.000, Tasks Dropped=0.000
Env sustaindc Task ca-discrete Algo happo Exp happo_rtask_25M updates 765/3051 episodes, total num timesteps 6266880/25000000, FPS 311.
Average step reward is 0.9094647169113159.
Some episodes done, average episode reward is -1215.9694508612938.

Episode 765: Avg Net Energy=238.423, Avg CO2=63603.464, Water Usage=36135052.719
Tasks in Queue=140543.000, Tasks Dropped=0.000
Evaluation average episode reward is -1287.464967920872.

Episode 765: Avg Net Energy=232.560, Avg CO2=59901.101, Water Usage=25265343.915
Tasks in Queue=6116.000, Tasks Dropped=0.000
Env sustaindc Task ca-discrete Algo happo Exp happo_rtask_25M updates 770/3051 episodes, total num timesteps 6307840/25000000, FPS 311.
Average step reward is 0.9112057089805603.
Some episodes done, average episode reward is -1210.7424285852617.

Episode 770: Avg Net Energy=237.637, Avg CO2=62692.282, Water Usage=36150862.966
Tasks in Queue=173852.000, Tasks Dropped=0.000
Evaluation average episode reward is -1362.3369946047856.

Episode 770: Avg Net Energy=233.741, Avg CO2=56690.201, Water Usage=25289413.391
Tasks in Queue=15785.000, Tasks Dropped=0.000
Env sustaindc Task ca-discrete Algo happo Exp happo_rtask_25M updates 775/3051 episodes, total num timesteps 6348800/25000000, FPS 311.
Average step reward is 0.9021027088165283.
Some episodes done, average episode reward is -1198.7283797618306.

Episode 775: Avg Net Energy=238.459, Avg CO2=64741.332, Water Usage=36181332.733
Tasks in Queue=129281.000, Tasks Dropped=0.000
Evaluation average episode reward is -1165.4026790669793.

Episode 775: Avg Net Energy=231.171, Avg CO2=63000.509, Water Usage=25115715.682
Tasks in Queue=9476.000, Tasks Dropped=0.000
Env sustaindc Task ca-discrete Algo happo Exp happo_rtask_25M updates 780/3051 episodes, total num timesteps 6389760/25000000, FPS 311.
Average step reward is 0.8978410959243774.
Some episodes done, average episode reward is -1264.3040374646148.

Episode 780: Avg Net Energy=242.162, Avg CO2=53699.470, Water Usage=36253923.822
Tasks in Queue=135358.000, Tasks Dropped=0.000
Evaluation average episode reward is -1310.2644586993072.

Episode 780: Avg Net Energy=233.043, Avg CO2=58517.794, Water Usage=25225576.741
Tasks in Queue=10202.000, Tasks Dropped=0.000
Env sustaindc Task ca-discrete Algo happo Exp happo_rtask_25M updates 785/3051 episodes, total num timesteps 6430720/25000000, FPS 311.
Average step reward is 0.8603740334510803.
Some episodes done, average episode reward is -1242.4882814404793.

Episode 785: Avg Net Energy=242.203, Avg CO2=62927.619, Water Usage=36429362.130
Tasks in Queue=104024.000, Tasks Dropped=0.000
Evaluation average episode reward is -1282.2912558711705.

Episode 785: Avg Net Energy=232.042, Avg CO2=62540.045, Water Usage=25303590.571
Tasks in Queue=5220.000, Tasks Dropped=0.000
Env sustaindc Task ca-discrete Algo happo Exp happo_rtask_25M updates 790/3051 episodes, total num timesteps 6471680/25000000, FPS 312.
Average step reward is 0.9249513149261475.
Some episodes done, average episode reward is -1250.1702372742034.

Episode 790: Avg Net Energy=238.808, Avg CO2=65332.748, Water Usage=36233071.009
Tasks in Queue=126223.000, Tasks Dropped=0.000
Evaluation average episode reward is -1239.2435292905711.

Episode 790: Avg Net Energy=232.116, Avg CO2=57341.542, Water Usage=25236173.165
Tasks in Queue=5913.000, Tasks Dropped=0.000
Env sustaindc Task ca-discrete Algo happo Exp happo_rtask_25M updates 795/3051 episodes, total num timesteps 6512640/25000000, FPS 312.
Average step reward is 0.858833909034729.
Some episodes done, average episode reward is -1169.1527866862702.

Episode 795: Avg Net Energy=241.982, Avg CO2=65174.236, Water Usage=36437164.790
Tasks in Queue=90298.000, Tasks Dropped=0.000
Evaluation average episode reward is -1301.54282938509.

Episode 795: Avg Net Energy=232.465, Avg CO2=62012.913, Water Usage=25296559.929
Tasks in Queue=2523.000, Tasks Dropped=0.000
Env sustaindc Task ca-discrete Algo happo Exp happo_rtask_25M updates 800/3051 episodes, total num timesteps 6553600/25000000, FPS 312.
Average step reward is 0.866467297077179.
Some episodes done, average episode reward is -1222.1063752452321.

Episode 800: Avg Net Energy=243.281, Avg CO2=57788.112, Water Usage=36465895.663
Tasks in Queue=150136.000, Tasks Dropped=0.000
Evaluation average episode reward is -1354.3390976652904.

Episode 800: Avg Net Energy=233.136, Avg CO2=59765.072, Water Usage=25331483.398
Tasks in Queue=5860.000, Tasks Dropped=0.000
Env sustaindc Task ca-discrete Algo happo Exp happo_rtask_25M updates 805/3051 episodes, total num timesteps 6594560/25000000, FPS 312.
Average step reward is 0.9230145215988159.
Some episodes done, average episode reward is -1205.5725853162403.

Episode 805: Avg Net Energy=238.639, Avg CO2=56703.240, Water Usage=36059324.694
Tasks in Queue=116419.000, Tasks Dropped=0.000
Evaluation average episode reward is -1355.3187480587947.

Episode 805: Avg Net Energy=233.869, Avg CO2=56638.412, Water Usage=25220861.881
Tasks in Queue=5647.000, Tasks Dropped=0.000
Env sustaindc Task ca-discrete Algo happo Exp happo_rtask_25M updates 810/3051 episodes, total num timesteps 6635520/25000000, FPS 312.
Average step reward is 0.8566325306892395.
Some episodes done, average episode reward is -1252.939875520106.

Episode 810: Avg Net Energy=241.349, Avg CO2=66436.906, Water Usage=36441569.926
Tasks in Queue=133429.000, Tasks Dropped=0.000
Evaluation average episode reward is -1304.9686784571752.

Episode 810: Avg Net Energy=232.917, Avg CO2=59354.221, Water Usage=25348893.875
Tasks in Queue=6185.000, Tasks Dropped=0.000
Env sustaindc Task ca-discrete Algo happo Exp happo_rtask_25M updates 815/3051 episodes, total num timesteps 6676480/25000000, FPS 312.
Average step reward is 0.9330987930297852.
Some episodes done, average episode reward is -1229.4017934065018.

Episode 815: Avg Net Energy=237.558, Avg CO2=62958.634, Water Usage=36005255.983
Tasks in Queue=112253.000, Tasks Dropped=0.000
Evaluation average episode reward is -1245.2107049627637.

Episode 815: Avg Net Energy=232.393, Avg CO2=62485.615, Water Usage=25179992.053
Tasks in Queue=5496.000, Tasks Dropped=0.000
Env sustaindc Task ca-discrete Algo happo Exp happo_rtask_25M updates 820/3051 episodes, total num timesteps 6717440/25000000, FPS 312.
Average step reward is 0.9134066104888916.
Some episodes done, average episode reward is -1220.963695081538.

Episode 820: Avg Net Energy=238.619, Avg CO2=61528.781, Water Usage=36126837.199
Tasks in Queue=105753.000, Tasks Dropped=0.000
Evaluation average episode reward is -1153.9955740432135.

Episode 820: Avg Net Energy=231.365, Avg CO2=57017.462, Water Usage=25145674.404
Tasks in Queue=3655.000, Tasks Dropped=0.000
Env sustaindc Task ca-discrete Algo happo Exp happo_rtask_25M updates 825/3051 episodes, total num timesteps 6758400/25000000, FPS 313.
Average step reward is 0.9487912654876709.
Some episodes done, average episode reward is -1214.8684860092549.

Episode 825: Avg Net Energy=237.361, Avg CO2=53273.377, Water Usage=35895105.472
Tasks in Queue=87096.000, Tasks Dropped=0.000
Evaluation average episode reward is -1350.9058076709368.

Episode 825: Avg Net Energy=233.655, Avg CO2=60424.091, Water Usage=25341922.437
Tasks in Queue=2584.000, Tasks Dropped=0.000
Env sustaindc Task ca-discrete Algo happo Exp happo_rtask_25M updates 830/3051 episodes, total num timesteps 6799360/25000000, FPS 313.
Average step reward is 0.8637968301773071.
Some episodes done, average episode reward is -1217.6715757552106.

Episode 830: Avg Net Energy=240.924, Avg CO2=62053.029, Water Usage=36299849.897
Tasks in Queue=122235.000, Tasks Dropped=0.000
Evaluation average episode reward is -1243.5083046366155.

Episode 830: Avg Net Energy=232.452, Avg CO2=57441.888, Water Usage=25249701.902
Tasks in Queue=3451.000, Tasks Dropped=0.000
Env sustaindc Task ca-discrete Algo happo Exp happo_rtask_25M updates 835/3051 episodes, total num timesteps 6840320/25000000, FPS 313.
Average step reward is 0.8763948082923889.
Some episodes done, average episode reward is -1248.2944224802468.

Episode 835: Avg Net Energy=240.370, Avg CO2=65216.827, Water Usage=36268244.893
Tasks in Queue=112218.000, Tasks Dropped=0.000
Evaluation average episode reward is -1234.063630799224.

Episode 835: Avg Net Energy=232.799, Avg CO2=59050.163, Water Usage=25372811.138
Tasks in Queue=1838.000, Tasks Dropped=0.000
Env sustaindc Task ca-discrete Algo happo Exp happo_rtask_25M updates 840/3051 episodes, total num timesteps 6881280/25000000, FPS 313.
Average step reward is 0.9288368225097656.
Some episodes done, average episode reward is -1194.6800509125387.

Episode 840: Avg Net Energy=237.889, Avg CO2=59593.593, Water Usage=36070684.248
Tasks in Queue=116332.000, Tasks Dropped=0.000
Evaluation average episode reward is -1241.9677020709753.

Episode 840: Avg Net Energy=232.420, Avg CO2=56801.570, Water Usage=25187372.048
Tasks in Queue=2580.000, Tasks Dropped=0.000
Env sustaindc Task ca-discrete Algo happo Exp happo_rtask_25M updates 845/3051 episodes, total num timesteps 6922240/25000000, FPS 313.
Average step reward is 0.8916960954666138.
Some episodes done, average episode reward is -1234.529268367694.

Episode 845: Avg Net Energy=240.846, Avg CO2=56935.935, Water Usage=36311259.010
Tasks in Queue=104274.000, Tasks Dropped=0.000
Evaluation average episode reward is -1245.2260182036816.

Episode 845: Avg Net Energy=232.437, Avg CO2=57549.034, Water Usage=25251736.113
Tasks in Queue=1537.000, Tasks Dropped=0.000
Env sustaindc Task ca-discrete Algo happo Exp happo_rtask_25M updates 850/3051 episodes, total num timesteps 6963200/25000000, FPS 313.
Average step reward is 0.8867571353912354.
Some episodes done, average episode reward is -1258.3857263650043.

Episode 850: Avg Net Energy=240.559, Avg CO2=57371.705, Water Usage=36262333.121
Tasks in Queue=120169.000, Tasks Dropped=0.000
Evaluation average episode reward is -1342.4714618886303.

Episode 850: Avg Net Energy=233.009, Avg CO2=59533.046, Water Usage=25210712.705
Tasks in Queue=4075.000, Tasks Dropped=0.000
Env sustaindc Task ca-discrete Algo happo Exp happo_rtask_25M updates 855/3051 episodes, total num timesteps 7004160/25000000, FPS 313.
Average step reward is 0.8902574181556702.
Some episodes done, average episode reward is -1264.712291406744.

Episode 855: Avg Net Energy=239.705, Avg CO2=66424.018, Water Usage=36267264.953
Tasks in Queue=130430.000, Tasks Dropped=0.000
Evaluation average episode reward is -1190.3280149332447.

Episode 855: Avg Net Energy=231.306, Avg CO2=59840.354, Water Usage=25038267.772
Tasks in Queue=4475.000, Tasks Dropped=0.000
Env sustaindc Task ca-discrete Algo happo Exp happo_rtask_25M updates 860/3051 episodes, total num timesteps 7045120/25000000, FPS 313.
Average step reward is 0.9186562895774841.
Some episodes done, average episode reward is -1201.8419731875197.

Episode 860: Avg Net Energy=238.520, Avg CO2=63626.566, Water Usage=36124697.922
Tasks in Queue=121632.000, Tasks Dropped=0.000
Evaluation average episode reward is -1279.0567702114333.

Episode 860: Avg Net Energy=232.777, Avg CO2=57668.120, Water Usage=25265244.796
Tasks in Queue=4110.000, Tasks Dropped=0.000
Env sustaindc Task ca-discrete Algo happo Exp happo_rtask_25M updates 865/3051 episodes, total num timesteps 7086080/25000000, FPS 314.
Average step reward is 0.9496937990188599.
Some episodes done, average episode reward is -1177.1040088018729.

Episode 865: Avg Net Energy=235.940, Avg CO2=58100.828, Water Usage=35859927.623
Tasks in Queue=105948.000, Tasks Dropped=0.000
Evaluation average episode reward is -1186.0023434063658.

Episode 865: Avg Net Energy=231.537, Avg CO2=57244.547, Water Usage=25164453.425
Tasks in Queue=4752.000, Tasks Dropped=0.000
Env sustaindc Task ca-discrete Algo happo Exp happo_rtask_25M updates 870/3051 episodes, total num timesteps 7127040/25000000, FPS 314.
Average step reward is 0.8742350339889526.
Some episodes done, average episode reward is -1235.8863006280662.

Episode 870: Avg Net Energy=242.031, Avg CO2=53802.320, Water Usage=36395407.926
Tasks in Queue=136223.000, Tasks Dropped=0.000
Evaluation average episode reward is -1429.384974374767.

Episode 870: Avg Net Energy=234.133, Avg CO2=56808.775, Water Usage=25458434.187
Tasks in Queue=11522.000, Tasks Dropped=0.000
Env sustaindc Task ca-discrete Algo happo Exp happo_rtask_25M updates 875/3051 episodes, total num timesteps 7168000/25000000, FPS 314.
Average step reward is 0.9068521857261658.
Some episodes done, average episode reward is -1248.0552558666186.

Episode 875: Avg Net Energy=238.742, Avg CO2=62159.601, Water Usage=36099086.109
Tasks in Queue=146845.000, Tasks Dropped=0.000
Evaluation average episode reward is -1381.1309260134615.

Episode 875: Avg Net Energy=233.969, Avg CO2=59070.179, Water Usage=25376738.575
Tasks in Queue=11329.000, Tasks Dropped=0.000
Env sustaindc Task ca-discrete Algo happo Exp happo_rtask_25M updates 880/3051 episodes, total num timesteps 7208960/25000000, FPS 314.
Average step reward is 0.8704113960266113.
Some episodes done, average episode reward is -1258.0857015460083.

Episode 880: Avg Net Energy=240.646, Avg CO2=64657.342, Water Usage=36264595.961
Tasks in Queue=123963.000, Tasks Dropped=0.000
Evaluation average episode reward is -1178.1243323170133.

Episode 880: Avg Net Energy=232.080, Avg CO2=61038.466, Water Usage=25246717.346
Tasks in Queue=5995.000, Tasks Dropped=0.000
Env sustaindc Task ca-discrete Algo happo Exp happo_rtask_25M updates 885/3051 episodes, total num timesteps 7249920/25000000, FPS 314.
Average step reward is 0.860115647315979.
Some episodes done, average episode reward is -1240.3659060219366.

Episode 885: Avg Net Energy=242.395, Avg CO2=64113.448, Water Usage=36462661.417
Tasks in Queue=115016.000, Tasks Dropped=0.000
Evaluation average episode reward is -1304.7130434765756.

Episode 885: Avg Net Energy=233.891, Avg CO2=58317.911, Water Usage=25335885.129
Tasks in Queue=4571.000, Tasks Dropped=0.000
Env sustaindc Task ca-discrete Algo happo Exp happo_rtask_25M updates 890/3051 episodes, total num timesteps 7290880/25000000, FPS 314.
Average step reward is 0.8794572353363037.
Some episodes done, average episode reward is -1245.2699857594798.

Episode 890: Avg Net Energy=244.283, Avg CO2=53167.747, Water Usage=36506432.049
Tasks in Queue=123231.000, Tasks Dropped=0.000
Evaluation average episode reward is -1324.9921753251406.

Episode 890: Avg Net Energy=233.458, Avg CO2=59624.834, Water Usage=25325273.011
Tasks in Queue=5115.000, Tasks Dropped=0.000
Env sustaindc Task ca-discrete Algo happo Exp happo_rtask_25M updates 895/3051 episodes, total num timesteps 7331840/25000000, FPS 314.
Average step reward is 0.9074083566665649.
Some episodes done, average episode reward is -1237.4725075660167.

Episode 895: Avg Net Energy=242.350, Avg CO2=57078.096, Water Usage=36339226.573
Tasks in Queue=114257.000, Tasks Dropped=0.000
Evaluation average episode reward is -1248.4253456455679.

Episode 895: Avg Net Energy=232.439, Avg CO2=62251.933, Water Usage=25355510.842
Tasks in Queue=4480.000, Tasks Dropped=0.000
Env sustaindc Task ca-discrete Algo happo Exp happo_rtask_25M updates 900/3051 episodes, total num timesteps 7372800/25000000, FPS 314.
Average step reward is 0.906672477722168.
Some episodes done, average episode reward is -1198.2266654300624.

Episode 900: Avg Net Energy=239.528, Avg CO2=65419.485, Water Usage=36257465.786
Tasks in Queue=141807.000, Tasks Dropped=0.000
Evaluation average episode reward is -1262.0584006890192.

Episode 900: Avg Net Energy=232.741, Avg CO2=56845.760, Water Usage=25275340.825
Tasks in Queue=8836.000, Tasks Dropped=0.000
Env sustaindc Task ca-discrete Algo happo Exp happo_rtask_25M updates 905/3051 episodes, total num timesteps 7413760/25000000, FPS 314.
Average step reward is 0.8612455129623413.
Some episodes done, average episode reward is -1123.106717059496.

Episode 905: Avg Net Energy=241.627, Avg CO2=64968.123, Water Usage=36342421.763
Tasks in Queue=128276.000, Tasks Dropped=0.000
Evaluation average episode reward is -1254.1663385084207.

Episode 905: Avg Net Energy=232.207, Avg CO2=59864.250, Water Usage=25265457.586
Tasks in Queue=8702.000, Tasks Dropped=0.000
Env sustaindc Task ca-discrete Algo happo Exp happo_rtask_25M updates 910/3051 episodes, total num timesteps 7454720/25000000, FPS 314.
Average step reward is 0.921228289604187.
Some episodes done, average episode reward is -1239.220984190329.

Episode 910: Avg Net Energy=239.850, Avg CO2=57300.847, Water Usage=36151893.511
Tasks in Queue=96598.000, Tasks Dropped=0.000
Evaluation average episode reward is -1179.8429913709408.

Episode 910: Avg Net Energy=231.396, Avg CO2=55743.779, Water Usage=25199716.567
Tasks in Queue=9064.000, Tasks Dropped=0.000
Env sustaindc Task ca-discrete Algo happo Exp happo_rtask_25M updates 915/3051 episodes, total num timesteps 7495680/25000000, FPS 314.
Average step reward is 0.9123361110687256.
Some episodes done, average episode reward is -1235.8345661516626.

Episode 915: Avg Net Energy=242.465, Avg CO2=53038.281, Water Usage=36251938.189
Tasks in Queue=91703.000, Tasks Dropped=0.000
Evaluation average episode reward is -1195.7705296933548.

Episode 915: Avg Net Energy=231.308, Avg CO2=55752.046, Water Usage=25194148.060
Tasks in Queue=4683.000, Tasks Dropped=0.000
Env sustaindc Task ca-discrete Algo happo Exp happo_rtask_25M updates 920/3051 episodes, total num timesteps 7536640/25000000, FPS 314.
Average step reward is 0.9070212841033936.
Some episodes done, average episode reward is -1226.610222604974.

Episode 920: Avg Net Energy=241.377, Avg CO2=61083.393, Water Usage=36297274.438
Tasks in Queue=112005.000, Tasks Dropped=0.000
Evaluation average episode reward is -1255.1747403176328.

Episode 920: Avg Net Energy=231.621, Avg CO2=56371.748, Water Usage=25237027.460
Tasks in Queue=3982.000, Tasks Dropped=0.000
Env sustaindc Task ca-discrete Algo happo Exp happo_rtask_25M updates 925/3051 episodes, total num timesteps 7577600/25000000, FPS 314.
Average step reward is 0.8891630172729492.
Some episodes done, average episode reward is -1204.795698803645.

Episode 925: Avg Net Energy=240.250, Avg CO2=64704.742, Water Usage=36351070.144
Tasks in Queue=119046.000, Tasks Dropped=0.000
Evaluation average episode reward is -1366.1400115023382.

Episode 925: Avg Net Energy=232.553, Avg CO2=58822.561, Water Usage=25326370.798
Tasks in Queue=5858.000, Tasks Dropped=0.000
Env sustaindc Task ca-discrete Algo happo Exp happo_rtask_25M updates 930/3051 episodes, total num timesteps 7618560/25000000, FPS 314.
Average step reward is 0.9192901849746704.
Some episodes done, average episode reward is -1172.550443202861.

Episode 930: Avg Net Energy=237.925, Avg CO2=62316.368, Water Usage=36058766.688
Tasks in Queue=114158.000, Tasks Dropped=0.000
Evaluation average episode reward is -1308.850656309903.

Episode 930: Avg Net Energy=232.065, Avg CO2=58956.177, Water Usage=25124241.114
Tasks in Queue=6496.000, Tasks Dropped=0.000
Env sustaindc Task ca-discrete Algo happo Exp happo_rtask_25M updates 935/3051 episodes, total num timesteps 7659520/25000000, FPS 315.
Average step reward is 0.8726338148117065.
Some episodes done, average episode reward is -1248.15993022602.

Episode 935: Avg Net Energy=243.636, Avg CO2=56288.925, Water Usage=36522885.719
Tasks in Queue=141846.000, Tasks Dropped=0.000
Evaluation average episode reward is -1313.2606661222696.

Episode 935: Avg Net Energy=232.585, Avg CO2=59714.021, Water Usage=25216261.327
Tasks in Queue=8883.000, Tasks Dropped=0.000
Env sustaindc Task ca-discrete Algo happo Exp happo_rtask_25M updates 940/3051 episodes, total num timesteps 7700480/25000000, FPS 315.
Average step reward is 0.8857548832893372.
Some episodes done, average episode reward is -1255.255394532457.

Episode 940: Avg Net Energy=243.224, Avg CO2=57537.584, Water Usage=36373492.067
Tasks in Queue=141250.000, Tasks Dropped=0.000
Evaluation average episode reward is -1350.4681033911154.

Episode 940: Avg Net Energy=233.196, Avg CO2=59746.325, Water Usage=25240707.695
Tasks in Queue=8778.000, Tasks Dropped=0.000
Env sustaindc Task ca-discrete Algo happo Exp happo_rtask_25M updates 945/3051 episodes, total num timesteps 7741440/25000000, FPS 315.
Average step reward is 0.9186078310012817.
Some episodes done, average episode reward is -1189.9702264447187.

Episode 945: Avg Net Energy=238.177, Avg CO2=64425.507, Water Usage=36040118.334
Tasks in Queue=151904.000, Tasks Dropped=0.000
Evaluation average episode reward is -1330.334581914841.

Episode 945: Avg Net Energy=234.138, Avg CO2=60386.485, Water Usage=25472904.651
Tasks in Queue=8617.000, Tasks Dropped=0.000
Env sustaindc Task ca-discrete Algo happo Exp happo_rtask_25M updates 950/3051 episodes, total num timesteps 7782400/25000000, FPS 315.
Average step reward is 0.8883318901062012.
Some episodes done, average episode reward is -1226.5677344365438.

Episode 950: Avg Net Energy=240.228, Avg CO2=64119.097, Water Usage=36191649.500
Tasks in Queue=149682.000, Tasks Dropped=0.000
Evaluation average episode reward is -1155.5197522409742.

Episode 950: Avg Net Energy=232.041, Avg CO2=57247.718, Water Usage=25113202.527
Tasks in Queue=4894.000, Tasks Dropped=0.000
Env sustaindc Task ca-discrete Algo happo Exp happo_rtask_25M updates 955/3051 episodes, total num timesteps 7823360/25000000, FPS 315.
Average step reward is 0.924552857875824.
Some episodes done, average episode reward is -1236.712864869835.

Episode 955: Avg Net Energy=238.943, Avg CO2=62034.428, Water Usage=36103357.730
Tasks in Queue=122100.000, Tasks Dropped=0.000
Evaluation average episode reward is -1301.6995030820976.

Episode 955: Avg Net Energy=233.260, Avg CO2=56427.220, Water Usage=25280605.648
Tasks in Queue=5884.000, Tasks Dropped=0.000
Env sustaindc Task ca-discrete Algo happo Exp happo_rtask_25M updates 960/3051 episodes, total num timesteps 7864320/25000000, FPS 315.
Average step reward is 0.9037550091743469.
Some episodes done, average episode reward is -1193.7727476974694.

Episode 960: Avg Net Energy=241.115, Avg CO2=55637.878, Water Usage=36265450.456
Tasks in Queue=153190.000, Tasks Dropped=0.000
Evaluation average episode reward is -1215.500454386786.

Episode 960: Avg Net Energy=232.741, Avg CO2=58916.955, Water Usage=25259642.665
Tasks in Queue=8857.000, Tasks Dropped=0.000
Env sustaindc Task ca-discrete Algo happo Exp happo_rtask_25M updates 965/3051 episodes, total num timesteps 7905280/25000000, FPS 315.
Average step reward is 0.8832023739814758.
Some episodes done, average episode reward is -1237.5842506370282.

Episode 965: Avg Net Energy=240.702, Avg CO2=60659.840, Water Usage=36310572.306
Tasks in Queue=120118.000, Tasks Dropped=0.000
Evaluation average episode reward is -1139.3959602808181.

Episode 965: Avg Net Energy=230.975, Avg CO2=57048.787, Water Usage=25216659.648
Tasks in Queue=11305.000, Tasks Dropped=0.000
Env sustaindc Task ca-discrete Algo happo Exp happo_rtask_25M updates 970/3051 episodes, total num timesteps 7946240/25000000, FPS 315.
Average step reward is 0.931280791759491.
Some episodes done, average episode reward is -1282.9513162529288.

Episode 970: Avg Net Energy=237.023, Avg CO2=63666.831, Water Usage=36036270.572
Tasks in Queue=223680.000, Tasks Dropped=0.000
Evaluation average episode reward is -1236.8107941264013.

Episode 970: Avg Net Energy=231.015, Avg CO2=62982.640, Water Usage=25175924.103
Tasks in Queue=38194.000, Tasks Dropped=0.000
Env sustaindc Task ca-discrete Algo happo Exp happo_rtask_25M updates 975/3051 episodes, total num timesteps 7987200/25000000, FPS 315.
Average step reward is 0.8951483368873596.
Some episodes done, average episode reward is -1243.6085793167708.

Episode 975: Avg Net Energy=239.769, Avg CO2=65046.589, Water Usage=36318314.967
Tasks in Queue=161520.000, Tasks Dropped=0.000
Evaluation average episode reward is -1427.6856912682579.

Episode 975: Avg Net Energy=233.424, Avg CO2=56529.530, Water Usage=25311541.183
Tasks in Queue=35718.000, Tasks Dropped=0.000
Env sustaindc Task ca-discrete Algo happo Exp happo_rtask_25M updates 980/3051 episodes, total num timesteps 8028160/25000000, FPS 315.
Average step reward is 0.8671571016311646.
Some episodes done, average episode reward is -1148.9205746617904.

Episode 980: Avg Net Energy=241.809, Avg CO2=58942.006, Water Usage=36459797.089
Tasks in Queue=206518.000, Tasks Dropped=0.000
Evaluation average episode reward is -1285.4290961546303.

Episode 980: Avg Net Energy=232.115, Avg CO2=59537.615, Water Usage=25072636.071
Tasks in Queue=16104.000, Tasks Dropped=0.000
Env sustaindc Task ca-discrete Algo happo Exp happo_rtask_25M updates 985/3051 episodes, total num timesteps 8069120/25000000, FPS 315.
Average step reward is 0.9297099113464355.
Some episodes done, average episode reward is -1224.3384589184664.

Episode 985: Avg Net Energy=237.705, Avg CO2=56130.655, Water Usage=35989208.881
Tasks in Queue=149706.000, Tasks Dropped=0.000
Evaluation average episode reward is -1361.6389914850258.

Episode 985: Avg Net Energy=233.178, Avg CO2=56752.297, Water Usage=25271304.620
Tasks in Queue=17860.000, Tasks Dropped=0.000
Env sustaindc Task ca-discrete Algo happo Exp happo_rtask_25M updates 990/3051 episodes, total num timesteps 8110080/25000000, FPS 315.
Average step reward is 0.8675475120544434.
Some episodes done, average episode reward is -1278.6973060800956.

Episode 990: Avg Net Energy=240.061, Avg CO2=65235.891, Water Usage=36237678.356
Tasks in Queue=158148.000, Tasks Dropped=0.000
Evaluation average episode reward is -1244.7178604282633.

Episode 990: Avg Net Energy=232.382, Avg CO2=57060.167, Water Usage=25318777.849
Tasks in Queue=18157.000, Tasks Dropped=0.000
Env sustaindc Task ca-discrete Algo happo Exp happo_rtask_25M updates 995/3051 episodes, total num timesteps 8151040/25000000, FPS 315.
Average step reward is 0.9114922881126404.
Some episodes done, average episode reward is -1226.7181384911269.

Episode 995: Avg Net Energy=238.591, Avg CO2=64759.929, Water Usage=36306442.466
Tasks in Queue=137017.000, Tasks Dropped=0.000
Evaluation average episode reward is -1270.5220067252014.

Episode 995: Avg Net Energy=232.611, Avg CO2=56999.400, Water Usage=25258857.529
Tasks in Queue=14168.000, Tasks Dropped=0.000
Env sustaindc Task ca-discrete Algo happo Exp happo_rtask_25M updates 1000/3051 episodes, total num timesteps 8192000/25000000, FPS 315.
Average step reward is 0.8920577764511108.
Some episodes done, average episode reward is -1197.8654491947855.

Episode 1000: Avg Net Energy=239.740, Avg CO2=60583.592, Water Usage=36100425.312
Tasks in Queue=138618.000, Tasks Dropped=0.000
Evaluation average episode reward is -1265.9884754293582.

Episode 1000: Avg Net Energy=232.346, Avg CO2=56216.710, Water Usage=25203230.039
Tasks in Queue=12175.000, Tasks Dropped=0.000
Env sustaindc Task ca-discrete Algo happo Exp happo_rtask_25M updates 1005/3051 episodes, total num timesteps 8232960/25000000, FPS 315.
Average step reward is 0.9146437048912048.
Some episodes done, average episode reward is -1254.1825354022317.

Episode 1005: Avg Net Energy=239.061, Avg CO2=52584.702, Water Usage=36132051.772
Tasks in Queue=166088.000, Tasks Dropped=0.000
Evaluation average episode reward is -1276.019199475087.

Episode 1005: Avg Net Energy=232.405, Avg CO2=57026.200, Water Usage=25202604.652
Tasks in Queue=25724.000, Tasks Dropped=0.000
Env sustaindc Task ca-discrete Algo happo Exp happo_rtask_25M updates 1010/3051 episodes, total num timesteps 8273920/25000000, FPS 316.
Average step reward is 0.8658907413482666.
Some episodes done, average episode reward is -1231.0662988380236.

Episode 1010: Avg Net Energy=241.673, Avg CO2=62305.387, Water Usage=36421927.506
Tasks in Queue=175497.000, Tasks Dropped=0.000
Evaluation average episode reward is -1274.221176787881.

Episode 1010: Avg Net Energy=232.147, Avg CO2=59672.745, Water Usage=25110140.719
Tasks in Queue=16543.000, Tasks Dropped=0.000
Env sustaindc Task ca-discrete Algo happo Exp happo_rtask_25M updates 1015/3051 episodes, total num timesteps 8314880/25000000, FPS 316.
Average step reward is 0.8848111629486084.
Some episodes done, average episode reward is -1270.6215606067444.

Episode 1015: Avg Net Energy=239.442, Avg CO2=64995.954, Water Usage=36348495.041
Tasks in Queue=101389.000, Tasks Dropped=0.000
Evaluation average episode reward is -1359.4160081481166.

Episode 1015: Avg Net Energy=233.067, Avg CO2=59759.631, Water Usage=25292674.991
Tasks in Queue=8034.000, Tasks Dropped=0.000
Env sustaindc Task ca-discrete Algo happo Exp happo_rtask_25M updates 1020/3051 episodes, total num timesteps 8355840/25000000, FPS 316.
Average step reward is 0.914492130279541.
Some episodes done, average episode reward is -1212.4786639866363.

Episode 1020: Avg Net Energy=239.599, Avg CO2=59456.300, Water Usage=36156572.354
Tasks in Queue=115900.000, Tasks Dropped=0.000
Evaluation average episode reward is -1168.0163130056067.

Episode 1020: Avg Net Energy=231.480, Avg CO2=56967.604, Water Usage=25146202.810
Tasks in Queue=6574.000, Tasks Dropped=0.000
Env sustaindc Task ca-discrete Algo happo Exp happo_rtask_25M updates 1025/3051 episodes, total num timesteps 8396800/25000000, FPS 316.
Average step reward is 0.9171539545059204.
Some episodes done, average episode reward is -1263.8713170417284.

Episode 1025: Avg Net Energy=241.336, Avg CO2=54567.785, Water Usage=36249793.759
Tasks in Queue=129720.000, Tasks Dropped=0.000
Evaluation average episode reward is -1274.675259112075.

Episode 1025: Avg Net Energy=231.991, Avg CO2=59870.844, Water Usage=25084214.703
Tasks in Queue=28275.000, Tasks Dropped=0.000
Env sustaindc Task ca-discrete Algo happo Exp happo_rtask_25M updates 1030/3051 episodes, total num timesteps 8437760/25000000, FPS 316.
Average step reward is 0.9330456256866455.
Some episodes done, average episode reward is -1232.131868051979.

Episode 1030: Avg Net Energy=239.108, Avg CO2=56621.523, Water Usage=36102279.471
Tasks in Queue=121251.000, Tasks Dropped=0.000
Evaluation average episode reward is -1293.4275739243287.

Episode 1030: Avg Net Energy=232.506, Avg CO2=56162.040, Water Usage=25160382.700
Tasks in Queue=3414.000, Tasks Dropped=0.000
Env sustaindc Task ca-discrete Algo happo Exp happo_rtask_25M updates 1035/3051 episodes, total num timesteps 8478720/25000000, FPS 316.
Average step reward is 0.8621913194656372.
Some episodes done, average episode reward is -1245.678942128015.

Episode 1035: Avg Net Energy=242.362, Avg CO2=65365.832, Water Usage=36339763.085
Tasks in Queue=115428.000, Tasks Dropped=0.000
Evaluation average episode reward is -1302.8070940138375.

Episode 1035: Avg Net Energy=233.028, Avg CO2=57094.520, Water Usage=25348725.699
Tasks in Queue=7881.000, Tasks Dropped=0.000
Env sustaindc Task ca-discrete Algo happo Exp happo_rtask_25M updates 1040/3051 episodes, total num timesteps 8519680/25000000, FPS 316.
Average step reward is 0.8783043622970581.
Some episodes done, average episode reward is -1242.136498233514.

Episode 1040: Avg Net Energy=242.348, Avg CO2=64505.405, Water Usage=36459508.301
Tasks in Queue=154494.000, Tasks Dropped=0.000
Evaluation average episode reward is -1356.5400834828658.

Episode 1040: Avg Net Energy=233.194, Avg CO2=59009.041, Water Usage=25384110.794
Tasks in Queue=8215.000, Tasks Dropped=0.000
Env sustaindc Task ca-discrete Algo happo Exp happo_rtask_25M updates 1045/3051 episodes, total num timesteps 8560640/25000000, FPS 316.
Average step reward is 0.9240068793296814.
Some episodes done, average episode reward is -1174.232713682219.

Episode 1045: Avg Net Energy=239.202, Avg CO2=61141.640, Water Usage=36160115.827
Tasks in Queue=139689.000, Tasks Dropped=0.000
Evaluation average episode reward is -1147.39771695995.

Episode 1045: Avg Net Energy=231.135, Avg CO2=60192.241, Water Usage=25168287.667
Tasks in Queue=7958.000, Tasks Dropped=0.000
Env sustaindc Task ca-discrete Algo happo Exp happo_rtask_25M updates 1050/3051 episodes, total num timesteps 8601600/25000000, FPS 316.
Average step reward is 0.9033287763595581.
Some episodes done, average episode reward is -1196.564815681431.

Episode 1050: Avg Net Energy=241.390, Avg CO2=54266.835, Water Usage=36242301.313
Tasks in Queue=140288.000, Tasks Dropped=0.000
Evaluation average episode reward is -1159.597889427765.

Episode 1050: Avg Net Energy=231.220, Avg CO2=56821.850, Water Usage=25124321.621
Tasks in Queue=11668.000, Tasks Dropped=0.000
Env sustaindc Task ca-discrete Algo happo Exp happo_rtask_25M updates 1055/3051 episodes, total num timesteps 8642560/25000000, FPS 316.
Average step reward is 0.9117438793182373.
Some episodes done, average episode reward is -1246.931277145777.

Episode 1055: Avg Net Energy=239.737, Avg CO2=61733.325, Water Usage=36249933.998
Tasks in Queue=139065.000, Tasks Dropped=0.000
Evaluation average episode reward is -1402.8562181344817.

Episode 1055: Avg Net Energy=233.518, Avg CO2=58998.174, Water Usage=25365447.576
Tasks in Queue=5115.000, Tasks Dropped=0.000
Env sustaindc Task ca-discrete Algo happo Exp happo_rtask_25M updates 1060/3051 episodes, total num timesteps 8683520/25000000, FPS 316.
Average step reward is 0.8671221733093262.
Some episodes done, average episode reward is -1222.7469318983547.

Episode 1060: Avg Net Energy=241.180, Avg CO2=65548.539, Water Usage=36359317.678
Tasks in Queue=117003.000, Tasks Dropped=0.000
Evaluation average episode reward is -1225.2950131602947.

Episode 1060: Avg Net Energy=231.034, Avg CO2=62932.995, Water Usage=25232088.971
Tasks in Queue=4313.000, Tasks Dropped=0.000
Env sustaindc Task ca-discrete Algo happo Exp happo_rtask_25M updates 1065/3051 episodes, total num timesteps 8724480/25000000, FPS 316.
Average step reward is 0.9168989658355713.
Some episodes done, average episode reward is -1207.7792983798.

Episode 1065: Avg Net Energy=238.660, Avg CO2=61395.268, Water Usage=36150994.036
Tasks in Queue=104778.000, Tasks Dropped=0.000
Evaluation average episode reward is -1207.2792074488236.

Episode 1065: Avg Net Energy=231.032, Avg CO2=60154.140, Water Usage=25166099.023
Tasks in Queue=6032.000, Tasks Dropped=0.000
Env sustaindc Task ca-discrete Algo happo Exp happo_rtask_25M updates 1070/3051 episodes, total num timesteps 8765440/25000000, FPS 316.
Average step reward is 0.9130208492279053.
Some episodes done, average episode reward is -1230.5455649831642.

Episode 1070: Avg Net Energy=239.974, Avg CO2=55837.409, Water Usage=36213110.874
Tasks in Queue=152980.000, Tasks Dropped=0.000
Evaluation average episode reward is -1304.3782668660936.

Episode 1070: Avg Net Energy=232.449, Avg CO2=57632.417, Water Usage=25285205.705
Tasks in Queue=8479.000, Tasks Dropped=0.000
Env sustaindc Task ca-discrete Algo happo Exp happo_rtask_25M updates 1075/3051 episodes, total num timesteps 8806400/25000000, FPS 316.
Average step reward is 0.896282434463501.
Some episodes done, average episode reward is -1228.3106983910955.

Episode 1075: Avg Net Energy=242.192, Avg CO2=57199.838, Water Usage=36314509.011
Tasks in Queue=110270.000, Tasks Dropped=0.000
Evaluation average episode reward is -1350.861997063888.

Episode 1075: Avg Net Energy=232.870, Avg CO2=56801.239, Water Usage=25247112.283
Tasks in Queue=4810.000, Tasks Dropped=0.000
Env sustaindc Task ca-discrete Algo happo Exp happo_rtask_25M updates 1080/3051 episodes, total num timesteps 8847360/25000000, FPS 317.
Average step reward is 0.9133188724517822.
Some episodes done, average episode reward is -1227.2568966773824.

Episode 1080: Avg Net Energy=238.247, Avg CO2=64684.105, Water Usage=36160260.522
Tasks in Queue=111951.000, Tasks Dropped=0.000
Evaluation average episode reward is -1290.6078592907265.

Episode 1080: Avg Net Energy=233.055, Avg CO2=59517.466, Water Usage=25293195.720
Tasks in Queue=3274.000, Tasks Dropped=0.000
Env sustaindc Task ca-discrete Algo happo Exp happo_rtask_25M updates 1085/3051 episodes, total num timesteps 8888320/25000000, FPS 317.
Average step reward is 0.9241321086883545.
Some episodes done, average episode reward is -1186.2594292804263.

Episode 1085: Avg Net Energy=237.291, Avg CO2=63525.274, Water Usage=36057020.836
Tasks in Queue=132345.000, Tasks Dropped=0.000
Evaluation average episode reward is -1198.8878654397986.

Episode 1085: Avg Net Energy=231.682, Avg CO2=56859.641, Water Usage=25196221.808
Tasks in Queue=11206.000, Tasks Dropped=0.000
Env sustaindc Task ca-discrete Algo happo Exp happo_rtask_25M updates 1090/3051 episodes, total num timesteps 8929280/25000000, FPS 317.
Average step reward is 0.8778172731399536.
Some episodes done, average episode reward is -1238.1459250135258.

Episode 1090: Avg Net Energy=242.355, Avg CO2=58614.283, Water Usage=36384933.217
Tasks in Queue=114757.000, Tasks Dropped=0.000
Evaluation average episode reward is -1191.9648589363846.

Episode 1090: Avg Net Energy=231.592, Avg CO2=57455.877, Water Usage=25269184.767
Tasks in Queue=12705.000, Tasks Dropped=0.000
Env sustaindc Task ca-discrete Algo happo Exp happo_rtask_25M updates 1095/3051 episodes, total num timesteps 8970240/25000000, FPS 317.
Average step reward is 0.9083144664764404.
Some episodes done, average episode reward is -1228.8829713720231.

Episode 1095: Avg Net Energy=240.792, Avg CO2=52851.660, Water Usage=36239941.755
Tasks in Queue=125790.000, Tasks Dropped=0.000
Evaluation average episode reward is -1237.8907544371943.

Episode 1095: Avg Net Energy=231.202, Avg CO2=62905.912, Water Usage=25098711.064
Tasks in Queue=8328.000, Tasks Dropped=0.000
Env sustaindc Task ca-discrete Algo happo Exp happo_rtask_25M updates 1100/3051 episodes, total num timesteps 9011200/25000000, FPS 317.
Average step reward is 0.8780745267868042.
Some episodes done, average episode reward is -1245.776879721202.

Episode 1100: Avg Net Energy=240.222, Avg CO2=61159.899, Water Usage=36269100.436
Tasks in Queue=143514.000, Tasks Dropped=0.000
Evaluation average episode reward is -1346.03382986043.

Episode 1100: Avg Net Energy=233.134, Avg CO2=58109.287, Water Usage=25292697.428
Tasks in Queue=10416.000, Tasks Dropped=0.000
Env sustaindc Task ca-discrete Algo happo Exp happo_rtask_25M updates 1105/3051 episodes, total num timesteps 9052160/25000000, FPS 317.
Average step reward is 0.8888406753540039.
Some episodes done, average episode reward is -1226.5565091281824.

Episode 1105: Avg Net Energy=239.566, Avg CO2=64854.490, Water Usage=36275252.733
Tasks in Queue=148240.000, Tasks Dropped=0.000
Evaluation average episode reward is -1393.2301022509828.

Episode 1105: Avg Net Energy=234.184, Avg CO2=58522.607, Water Usage=25285279.444
Tasks in Queue=10873.000, Tasks Dropped=0.000
Env sustaindc Task ca-discrete Algo happo Exp happo_rtask_25M updates 1110/3051 episodes, total num timesteps 9093120/25000000, FPS 317.
Average step reward is 0.8842838406562805.
Some episodes done, average episode reward is -1225.0679704011493.

Episode 1110: Avg Net Energy=239.530, Avg CO2=64209.987, Water Usage=36207448.781
Tasks in Queue=138892.000, Tasks Dropped=0.000
Evaluation average episode reward is -1347.740371506.

Episode 1110: Avg Net Energy=233.472, Avg CO2=59407.503, Water Usage=25242787.671
Tasks in Queue=10160.000, Tasks Dropped=0.000
Env sustaindc Task ca-discrete Algo happo Exp happo_rtask_25M updates 1115/3051 episodes, total num timesteps 9134080/25000000, FPS 317.
Average step reward is 0.9109213352203369.
Some episodes done, average episode reward is -1214.080426557991.

Episode 1115: Avg Net Energy=240.931, Avg CO2=51217.402, Water Usage=36298889.417
Tasks in Queue=129936.000, Tasks Dropped=0.000
Evaluation average episode reward is -1157.5953670798954.

Episode 1115: Avg Net Energy=231.411, Avg CO2=59332.747, Water Usage=25255647.822
Tasks in Queue=3338.000, Tasks Dropped=0.000
Env sustaindc Task ca-discrete Algo happo Exp happo_rtask_25M updates 1120/3051 episodes, total num timesteps 9175040/25000000, FPS 317.
Average step reward is 0.9349873065948486.
Some episodes done, average episode reward is -1237.3491351196822.

Episode 1120: Avg Net Energy=238.541, Avg CO2=56636.025, Water Usage=36062292.653
Tasks in Queue=107579.000, Tasks Dropped=0.000
Evaluation average episode reward is -1308.5341371386805.

Episode 1120: Avg Net Energy=233.555, Avg CO2=57847.774, Water Usage=25282423.002
Tasks in Queue=2231.000, Tasks Dropped=0.000
Env sustaindc Task ca-discrete Algo happo Exp happo_rtask_25M updates 1125/3051 episodes, total num timesteps 9216000/25000000, FPS 317.
Average step reward is 0.8647400140762329.
Some episodes done, average episode reward is -1237.884663676245.

Episode 1125: Avg Net Energy=240.178, Avg CO2=64927.372, Water Usage=36300313.591
Tasks in Queue=109048.000, Tasks Dropped=0.000
Evaluation average episode reward is -1292.668487151029.

Episode 1125: Avg Net Energy=232.794, Avg CO2=56806.624, Water Usage=25312901.159
Tasks in Queue=1786.000, Tasks Dropped=0.000
Env sustaindc Task ca-discrete Algo happo Exp happo_rtask_25M updates 1130/3051 episodes, total num timesteps 9256960/25000000, FPS 317.
Average step reward is 0.857882559299469.
Some episodes done, average episode reward is -1206.0601053960218.

Episode 1130: Avg Net Energy=241.813, Avg CO2=65816.340, Water Usage=36322296.244
Tasks in Queue=123505.000, Tasks Dropped=0.000
Evaluation average episode reward is -1378.8824087277299.

Episode 1130: Avg Net Energy=233.630, Avg CO2=59268.895, Water Usage=25382009.572
Tasks in Queue=8982.000, Tasks Dropped=0.000
Env sustaindc Task ca-discrete Algo happo Exp happo_rtask_25M updates 1135/3051 episodes, total num timesteps 9297920/25000000, FPS 317.
Average step reward is 0.8647981882095337.
Some episodes done, average episode reward is -1256.8933768613374.

Episode 1135: Avg Net Energy=243.346, Avg CO2=59368.109, Water Usage=36452314.956
Tasks in Queue=151593.000, Tasks Dropped=0.000
Evaluation average episode reward is -1251.1821363666015.

Episode 1135: Avg Net Energy=232.580, Avg CO2=56474.422, Water Usage=25256284.366
Tasks in Queue=6509.000, Tasks Dropped=0.000
Env sustaindc Task ca-discrete Algo happo Exp happo_rtask_25M updates 1140/3051 episodes, total num timesteps 9338880/25000000, FPS 317.
Average step reward is 0.9043750762939453.
Some episodes done, average episode reward is -1230.2910886550226.

Episode 1140: Avg Net Energy=243.042, Avg CO2=51978.332, Water Usage=36351803.139
Tasks in Queue=102283.000, Tasks Dropped=0.000
Evaluation average episode reward is -1141.045896480345.

Episode 1140: Avg Net Energy=231.641, Avg CO2=57795.863, Water Usage=25198416.666
Tasks in Queue=5225.000, Tasks Dropped=0.000
Env sustaindc Task ca-discrete Algo happo Exp happo_rtask_25M updates 1145/3051 episodes, total num timesteps 9379840/25000000, FPS 318.
Average step reward is 0.8859833478927612.
Some episodes done, average episode reward is -1249.7085715904132.

Episode 1145: Avg Net Energy=241.039, Avg CO2=61313.200, Water Usage=36356817.541
Tasks in Queue=88552.000, Tasks Dropped=0.000
Evaluation average episode reward is -1298.8860688616005.

Episode 1145: Avg Net Energy=232.567, Avg CO2=59215.308, Water Usage=25297643.993
Tasks in Queue=1985.000, Tasks Dropped=0.000
Env sustaindc Task ca-discrete Algo happo Exp happo_rtask_25M updates 1150/3051 episodes, total num timesteps 9420800/25000000, FPS 318.
Average step reward is 0.9539157152175903.
Some episodes done, average episode reward is -1254.553690051065.

Episode 1150: Avg Net Energy=236.625, Avg CO2=63785.184, Water Usage=35921747.425
Tasks in Queue=93439.000, Tasks Dropped=0.000
Evaluation average episode reward is -1295.0101934822053.

Episode 1150: Avg Net Energy=232.258, Avg CO2=59844.937, Water Usage=25279120.566
Tasks in Queue=913.000, Tasks Dropped=0.000
Env sustaindc Task ca-discrete Algo happo Exp happo_rtask_25M updates 1155/3051 episodes, total num timesteps 9461760/25000000, FPS 318.
Average step reward is 0.8874896764755249.
Some episodes done, average episode reward is -1220.055363087155.

Episode 1155: Avg Net Energy=242.623, Avg CO2=60175.939, Water Usage=36501230.680
Tasks in Queue=100965.000, Tasks Dropped=0.000
Evaluation average episode reward is -1394.0339490277668.

Episode 1155: Avg Net Energy=234.143, Avg CO2=58487.030, Water Usage=25357403.365
Tasks in Queue=1506.000, Tasks Dropped=0.000
Env sustaindc Task ca-discrete Algo happo Exp happo_rtask_25M updates 1160/3051 episodes, total num timesteps 9502720/25000000, FPS 318.
Average step reward is 0.899728000164032.
Some episodes done, average episode reward is -1199.350121304514.

Episode 1160: Avg Net Energy=240.998, Avg CO2=56020.245, Water Usage=36313229.479
Tasks in Queue=104392.000, Tasks Dropped=0.000
Evaluation average episode reward is -1213.0134737398712.

Episode 1160: Avg Net Energy=232.747, Avg CO2=58914.708, Water Usage=25382262.645
Tasks in Queue=4440.000, Tasks Dropped=0.000
Env sustaindc Task ca-discrete Algo happo Exp happo_rtask_25M updates 1165/3051 episodes, total num timesteps 9543680/25000000, FPS 318.
Average step reward is 0.8876166939735413.
Some episodes done, average episode reward is -1256.1865962125353.

Episode 1165: Avg Net Energy=242.189, Avg CO2=56121.574, Water Usage=36364990.877
Tasks in Queue=122568.000, Tasks Dropped=0.000
Evaluation average episode reward is -1321.734295475923.

Episode 1165: Avg Net Energy=234.103, Avg CO2=58488.287, Water Usage=25327979.275
Tasks in Queue=7952.000, Tasks Dropped=0.000
Env sustaindc Task ca-discrete Algo happo Exp happo_rtask_25M updates 1170/3051 episodes, total num timesteps 9584640/25000000, FPS 318.
Average step reward is 0.8859050273895264.
Some episodes done, average episode reward is -1269.703936563793.

Episode 1170: Avg Net Energy=240.184, Avg CO2=65555.379, Water Usage=36251097.320
Tasks in Queue=130523.000, Tasks Dropped=0.000
Evaluation average episode reward is -1326.9311137158888.

Episode 1170: Avg Net Energy=233.697, Avg CO2=59347.690, Water Usage=25360099.966
Tasks in Queue=5115.000, Tasks Dropped=0.000
Env sustaindc Task ca-discrete Algo happo Exp happo_rtask_25M updates 1175/3051 episodes, total num timesteps 9625600/25000000, FPS 318.
Average step reward is 0.9023181200027466.
Some episodes done, average episode reward is -1215.9708809505096.

Episode 1175: Avg Net Energy=240.110, Avg CO2=64493.034, Water Usage=36231194.565
Tasks in Queue=99581.000, Tasks Dropped=0.000
Evaluation average episode reward is -1205.986577848468.

Episode 1175: Avg Net Energy=232.308, Avg CO2=56194.604, Water Usage=25207116.893
Tasks in Queue=4666.000, Tasks Dropped=0.000
Env sustaindc Task ca-discrete Algo happo Exp happo_rtask_25M updates 1180/3051 episodes, total num timesteps 9666560/25000000, FPS 318.
Average step reward is 0.917988657951355.
Some episodes done, average episode reward is -1207.0136239001356.

Episode 1180: Avg Net Energy=239.299, Avg CO2=61740.491, Water Usage=36137218.139
Tasks in Queue=105274.000, Tasks Dropped=0.000
Evaluation average episode reward is -1228.775809018608.

Episode 1180: Avg Net Energy=232.382, Avg CO2=56881.072, Water Usage=25217472.470
Tasks in Queue=11078.000, Tasks Dropped=0.000
Env sustaindc Task ca-discrete Algo happo Exp happo_rtask_25M updates 1185/3051 episodes, total num timesteps 9707520/25000000, FPS 318.
Average step reward is 0.9331339597702026.
Some episodes done, average episode reward is -1208.0152210337187.

Episode 1185: Avg Net Energy=237.880, Avg CO2=54866.066, Water Usage=35976346.549
Tasks in Queue=145526.000, Tasks Dropped=0.000
Evaluation average episode reward is -1171.092561126802.

Episode 1185: Avg Net Energy=231.279, Avg CO2=59928.608, Water Usage=25125520.196
Tasks in Queue=14875.000, Tasks Dropped=0.000
Env sustaindc Task ca-discrete Algo happo Exp happo_rtask_25M updates 1190/3051 episodes, total num timesteps 9748480/25000000, FPS 318.
Average step reward is 0.9292770028114319.
Some episodes done, average episode reward is -1202.7695744940975.

Episode 1190: Avg Net Energy=237.509, Avg CO2=62651.279, Water Usage=36058397.706
Tasks in Queue=132885.000, Tasks Dropped=0.000
Evaluation average episode reward is -1391.0164198136238.

Episode 1190: Avg Net Energy=233.500, Avg CO2=56564.994, Water Usage=25254575.608
Tasks in Queue=17751.000, Tasks Dropped=0.000
Env sustaindc Task ca-discrete Algo happo Exp happo_rtask_25M updates 1195/3051 episodes, total num timesteps 9789440/25000000, FPS 318.
Average step reward is 0.8540356159210205.
Some episodes done, average episode reward is -1214.0945543603284.

Episode 1195: Avg Net Energy=240.574, Avg CO2=66101.335, Water Usage=36404792.057
Tasks in Queue=116116.000, Tasks Dropped=0.000
Evaluation average episode reward is -1179.9083510550988.

Episode 1195: Avg Net Energy=231.303, Avg CO2=55734.825, Water Usage=25160776.813
Tasks in Queue=9973.000, Tasks Dropped=0.000
Env sustaindc Task ca-discrete Algo happo Exp happo_rtask_25M updates 1200/3051 episodes, total num timesteps 9830400/25000000, FPS 318.
Average step reward is 0.898327112197876.
Some episodes done, average episode reward is -1295.8034307902665.

Episode 1200: Avg Net Energy=238.992, Avg CO2=61703.985, Water Usage=36158613.444
Tasks in Queue=94811.000, Tasks Dropped=0.000
Evaluation average episode reward is -1309.5063506230151.

Episode 1200: Avg Net Energy=232.824, Avg CO2=57679.547, Water Usage=25352032.423
Tasks in Queue=3891.000, Tasks Dropped=0.000
Env sustaindc Task ca-discrete Algo happo Exp happo_rtask_25M updates 1205/3051 episodes, total num timesteps 9871360/25000000, FPS 318.
Average step reward is 0.9119031429290771.
Some episodes done, average episode reward is -1225.0700506845633.

Episode 1205: Avg Net Energy=240.611, Avg CO2=52445.333, Water Usage=36176395.497
Tasks in Queue=102283.000, Tasks Dropped=0.000
Evaluation average episode reward is -1348.3940980940813.

Episode 1205: Avg Net Energy=233.110, Avg CO2=58718.615, Water Usage=25326389.168
Tasks in Queue=6532.000, Tasks Dropped=0.000
Env sustaindc Task ca-discrete Algo happo Exp happo_rtask_25M updates 1210/3051 episodes, total num timesteps 9912320/25000000, FPS 318.
Average step reward is 0.9149484634399414.
Some episodes done, average episode reward is -1268.2080713762243.

Episode 1210: Avg Net Energy=241.253, Avg CO2=56731.290, Water Usage=36300946.630
Tasks in Queue=106562.000, Tasks Dropped=0.000
Evaluation average episode reward is -1344.4722808364936.

Episode 1210: Avg Net Energy=233.406, Avg CO2=56540.004, Water Usage=25255724.456
Tasks in Queue=7672.000, Tasks Dropped=0.000
Env sustaindc Task ca-discrete Algo happo Exp happo_rtask_25M updates 1215/3051 episodes, total num timesteps 9953280/25000000, FPS 318.
Average step reward is 0.9462741017341614.
Some episodes done, average episode reward is -1178.2685685818128.

Episode 1215: Avg Net Energy=235.697, Avg CO2=64265.562, Water Usage=35970958.516
Tasks in Queue=119977.000, Tasks Dropped=0.000
Evaluation average episode reward is -1156.6652080208387.

Episode 1215: Avg Net Energy=231.300, Avg CO2=59435.646, Water Usage=25094539.180
Tasks in Queue=7052.000, Tasks Dropped=0.000
Env sustaindc Task ca-discrete Algo happo Exp happo_rtask_25M updates 1220/3051 episodes, total num timesteps 9994240/25000000, FPS 319.
Average step reward is 0.9350636005401611.
Some episodes done, average episode reward is -1222.8639786796807.

Episode 1220: Avg Net Energy=235.423, Avg CO2=63007.303, Water Usage=35872197.791
Tasks in Queue=125959.000, Tasks Dropped=0.000
Evaluation average episode reward is -1317.9748776148278.

Episode 1220: Avg Net Energy=232.367, Avg CO2=62469.364, Water Usage=25260643.232
Tasks in Queue=17554.000, Tasks Dropped=0.000
Env sustaindc Task ca-discrete Algo happo Exp happo_rtask_25M updates 1225/3051 episodes, total num timesteps 10035200/25000000, FPS 319.
Average step reward is 0.8738293647766113.
Some episodes done, average episode reward is -1245.2022600733683.

Episode 1225: Avg Net Energy=242.706, Avg CO2=58888.077, Water Usage=36359718.215
Tasks in Queue=133371.000, Tasks Dropped=0.000
Evaluation average episode reward is -1327.8365953245436.

Episode 1225: Avg Net Energy=233.467, Avg CO2=57821.399, Water Usage=25256148.540
Tasks in Queue=7011.000, Tasks Dropped=0.000
Env sustaindc Task ca-discrete Algo happo Exp happo_rtask_25M updates 1230/3051 episodes, total num timesteps 10076160/25000000, FPS 319.
Average step reward is 0.8736580610275269.
Some episodes done, average episode reward is -1276.6508256232923.

Episode 1230: Avg Net Energy=243.987, Avg CO2=55146.985, Water Usage=36480364.012
Tasks in Queue=96693.000, Tasks Dropped=0.000
Evaluation average episode reward is -1321.752974120241.

Episode 1230: Avg Net Energy=233.798, Avg CO2=60003.772, Water Usage=25444886.927
Tasks in Queue=4230.000, Tasks Dropped=0.000
Env sustaindc Task ca-discrete Algo happo Exp happo_rtask_25M updates 1235/3051 episodes, total num timesteps 10117120/25000000, FPS 319.
Average step reward is 0.9165720343589783.
Some episodes done, average episode reward is -1228.7814202919071.

Episode 1235: Avg Net Energy=239.513, Avg CO2=61996.808, Water Usage=36101525.447
Tasks in Queue=92890.000, Tasks Dropped=0.000
Evaluation average episode reward is -1249.4372731915325.

Episode 1235: Avg Net Energy=232.884, Avg CO2=56646.588, Water Usage=25058007.958
Tasks in Queue=4388.000, Tasks Dropped=0.000
Env sustaindc Task ca-discrete Algo happo Exp happo_rtask_25M updates 1240/3051 episodes, total num timesteps 10158080/25000000, FPS 319.
Average step reward is 0.8551630973815918.
Some episodes done, average episode reward is -1198.01566829268.

Episode 1240: Avg Net Energy=242.551, Avg CO2=66930.774, Water Usage=36566364.155
Tasks in Queue=106137.000, Tasks Dropped=0.000
Evaluation average episode reward is -1180.0990666183739.

Episode 1240: Avg Net Energy=232.171, Avg CO2=61100.106, Water Usage=25196127.491
Tasks in Queue=2184.000, Tasks Dropped=0.000
Env sustaindc Task ca-discrete Algo happo Exp happo_rtask_25M updates 1245/3051 episodes, total num timesteps 10199040/25000000, FPS 319.
Average step reward is 0.960403561592102.
Some episodes done, average episode reward is -1189.4180728087827.

Episode 1245: Avg Net Energy=236.121, Avg CO2=60234.292, Water Usage=35850724.781
Tasks in Queue=98995.000, Tasks Dropped=0.000
Evaluation average episode reward is -1192.4264515746638.

Episode 1245: Avg Net Energy=232.019, Avg CO2=57073.693, Water Usage=25212406.821
Tasks in Queue=6045.000, Tasks Dropped=0.000
Env sustaindc Task ca-discrete Algo happo Exp happo_rtask_25M updates 1250/3051 episodes, total num timesteps 10240000/25000000, FPS 319.
Average step reward is 0.8656507730484009.
Some episodes done, average episode reward is -1214.7991101915145.

Episode 1250: Avg Net Energy=245.580, Avg CO2=52181.007, Water Usage=36627883.369
Tasks in Queue=104531.000, Tasks Dropped=0.000
Evaluation average episode reward is -1307.297228169163.

Episode 1250: Avg Net Energy=232.429, Avg CO2=59087.479, Water Usage=25270602.989
Tasks in Queue=4944.000, Tasks Dropped=0.000
Env sustaindc Task ca-discrete Algo happo Exp happo_rtask_25M updates 1255/3051 episodes, total num timesteps 10280960/25000000, FPS 319.
Average step reward is 0.9123568534851074.
Some episodes done, average episode reward is -1210.744750981738.

Episode 1255: Avg Net Energy=238.742, Avg CO2=57299.360, Water Usage=36159403.047
Tasks in Queue=113599.000, Tasks Dropped=0.000
Evaluation average episode reward is -1309.35667115114.

Episode 1255: Avg Net Energy=232.128, Avg CO2=62463.496, Water Usage=25354808.412
Tasks in Queue=3625.000, Tasks Dropped=0.000
Env sustaindc Task ca-discrete Algo happo Exp happo_rtask_25M updates 1260/3051 episodes, total num timesteps 10321920/25000000, FPS 319.
Average step reward is 0.9274588823318481.
Some episodes done, average episode reward is -1209.2241239420187.

Episode 1260: Avg Net Energy=236.257, Avg CO2=64225.715, Water Usage=35892372.940
Tasks in Queue=111687.000, Tasks Dropped=0.000
Evaluation average episode reward is -1385.7758321367835.

Episode 1260: Avg Net Energy=233.519, Avg CO2=59037.738, Water Usage=25210705.355
Tasks in Queue=10340.000, Tasks Dropped=0.000
Env sustaindc Task ca-discrete Algo happo Exp happo_rtask_25M updates 1265/3051 episodes, total num timesteps 10362880/25000000, FPS 319.
Average step reward is 0.9480869770050049.
Some episodes done, average episode reward is -1301.8777471994372.

Episode 1265: Avg Net Energy=235.126, Avg CO2=62277.815, Water Usage=35832538.850
Tasks in Queue=126440.000, Tasks Dropped=0.000
Evaluation average episode reward is -1160.9832981756329.

Episode 1265: Avg Net Energy=231.390, Avg CO2=60568.260, Water Usage=25138260.254
Tasks in Queue=12911.000, Tasks Dropped=0.000
Env sustaindc Task ca-discrete Algo happo Exp happo_rtask_25M updates 1270/3051 episodes, total num timesteps 10403840/25000000, FPS 319.
Average step reward is 0.9121429920196533.
Some episodes done, average episode reward is -1207.7951534198987.

Episode 1270: Avg Net Energy=239.288, Avg CO2=56557.857, Water Usage=36155869.086
Tasks in Queue=136315.000, Tasks Dropped=0.000
Evaluation average episode reward is -1337.0984250068323.

Episode 1270: Avg Net Energy=233.725, Avg CO2=57989.008, Water Usage=25351676.970
Tasks in Queue=9528.000, Tasks Dropped=0.000
Env sustaindc Task ca-discrete Algo happo Exp happo_rtask_25M updates 1275/3051 episodes, total num timesteps 10444800/25000000, FPS 319.
Average step reward is 0.9132499694824219.
Some episodes done, average episode reward is -1230.7616192664123.

Episode 1275: Avg Net Energy=239.002, Avg CO2=55480.453, Water Usage=36125262.257
Tasks in Queue=117178.000, Tasks Dropped=0.000
Evaluation average episode reward is -1280.354199681955.

Episode 1275: Avg Net Energy=233.627, Avg CO2=59516.644, Water Usage=25375927.910
Tasks in Queue=9815.000, Tasks Dropped=0.000
Env sustaindc Task ca-discrete Algo happo Exp happo_rtask_25M updates 1280/3051 episodes, total num timesteps 10485760/25000000, FPS 319.
Average step reward is 0.9198054075241089.
Some episodes done, average episode reward is -1276.0634101174658.

Episode 1280: Avg Net Energy=238.358, Avg CO2=62205.082, Water Usage=36135704.686
Tasks in Queue=114038.000, Tasks Dropped=0.000
Evaluation average episode reward is -1289.7045418074379.

Episode 1280: Avg Net Energy=233.355, Avg CO2=57872.135, Water Usage=25368470.824
Tasks in Queue=3273.000, Tasks Dropped=0.000
Env sustaindc Task ca-discrete Algo happo Exp happo_rtask_25M updates 1285/3051 episodes, total num timesteps 10526720/25000000, FPS 319.
Average step reward is 0.8956589102745056.
Some episodes done, average episode reward is -1202.3788071645263.

Episode 1285: Avg Net Energy=239.601, Avg CO2=64215.084, Water Usage=36159203.154
Tasks in Queue=106038.000, Tasks Dropped=0.000
Evaluation average episode reward is -1216.0381243236081.

Episode 1285: Avg Net Energy=232.324, Avg CO2=56982.365, Water Usage=25247981.744
Tasks in Queue=3289.000, Tasks Dropped=0.000
Env sustaindc Task ca-discrete Algo happo Exp happo_rtask_25M updates 1290/3051 episodes, total num timesteps 10567680/25000000, FPS 319.
Average step reward is 0.8855036497116089.
Some episodes done, average episode reward is -1205.9836292812424.

Episode 1290: Avg Net Energy=239.796, Avg CO2=63383.793, Water Usage=36297641.887
Tasks in Queue=131056.000, Tasks Dropped=0.000
Evaluation average episode reward is -1109.3409155724214.

Episode 1290: Avg Net Energy=231.139, Avg CO2=57440.804, Water Usage=25197712.829
Tasks in Queue=10514.000, Tasks Dropped=0.000
We are saving model weights at episode 1290 with average episode reward -1109.3409155724214

Env sustaindc Task ca-discrete Algo happo Exp happo_rtask_25M updates 1295/3051 episodes, total num timesteps 10608640/25000000, FPS 319.
Average step reward is 0.906417965888977.
Some episodes done, average episode reward is -1225.320336011407.

Episode 1295: Avg Net Energy=240.882, Avg CO2=55108.789, Water Usage=36258456.265
Tasks in Queue=117417.000, Tasks Dropped=0.000
Evaluation average episode reward is -1268.4043863077316.

Episode 1295: Avg Net Energy=232.330, Avg CO2=56574.610, Water Usage=25193894.806
Tasks in Queue=7620.000, Tasks Dropped=0.000
Env sustaindc Task ca-discrete Algo happo Exp happo_rtask_25M updates 1300/3051 episodes, total num timesteps 10649600/25000000, FPS 319.
Average step reward is 0.914720892906189.
Some episodes done, average episode reward is -1276.9845816074912.

Episode 1300: Avg Net Energy=241.789, Avg CO2=54985.049, Water Usage=36313304.580
Tasks in Queue=111005.000, Tasks Dropped=0.000
Evaluation average episode reward is -1368.4227170010652.

Episode 1300: Avg Net Energy=233.607, Avg CO2=58541.525, Water Usage=25400983.346
Tasks in Queue=3644.000, Tasks Dropped=0.000
Env sustaindc Task ca-discrete Algo happo Exp happo_rtask_25M updates 1305/3051 episodes, total num timesteps 10690560/25000000, FPS 320.
Average step reward is 0.9107617735862732.
Some episodes done, average episode reward is -1235.7467126547747.

Episode 1305: Avg Net Energy=239.773, Avg CO2=66413.608, Water Usage=36417813.185
Tasks in Queue=124373.000, Tasks Dropped=0.000
Evaluation average episode reward is -1273.1018171973512.

Episode 1305: Avg Net Energy=232.479, Avg CO2=57540.446, Water Usage=25290769.266
Tasks in Queue=4690.000, Tasks Dropped=0.000
Env sustaindc Task ca-discrete Algo happo Exp happo_rtask_25M updates 1310/3051 episodes, total num timesteps 10731520/25000000, FPS 320.
Average step reward is 0.912175714969635.
Some episodes done, average episode reward is -1168.6136394289974.

Episode 1310: Avg Net Energy=239.289, Avg CO2=63918.312, Water Usage=36108853.331
Tasks in Queue=157519.000, Tasks Dropped=0.000
Evaluation average episode reward is -1250.5326645253592.

Episode 1310: Avg Net Energy=231.958, Avg CO2=59043.714, Water Usage=25217008.911
Tasks in Queue=14877.000, Tasks Dropped=0.000
Env sustaindc Task ca-discrete Algo happo Exp happo_rtask_25M updates 1315/3051 episodes, total num timesteps 10772480/25000000, FPS 320.
Average step reward is 0.9074113368988037.
Some episodes done, average episode reward is -1250.534201646595.

Episode 1315: Avg Net Energy=240.229, Avg CO2=55757.168, Water Usage=36197322.310
Tasks in Queue=205913.000, Tasks Dropped=0.000
Evaluation average episode reward is -1167.6940614717125.

Episode 1315: Avg Net Energy=231.083, Avg CO2=60259.210, Water Usage=25178644.074
Tasks in Queue=25267.000, Tasks Dropped=0.000
Env sustaindc Task ca-discrete Algo happo Exp happo_rtask_25M updates 1320/3051 episodes, total num timesteps 10813440/25000000, FPS 320.
Average step reward is 0.9150427579879761.
Some episodes done, average episode reward is -1190.0482467757688.

Episode 1320: Avg Net Energy=239.524, Avg CO2=56273.180, Water Usage=36174594.160
Tasks in Queue=146748.000, Tasks Dropped=0.000
Evaluation average episode reward is -1223.9347327083435.

Episode 1320: Avg Net Energy=231.558, Avg CO2=57008.284, Water Usage=25140464.398
Tasks in Queue=13189.000, Tasks Dropped=0.000
Env sustaindc Task ca-discrete Algo happo Exp happo_rtask_25M updates 1325/3051 episodes, total num timesteps 10854400/25000000, FPS 320.
Average step reward is 0.9153529405593872.
Some episodes done, average episode reward is -1276.694276411376.

Episode 1325: Avg Net Energy=237.883, Avg CO2=62367.692, Water Usage=36064438.371
Tasks in Queue=124067.000, Tasks Dropped=0.000
Evaluation average episode reward is -1210.1680756300977.

Episode 1325: Avg Net Energy=231.410, Avg CO2=56977.532, Water Usage=25096772.570
Tasks in Queue=10226.000, Tasks Dropped=0.000
Env sustaindc Task ca-discrete Algo happo Exp happo_rtask_25M updates 1330/3051 episodes, total num timesteps 10895360/25000000, FPS 320.
Average step reward is 0.9088655710220337.
Some episodes done, average episode reward is -1210.4787021229163.

Episode 1330: Avg Net Energy=238.694, Avg CO2=64762.830, Water Usage=36099720.450
Tasks in Queue=113464.000, Tasks Dropped=0.000
Evaluation average episode reward is -1246.9002545381993.

Episode 1330: Avg Net Energy=231.296, Avg CO2=55750.795, Water Usage=25219098.549
Tasks in Queue=9814.000, Tasks Dropped=0.000
Env sustaindc Task ca-discrete Algo happo Exp happo_rtask_25M updates 1335/3051 episodes, total num timesteps 10936320/25000000, FPS 320.
Average step reward is 0.8964827656745911.
Some episodes done, average episode reward is -1222.374733609443.

Episode 1335: Avg Net Energy=239.566, Avg CO2=64097.315, Water Usage=36156873.279
Tasks in Queue=117122.000, Tasks Dropped=0.000
Evaluation average episode reward is -1345.21090971636.

Episode 1335: Avg Net Energy=232.723, Avg CO2=56239.399, Water Usage=25210542.390
Tasks in Queue=6923.000, Tasks Dropped=0.000
Env sustaindc Task ca-discrete Algo happo Exp happo_rtask_25M updates 1340/3051 episodes, total num timesteps 10977280/25000000, FPS 320.
Average step reward is 0.9116026759147644.
Some episodes done, average episode reward is -1212.1877716381266.

Episode 1340: Avg Net Energy=239.935, Avg CO2=56802.236, Water Usage=36280824.968
Tasks in Queue=138675.000, Tasks Dropped=0.000
Evaluation average episode reward is -1323.9898010539061.

Episode 1340: Avg Net Energy=232.198, Avg CO2=59776.957, Water Usage=25240226.210
Tasks in Queue=4788.000, Tasks Dropped=0.000
Env sustaindc Task ca-discrete Algo happo Exp happo_rtask_25M updates 1345/3051 episodes, total num timesteps 11018240/25000000, FPS 320.
Average step reward is 0.8732556104660034.
Some episodes done, average episode reward is -1269.0543917895475.

Episode 1345: Avg Net Energy=241.310, Avg CO2=57819.348, Water Usage=36219212.585
Tasks in Queue=119286.000, Tasks Dropped=0.000
Evaluation average episode reward is -1333.4588269317985.

Episode 1345: Avg Net Energy=233.201, Avg CO2=57588.804, Water Usage=25286741.628
Tasks in Queue=5246.000, Tasks Dropped=0.000
Env sustaindc Task ca-discrete Algo happo Exp happo_rtask_25M updates 1350/3051 episodes, total num timesteps 11059200/25000000, FPS 320.
Average step reward is 0.9160172939300537.
Some episodes done, average episode reward is -1235.274492109612.

Episode 1350: Avg Net Energy=239.104, Avg CO2=66431.884, Water Usage=36168984.786
Tasks in Queue=116872.000, Tasks Dropped=0.000
Evaluation average episode reward is -1287.6170475762647.

Episode 1350: Avg Net Energy=232.825, Avg CO2=61121.416, Water Usage=25320429.991
Tasks in Queue=6607.000, Tasks Dropped=0.000
Env sustaindc Task ca-discrete Algo happo Exp happo_rtask_25M updates 1355/3051 episodes, total num timesteps 11100160/25000000, FPS 320.
Average step reward is 0.9014576077461243.
Some episodes done, average episode reward is -1171.9175915982514.

Episode 1355: Avg Net Energy=239.084, Avg CO2=64038.768, Water Usage=36114405.029
Tasks in Queue=134981.000, Tasks Dropped=0.000
Evaluation average episode reward is -1215.17148711613.

Episode 1355: Avg Net Energy=231.811, Avg CO2=59475.015, Water Usage=25130744.125
Tasks in Queue=9541.000, Tasks Dropped=0.000
Env sustaindc Task ca-discrete Algo happo Exp happo_rtask_25M updates 1360/3051 episodes, total num timesteps 11141120/25000000, FPS 320.
Average step reward is 0.9219685196876526.
Some episodes done, average episode reward is -1180.635172384063.

Episode 1360: Avg Net Energy=239.208, Avg CO2=59830.049, Water Usage=36199784.498
Tasks in Queue=119484.000, Tasks Dropped=0.000
Evaluation average episode reward is -1315.075660209899.

Episode 1360: Avg Net Energy=232.506, Avg CO2=62468.633, Water Usage=25248016.128
Tasks in Queue=4215.000, Tasks Dropped=0.000
Env sustaindc Task ca-discrete Algo happo Exp happo_rtask_25M updates 1365/3051 episodes, total num timesteps 11182080/25000000, FPS 320.
Average step reward is 0.9171135425567627.
Some episodes done, average episode reward is -1243.77150997857.

Episode 1365: Avg Net Energy=240.119, Avg CO2=54375.817, Water Usage=36187030.796
Tasks in Queue=107902.000, Tasks Dropped=0.000
Evaluation average episode reward is -1318.5325856551672.

Episode 1365: Avg Net Energy=232.799, Avg CO2=56775.316, Water Usage=25259344.396
Tasks in Queue=2084.000, Tasks Dropped=0.000
Env sustaindc Task ca-discrete Algo happo Exp happo_rtask_25M updates 1370/3051 episodes, total num timesteps 11223040/25000000, FPS 320.
Average step reward is 0.895392656326294.
Some episodes done, average episode reward is -1251.1432669419078.

Episode 1370: Avg Net Energy=239.823, Avg CO2=62303.203, Water Usage=36244913.930
Tasks in Queue=94270.000, Tasks Dropped=0.000
Evaluation average episode reward is -1378.1039349607563.

Episode 1370: Avg Net Energy=233.677, Avg CO2=61400.034, Water Usage=25232238.621
Tasks in Queue=1699.000, Tasks Dropped=0.000
Env sustaindc Task ca-discrete Algo happo Exp happo_rtask_25M updates 1375/3051 episodes, total num timesteps 11264000/25000000, FPS 320.
Average step reward is 0.9119472503662109.
Some episodes done, average episode reward is -1229.3857035027263.

Episode 1375: Avg Net Energy=238.093, Avg CO2=64151.048, Water Usage=36158038.859
Tasks in Queue=125697.000, Tasks Dropped=0.000
Evaluation average episode reward is -1211.8197210398837.

Episode 1375: Avg Net Energy=232.629, Avg CO2=58842.074, Water Usage=25334222.210
Tasks in Queue=6279.000, Tasks Dropped=0.000
Env sustaindc Task ca-discrete Algo happo Exp happo_rtask_25M updates 1380/3051 episodes, total num timesteps 11304960/25000000, FPS 320.
Average step reward is 0.9073067903518677.
Some episodes done, average episode reward is -1210.1297421889362.

Episode 1380: Avg Net Energy=239.522, Avg CO2=61873.334, Water Usage=36215320.159
Tasks in Queue=130519.000, Tasks Dropped=0.000
Evaluation average episode reward is -1259.3457144146653.

Episode 1380: Avg Net Energy=232.396, Avg CO2=59752.367, Water Usage=25299308.002
Tasks in Queue=3933.000, Tasks Dropped=0.000
Env sustaindc Task ca-discrete Algo happo Exp happo_rtask_25M updates 1385/3051 episodes, total num timesteps 11345920/25000000, FPS 320.
Average step reward is 0.8836662769317627.
Some episodes done, average episode reward is -1234.1461468415264.

Episode 1385: Avg Net Energy=241.976, Avg CO2=55765.462, Water Usage=36361170.547
Tasks in Queue=123672.000, Tasks Dropped=0.000
Evaluation average episode reward is -1343.0174455013787.

Episode 1385: Avg Net Energy=233.635, Avg CO2=59065.379, Water Usage=25262046.713
Tasks in Queue=2703.000, Tasks Dropped=0.000
Env sustaindc Task ca-discrete Algo happo Exp happo_rtask_25M updates 1390/3051 episodes, total num timesteps 11386880/25000000, FPS 320.
Average step reward is 0.9128912687301636.
Some episodes done, average episode reward is -1226.350249270607.

Episode 1390: Avg Net Energy=239.878, Avg CO2=56743.791, Water Usage=36196120.790
Tasks in Queue=96729.000, Tasks Dropped=0.000
Evaluation average episode reward is -1293.7260718760174.

Episode 1390: Avg Net Energy=232.772, Avg CO2=59636.342, Water Usage=25241754.205
Tasks in Queue=753.000, Tasks Dropped=0.000
Env sustaindc Task ca-discrete Algo happo Exp happo_rtask_25M updates 1395/3051 episodes, total num timesteps 11427840/25000000, FPS 320.
Average step reward is 0.9235386848449707.
Some episodes done, average episode reward is -1240.5822960950932.

Episode 1395: Avg Net Energy=237.677, Avg CO2=65044.967, Water Usage=36096322.224
Tasks in Queue=93816.000, Tasks Dropped=0.000
Evaluation average episode reward is -1291.328430485761.

Episode 1395: Avg Net Energy=233.376, Avg CO2=57746.331, Water Usage=25399451.224
Tasks in Queue=4230.000, Tasks Dropped=0.000
Env sustaindc Task ca-discrete Algo happo Exp happo_rtask_25M updates 1400/3051 episodes, total num timesteps 11468800/25000000, FPS 320.
Average step reward is 0.8797935247421265.
Some episodes done, average episode reward is -1216.198687421504.

Episode 1400: Avg Net Energy=240.752, Avg CO2=64466.627, Water Usage=36306096.620
Tasks in Queue=100456.000, Tasks Dropped=0.000
Evaluation average episode reward is -1249.0811010343582.

Episode 1400: Avg Net Energy=232.731, Avg CO2=56302.964, Water Usage=25269094.270
Tasks in Queue=1692.000, Tasks Dropped=0.000
Env sustaindc Task ca-discrete Algo happo Exp happo_rtask_25M updates 1405/3051 episodes, total num timesteps 11509760/25000000, FPS 320.
Average step reward is 0.8732753992080688.
Some episodes done, average episode reward is -1229.2343284911494.

Episode 1405: Avg Net Energy=242.261, Avg CO2=59510.767, Water Usage=36426563.291
Tasks in Queue=141901.000, Tasks Dropped=0.000
Evaluation average episode reward is -1299.1429971065077.

Episode 1405: Avg Net Energy=232.968, Avg CO2=59824.095, Water Usage=25301599.406
Tasks in Queue=6464.000, Tasks Dropped=0.000
Env sustaindc Task ca-discrete Algo happo Exp happo_rtask_25M updates 1410/3051 episodes, total num timesteps 11550720/25000000, FPS 320.
Average step reward is 0.9020372629165649.
Some episodes done, average episode reward is -1253.0131873579912.

Episode 1410: Avg Net Energy=241.343, Avg CO2=53463.720, Water Usage=36380632.107
Tasks in Queue=102995.000, Tasks Dropped=0.000
Evaluation average episode reward is -1216.9615994606602.

Episode 1410: Avg Net Energy=231.958, Avg CO2=59019.070, Water Usage=25123633.834
Tasks in Queue=3793.000, Tasks Dropped=0.000
Env sustaindc Task ca-discrete Algo happo Exp happo_rtask_25M updates 1415/3051 episodes, total num timesteps 11591680/25000000, FPS 320.
Average step reward is 0.9159344434738159.
Some episodes done, average episode reward is -1207.9142881453647.

Episode 1415: Avg Net Energy=238.748, Avg CO2=60763.702, Water Usage=36100132.743
Tasks in Queue=123232.000, Tasks Dropped=0.000
Evaluation average episode reward is -1347.1865034950345.

Episode 1415: Avg Net Energy=233.892, Avg CO2=58511.741, Water Usage=25320677.545
Tasks in Queue=3912.000, Tasks Dropped=0.000
Env sustaindc Task ca-discrete Algo happo Exp happo_rtask_25M updates 1420/3051 episodes, total num timesteps 11632640/25000000, FPS 321.
Average step reward is 0.9085577726364136.
Some episodes done, average episode reward is -1231.108298579041.

Episode 1420: Avg Net Energy=238.328, Avg CO2=65402.849, Water Usage=36149517.623
Tasks in Queue=115604.000, Tasks Dropped=0.000
Evaluation average episode reward is -1262.5783483653329.

Episode 1420: Avg Net Energy=232.634, Avg CO2=56924.547, Water Usage=25357939.457
Tasks in Queue=438.000, Tasks Dropped=0.000
Env sustaindc Task ca-discrete Algo happo Exp happo_rtask_25M updates 1425/3051 episodes, total num timesteps 11673600/25000000, FPS 321.
Average step reward is 0.8944031596183777.
Some episodes done, average episode reward is -1243.7946215453821.

Episode 1425: Avg Net Energy=239.904, Avg CO2=62087.668, Water Usage=36171838.531
Tasks in Queue=112109.000, Tasks Dropped=0.000
Evaluation average episode reward is -1272.1639937860862.

Episode 1425: Avg Net Energy=232.750, Avg CO2=56782.253, Water Usage=25349909.334
Tasks in Queue=4133.000, Tasks Dropped=0.000
Env sustaindc Task ca-discrete Algo happo Exp happo_rtask_25M updates 1430/3051 episodes, total num timesteps 11714560/25000000, FPS 321.
Average step reward is 0.8848451375961304.
Some episodes done, average episode reward is -1227.1746619812989.

Episode 1430: Avg Net Energy=241.468, Avg CO2=56120.294, Water Usage=36336958.006
Tasks in Queue=177303.000, Tasks Dropped=0.000
Evaluation average episode reward is -1219.3915282768078.

Episode 1430: Avg Net Energy=232.409, Avg CO2=57298.485, Water Usage=25225467.261
Tasks in Queue=11949.000, Tasks Dropped=0.000
Env sustaindc Task ca-discrete Algo happo Exp happo_rtask_25M updates 1435/3051 episodes, total num timesteps 11755520/25000000, FPS 321.
Average step reward is 0.8833768367767334.
Some episodes done, average episode reward is -1254.8742208791894.

Episode 1435: Avg Net Energy=241.070, Avg CO2=57269.200, Water Usage=36302486.122
Tasks in Queue=142507.000, Tasks Dropped=0.000
Evaluation average episode reward is -1252.6027568678253.

Episode 1435: Avg Net Energy=232.768, Avg CO2=57275.587, Water Usage=25263008.341
Tasks in Queue=6386.000, Tasks Dropped=0.000
Env sustaindc Task ca-discrete Algo happo Exp happo_rtask_25M updates 1440/3051 episodes, total num timesteps 11796480/25000000, FPS 321.
Average step reward is 0.8819411993026733.
Some episodes done, average episode reward is -1253.0661176021563.

Episode 1440: Avg Net Energy=240.256, Avg CO2=65581.201, Water Usage=36235332.921
Tasks in Queue=119840.000, Tasks Dropped=0.000
Evaluation average episode reward is -1286.076864078884.

Episode 1440: Avg Net Energy=232.660, Avg CO2=59983.201, Water Usage=25257932.710
Tasks in Queue=4426.000, Tasks Dropped=0.000
Env sustaindc Task ca-discrete Algo happo Exp happo_rtask_25M updates 1445/3051 episodes, total num timesteps 11837440/25000000, FPS 321.
Average step reward is 0.9185792207717896.
Some episodes done, average episode reward is -1279.5173659114398.

Episode 1445: Avg Net Energy=239.014, Avg CO2=63494.201, Water Usage=36023419.572
Tasks in Queue=108550.000, Tasks Dropped=0.000
Evaluation average episode reward is -1257.890554576916.

Episode 1445: Avg Net Energy=232.177, Avg CO2=59616.119, Water Usage=25076573.434
Tasks in Queue=6296.000, Tasks Dropped=0.000
Env sustaindc Task ca-discrete Algo happo Exp happo_rtask_25M updates 1450/3051 episodes, total num timesteps 11878400/25000000, FPS 321.
Average step reward is 0.9331725239753723.
Some episodes done, average episode reward is -1174.2462523942204.

Episode 1450: Avg Net Energy=238.773, Avg CO2=57360.087, Water Usage=36128595.314
Tasks in Queue=124714.000, Tasks Dropped=0.000
Evaluation average episode reward is -1308.88306953854.

Episode 1450: Avg Net Energy=233.227, Avg CO2=58422.998, Water Usage=25279597.945
Tasks in Queue=5514.000, Tasks Dropped=0.000
Env sustaindc Task ca-discrete Algo happo Exp happo_rtask_25M updates 1455/3051 episodes, total num timesteps 11919360/25000000, FPS 321.
Average step reward is 0.9174899458885193.
Some episodes done, average episode reward is -1207.8796889557257.

Episode 1455: Avg Net Energy=241.172, Avg CO2=51219.104, Water Usage=36161739.213
Tasks in Queue=115041.000, Tasks Dropped=0.000
Evaluation average episode reward is -1245.3980814929985.

Episode 1455: Avg Net Energy=232.494, Avg CO2=57261.004, Water Usage=25155885.990
Tasks in Queue=13539.000, Tasks Dropped=0.000
Env sustaindc Task ca-discrete Algo happo Exp happo_rtask_25M updates 1460/3051 episodes, total num timesteps 11960320/25000000, FPS 321.
Average step reward is 0.9381582736968994.
Some episodes done, average episode reward is -1258.1216871010956.

Episode 1460: Avg Net Energy=236.535, Avg CO2=60202.492, Water Usage=35994702.901
Tasks in Queue=161773.000, Tasks Dropped=0.000
Evaluation average episode reward is -1359.2925079382333.

Episode 1460: Avg Net Energy=234.115, Avg CO2=58813.742, Water Usage=25322632.774
Tasks in Queue=13215.000, Tasks Dropped=0.000
Env sustaindc Task ca-discrete Algo happo Exp happo_rtask_25M updates 1465/3051 episodes, total num timesteps 12001280/25000000, FPS 321.
Average step reward is 0.8882275819778442.
Some episodes done, average episode reward is -1172.0644025283286.

Episode 1465: Avg Net Energy=238.490, Avg CO2=63626.984, Water Usage=36098335.204
Tasks in Queue=133124.000, Tasks Dropped=0.000
Evaluation average episode reward is -1230.4793243116326.

Episode 1465: Avg Net Energy=232.114, Avg CO2=62595.568, Water Usage=25165580.151
Tasks in Queue=12190.000, Tasks Dropped=0.000
Env sustaindc Task ca-discrete Algo happo Exp happo_rtask_25M updates 1470/3051 episodes, total num timesteps 12042240/25000000, FPS 321.
Average step reward is 0.8947502970695496.
Some episodes done, average episode reward is -1239.5986482468975.

Episode 1470: Avg Net Energy=240.008, Avg CO2=59560.053, Water Usage=36237828.917
Tasks in Queue=173733.000, Tasks Dropped=0.000
Evaluation average episode reward is -1229.2414001708041.

Episode 1470: Avg Net Energy=231.732, Avg CO2=59705.245, Water Usage=25282414.883
Tasks in Queue=25008.000, Tasks Dropped=0.000
Env sustaindc Task ca-discrete Algo happo Exp happo_rtask_25M updates 1475/3051 episodes, total num timesteps 12083200/25000000, FPS 321.
Average step reward is 0.8564812541007996.
Some episodes done, average episode reward is -1239.1498461431888.

Episode 1475: Avg Net Energy=244.075, Avg CO2=56205.515, Water Usage=36502649.691
Tasks in Queue=172968.000, Tasks Dropped=0.000
Evaluation average episode reward is -1215.5490503657645.

Episode 1475: Avg Net Energy=232.355, Avg CO2=58425.521, Water Usage=25144951.214
Tasks in Queue=21971.000, Tasks Dropped=0.000
Env sustaindc Task ca-discrete Algo happo Exp happo_rtask_25M updates 1480/3051 episodes, total num timesteps 12124160/25000000, FPS 321.
Average step reward is 0.9080391526222229.
Some episodes done, average episode reward is -1209.0272053638662.

Episode 1480: Avg Net Energy=239.497, Avg CO2=54795.823, Water Usage=36136313.249
Tasks in Queue=157092.000, Tasks Dropped=0.000
Evaluation average episode reward is -1307.0191976051774.

Episode 1480: Avg Net Energy=232.390, Avg CO2=59104.893, Water Usage=25192600.636
Tasks in Queue=19561.000, Tasks Dropped=0.000
Env sustaindc Task ca-discrete Algo happo Exp happo_rtask_25M updates 1485/3051 episodes, total num timesteps 12165120/25000000, FPS 321.
Average step reward is 0.9269619584083557.
Some episodes done, average episode reward is -1215.5190437273384.

Episode 1485: Avg Net Energy=237.189, Avg CO2=65458.694, Water Usage=36117970.499
Tasks in Queue=104418.000, Tasks Dropped=0.000
Evaluation average episode reward is -1267.5529675421383.

Episode 1485: Avg Net Energy=232.155, Avg CO2=59935.110, Water Usage=25263780.102
Tasks in Queue=5548.000, Tasks Dropped=0.000
Env sustaindc Task ca-discrete Algo happo Exp happo_rtask_25M updates 1490/3051 episodes, total num timesteps 12206080/25000000, FPS 321.
Average step reward is 0.8789573907852173.
Some episodes done, average episode reward is -1279.085013107741.

Episode 1490: Avg Net Energy=240.297, Avg CO2=64021.532, Water Usage=36360821.521
Tasks in Queue=113466.000, Tasks Dropped=0.000
Evaluation average episode reward is -1266.1335369347291.

Episode 1490: Avg Net Energy=231.999, Avg CO2=56221.213, Water Usage=25229692.607
Tasks in Queue=1230.000, Tasks Dropped=0.000
Env sustaindc Task ca-discrete Algo happo Exp happo_rtask_25M updates 1495/3051 episodes, total num timesteps 12247040/25000000, FPS 321.
Average step reward is 0.9230664968490601.
Some episodes done, average episode reward is -1250.8771151234923.

Episode 1495: Avg Net Energy=239.701, Avg CO2=57456.725, Water Usage=36167318.180
Tasks in Queue=109586.000, Tasks Dropped=0.000
Evaluation average episode reward is -1421.7257414041962.

Episode 1495: Avg Net Energy=233.908, Avg CO2=59177.971, Water Usage=25389137.348
Tasks in Queue=1701.000, Tasks Dropped=0.000
Env sustaindc Task ca-discrete Algo happo Exp happo_rtask_25M updates 1500/3051 episodes, total num timesteps 12288000/25000000, FPS 321.
Average step reward is 0.9165113568305969.
Some episodes done, average episode reward is -1236.4630040551447.

Episode 1500: Avg Net Energy=240.506, Avg CO2=52397.626, Water Usage=36323010.946
Tasks in Queue=125273.000, Tasks Dropped=0.000
Evaluation average episode reward is -1238.8906141021607.

Episode 1500: Avg Net Energy=232.141, Avg CO2=60055.566, Water Usage=25266528.695
Tasks in Queue=11795.000, Tasks Dropped=0.000
Env sustaindc Task ca-discrete Algo happo Exp happo_rtask_25M updates 1505/3051 episodes, total num timesteps 12328960/25000000, FPS 321.
Average step reward is 0.9063999652862549.
Some episodes done, average episode reward is -1242.6263150863654.

Episode 1505: Avg Net Energy=240.170, Avg CO2=60880.031, Water Usage=36252987.104
Tasks in Queue=121856.000, Tasks Dropped=0.000
Evaluation average episode reward is -1242.1119062609355.

Episode 1505: Avg Net Energy=231.752, Avg CO2=62669.573, Water Usage=25217047.890
Tasks in Queue=7676.000, Tasks Dropped=0.000
Env sustaindc Task ca-discrete Algo happo Exp happo_rtask_25M updates 1510/3051 episodes, total num timesteps 12369920/25000000, FPS 321.
Average step reward is 0.9196196794509888.
Some episodes done, average episode reward is -1236.750542082742.

Episode 1510: Avg Net Energy=238.537, Avg CO2=64572.515, Water Usage=36250767.680
Tasks in Queue=125555.000, Tasks Dropped=0.000
Evaluation average episode reward is -1259.668303294595.

Episode 1510: Avg Net Energy=232.384, Avg CO2=59554.195, Water Usage=25279015.545
Tasks in Queue=3007.000, Tasks Dropped=0.000
Env sustaindc Task ca-discrete Algo happo Exp happo_rtask_25M updates 1515/3051 episodes, total num timesteps 12410880/25000000, FPS 321.
Average step reward is 0.9070209264755249.
Some episodes done, average episode reward is -1210.1436570919911.

Episode 1515: Avg Net Energy=239.593, Avg CO2=61458.343, Water Usage=36228654.238
Tasks in Queue=147125.000, Tasks Dropped=0.000
Evaluation average episode reward is -1358.511965508544.

Episode 1515: Avg Net Energy=232.883, Avg CO2=59500.342, Water Usage=25296886.415
Tasks in Queue=8383.000, Tasks Dropped=0.000
Env sustaindc Task ca-discrete Algo happo Exp happo_rtask_25M updates 1520/3051 episodes, total num timesteps 12451840/25000000, FPS 321.
Average step reward is 0.911365807056427.
Some episodes done, average episode reward is -1218.6108394803543.

Episode 1520: Avg Net Energy=239.860, Avg CO2=56621.870, Water Usage=36170917.417
Tasks in Queue=149164.000, Tasks Dropped=0.000
Evaluation average episode reward is -1356.2564148532476.

Episode 1520: Avg Net Energy=233.311, Avg CO2=56735.963, Water Usage=25295560.688
Tasks in Queue=8728.000, Tasks Dropped=0.000
Env sustaindc Task ca-discrete Algo happo Exp happo_rtask_25M updates 1525/3051 episodes, total num timesteps 12492800/25000000, FPS 321.
Average step reward is 0.9105942845344543.
Some episodes done, average episode reward is -1255.2837400056592.

Episode 1525: Avg Net Energy=239.944, Avg CO2=54569.226, Water Usage=36240377.007
Tasks in Queue=133836.000, Tasks Dropped=0.000
Evaluation average episode reward is -1225.7030669838348.

Episode 1525: Avg Net Energy=232.624, Avg CO2=57090.202, Water Usage=25140296.827
Tasks in Queue=9136.000, Tasks Dropped=0.000
Env sustaindc Task ca-discrete Algo happo Exp happo_rtask_25M updates 1530/3051 episodes, total num timesteps 12533760/25000000, FPS 322.
Average step reward is 0.9351383447647095.
Some episodes done, average episode reward is -1189.1961721040266.

Episode 1530: Avg Net Energy=236.966, Avg CO2=65724.372, Water Usage=36056581.884
Tasks in Queue=119644.000, Tasks Dropped=0.000
Evaluation average episode reward is -1165.0836262675973.

Episode 1530: Avg Net Energy=231.296, Avg CO2=59846.596, Water Usage=25159911.596
Tasks in Queue=3310.000, Tasks Dropped=0.000
Env sustaindc Task ca-discrete Algo happo Exp happo_rtask_25M updates 1535/3051 episodes, total num timesteps 12574720/25000000, FPS 322.
Average step reward is 0.8897079229354858.
Some episodes done, average episode reward is -1197.7324213769878.

Episode 1535: Avg Net Energy=238.349, Avg CO2=63268.699, Water Usage=36125641.896
Tasks in Queue=161443.000, Tasks Dropped=0.000
Evaluation average episode reward is -1207.8800311054258.

Episode 1535: Avg Net Energy=231.477, Avg CO2=59422.572, Water Usage=25144352.317
Tasks in Queue=14489.000, Tasks Dropped=0.000
Env sustaindc Task ca-discrete Algo happo Exp happo_rtask_25M updates 1540/3051 episodes, total num timesteps 12615680/25000000, FPS 322.
Average step reward is 0.9003415107727051.
Some episodes done, average episode reward is -1245.8343739965171.

Episode 1540: Avg Net Energy=239.644, Avg CO2=57315.660, Water Usage=36234085.858
Tasks in Queue=149811.000, Tasks Dropped=0.000
Evaluation average episode reward is -1282.1410939347863.

Episode 1540: Avg Net Energy=232.412, Avg CO2=57252.557, Water Usage=25141003.959
Tasks in Queue=14281.000, Tasks Dropped=0.000
Env sustaindc Task ca-discrete Algo happo Exp happo_rtask_25M updates 1545/3051 episodes, total num timesteps 12656640/25000000, FPS 322.
Average step reward is 0.9453147053718567.
Some episodes done, average episode reward is -1216.570828736416.

Episode 1545: Avg Net Energy=237.036, Avg CO2=54869.906, Water Usage=35852001.531
Tasks in Queue=134548.000, Tasks Dropped=0.000
Evaluation average episode reward is -1330.75141673775.

Episode 1545: Avg Net Energy=232.631, Avg CO2=59950.862, Water Usage=25271059.965
Tasks in Queue=10853.000, Tasks Dropped=0.000
Env sustaindc Task ca-discrete Algo happo Exp happo_rtask_25M updates 1550/3051 episodes, total num timesteps 12697600/25000000, FPS 322.
Average step reward is 0.8754936456680298.
Some episodes done, average episode reward is -1241.516168810988.

Episode 1550: Avg Net Energy=241.264, Avg CO2=59373.200, Water Usage=36376018.724
Tasks in Queue=141681.000, Tasks Dropped=0.000
Evaluation average episode reward is -1319.8809155530964.

Episode 1550: Avg Net Energy=232.962, Avg CO2=61192.388, Water Usage=25284079.434
Tasks in Queue=13133.000, Tasks Dropped=0.000
Env sustaindc Task ca-discrete Algo happo Exp happo_rtask_25M updates 1555/3051 episodes, total num timesteps 12738560/25000000, FPS 322.
Average step reward is 0.8221235275268555.
Some episodes done, average episode reward is -1232.3331790965372.

Episode 1555: Avg Net Energy=243.048, Avg CO2=64902.008, Water Usage=36539578.614
Tasks in Queue=170284.000, Tasks Dropped=0.000
Evaluation average episode reward is -1375.812847064463.

Episode 1555: Avg Net Energy=233.958, Avg CO2=56768.327, Water Usage=25261249.837
Tasks in Queue=3476.000, Tasks Dropped=0.000
Env sustaindc Task ca-discrete Algo happo Exp happo_rtask_25M updates 1560/3051 episodes, total num timesteps 12779520/25000000, FPS 322.
Average step reward is 0.8922126889228821.
Some episodes done, average episode reward is -1254.8767064004735.

Episode 1560: Avg Net Energy=241.227, Avg CO2=63050.135, Water Usage=36320560.688
Tasks in Queue=102964.000, Tasks Dropped=0.000
Evaluation average episode reward is -1232.2532621251244.

Episode 1560: Avg Net Energy=232.487, Avg CO2=56217.459, Water Usage=25299959.633
Tasks in Queue=1863.000, Tasks Dropped=0.000
Env sustaindc Task ca-discrete Algo happo Exp happo_rtask_25M updates 1565/3051 episodes, total num timesteps 12820480/25000000, FPS 322.
Average step reward is 0.8606765270233154.
Some episodes done, average episode reward is -1197.9484801874178.

Episode 1565: Avg Net Energy=244.963, Avg CO2=58462.724, Water Usage=36585188.282
Tasks in Queue=108668.000, Tasks Dropped=0.000
Evaluation average episode reward is -1256.0866201785173.

Episode 1565: Avg Net Energy=232.199, Avg CO2=62423.459, Water Usage=25207975.370
Tasks in Queue=1847.000, Tasks Dropped=0.000
Env sustaindc Task ca-discrete Algo happo Exp happo_rtask_25M updates 1570/3051 episodes, total num timesteps 12861440/25000000, FPS 322.
Average step reward is 0.8992681503295898.
Some episodes done, average episode reward is -1191.2937575340038.

Episode 1570: Avg Net Energy=241.400, Avg CO2=58213.296, Water Usage=36266331.877
Tasks in Queue=150592.000, Tasks Dropped=0.000
Evaluation average episode reward is -1209.167077616272.

Episode 1570: Avg Net Energy=231.444, Avg CO2=62930.304, Water Usage=25169559.351
Tasks in Queue=10949.000, Tasks Dropped=0.000
Env sustaindc Task ca-discrete Algo happo Exp happo_rtask_25M updates 1575/3051 episodes, total num timesteps 12902400/25000000, FPS 322.
Average step reward is 0.9054841995239258.
Some episodes done, average episode reward is -1246.518653030827.

Episode 1575: Avg Net Energy=238.907, Avg CO2=65169.360, Water Usage=36157957.740
Tasks in Queue=114407.000, Tasks Dropped=0.000
Evaluation average episode reward is -1293.4012593780615.

Episode 1575: Avg Net Energy=232.658, Avg CO2=61631.974, Water Usage=25373297.223
Tasks in Queue=2988.000, Tasks Dropped=0.000
Env sustaindc Task ca-discrete Algo happo Exp happo_rtask_25M updates 1580/3051 episodes, total num timesteps 12943360/25000000, FPS 322.
Average step reward is 0.9094665050506592.
Some episodes done, average episode reward is -1236.9822672726687.

Episode 1580: Avg Net Energy=240.079, Avg CO2=64670.900, Water Usage=36242519.341
Tasks in Queue=119933.000, Tasks Dropped=0.000
Evaluation average episode reward is -1372.8208425119976.

Episode 1580: Avg Net Energy=234.096, Avg CO2=60730.630, Water Usage=25351623.147
Tasks in Queue=8765.000, Tasks Dropped=0.000
Env sustaindc Task ca-discrete Algo happo Exp happo_rtask_25M updates 1585/3051 episodes, total num timesteps 12984320/25000000, FPS 322.
Average step reward is 0.9041144847869873.
Some episodes done, average episode reward is -1222.9450388672656.

Episode 1585: Avg Net Energy=242.288, Avg CO2=57658.883, Water Usage=36405555.158
Tasks in Queue=147856.000, Tasks Dropped=0.000
Evaluation average episode reward is -1264.5016731442945.

Episode 1585: Avg Net Energy=233.021, Avg CO2=57443.360, Water Usage=25373533.757
Tasks in Queue=4629.000, Tasks Dropped=0.000
Env sustaindc Task ca-discrete Algo happo Exp happo_rtask_25M updates 1590/3051 episodes, total num timesteps 13025280/25000000, FPS 322.
Average step reward is 0.8532742261886597.
Some episodes done, average episode reward is -1228.6737668634732.

Episode 1590: Avg Net Energy=246.063, Avg CO2=55297.237, Water Usage=36714249.143
Tasks in Queue=152678.000, Tasks Dropped=0.000
Evaluation average episode reward is -1204.4412392483182.

Episode 1590: Avg Net Energy=232.478, Avg CO2=61364.412, Water Usage=25229061.669
Tasks in Queue=9882.000, Tasks Dropped=0.000
Env sustaindc Task ca-discrete Algo happo Exp happo_rtask_25M updates 1595/3051 episodes, total num timesteps 13066240/25000000, FPS 322.
Average step reward is 0.8842524290084839.
Some episodes done, average episode reward is -1261.5890658155733.

Episode 1595: Avg Net Energy=242.453, Avg CO2=62084.873, Water Usage=36486223.615
Tasks in Queue=111581.000, Tasks Dropped=0.000
Evaluation average episode reward is -1231.67474891872.

Episode 1595: Avg Net Energy=232.195, Avg CO2=59536.952, Water Usage=25201136.823
Tasks in Queue=7274.000, Tasks Dropped=0.000
Env sustaindc Task ca-discrete Algo happo Exp happo_rtask_25M updates 1600/3051 episodes, total num timesteps 13107200/25000000, FPS 322.
Average step reward is 0.9372838735580444.
Some episodes done, average episode reward is -1234.3087304027176.

Episode 1600: Avg Net Energy=238.945, Avg CO2=64586.666, Water Usage=36111405.977
Tasks in Queue=106065.000, Tasks Dropped=0.000
Evaluation average episode reward is -1271.7906407551595.

Episode 1600: Avg Net Energy=233.272, Avg CO2=58069.548, Water Usage=25330284.533
Tasks in Queue=1737.000, Tasks Dropped=0.000
Env sustaindc Task ca-discrete Algo happo Exp happo_rtask_25M updates 1605/3051 episodes, total num timesteps 13148160/25000000, FPS 322.
Average step reward is 0.8710072636604309.
Some episodes done, average episode reward is -1205.3981791373594.

Episode 1605: Avg Net Energy=242.744, Avg CO2=62574.729, Water Usage=36501903.518
Tasks in Queue=136238.000, Tasks Dropped=0.000
Evaluation average episode reward is -1270.1153143500283.

Episode 1605: Avg Net Energy=233.264, Avg CO2=57298.062, Water Usage=25302508.414
Tasks in Queue=4405.000, Tasks Dropped=0.000
Env sustaindc Task ca-discrete Algo happo Exp happo_rtask_25M updates 1610/3051 episodes, total num timesteps 13189120/25000000, FPS 322.
Average step reward is 0.9090279936790466.
Some episodes done, average episode reward is -1201.1598379814577.

Episode 1610: Avg Net Energy=242.085, Avg CO2=54045.982, Water Usage=36326968.298
Tasks in Queue=121699.000, Tasks Dropped=0.000
Evaluation average episode reward is -1269.096790561906.

Episode 1610: Avg Net Energy=232.414, Avg CO2=59881.108, Water Usage=25221731.938
Tasks in Queue=2604.000, Tasks Dropped=0.000
Env sustaindc Task ca-discrete Algo happo Exp happo_rtask_25M updates 1615/3051 episodes, total num timesteps 13230080/25000000, FPS 322.
Average step reward is 0.9099970459938049.
Some episodes done, average episode reward is -1245.024100175194.

Episode 1615: Avg Net Energy=242.143, Avg CO2=54648.613, Water Usage=36424813.503
Tasks in Queue=153975.000, Tasks Dropped=0.000
Evaluation average episode reward is -1259.4341739407164.

Episode 1615: Avg Net Energy=232.098, Avg CO2=62800.308, Water Usage=25260678.697
Tasks in Queue=5885.000, Tasks Dropped=0.000
Env sustaindc Task ca-discrete Algo happo Exp happo_rtask_25M updates 1620/3051 episodes, total num timesteps 13271040/25000000, FPS 322.
Average step reward is 0.9104574918746948.
Some episodes done, average episode reward is -1147.8853672704358.

Episode 1620: Avg Net Energy=238.005, Avg CO2=64418.832, Water Usage=36012781.929
Tasks in Queue=147763.000, Tasks Dropped=0.000
Evaluation average episode reward is -1302.9950675111152.

Episode 1620: Avg Net Energy=232.460, Avg CO2=58809.799, Water Usage=25370887.857
Tasks in Queue=16634.000, Tasks Dropped=0.000
Env sustaindc Task ca-discrete Algo happo Exp happo_rtask_25M updates 1625/3051 episodes, total num timesteps 13312000/25000000, FPS 322.
Average step reward is 0.9443487524986267.
Some episodes done, average episode reward is -1232.7106931239043.

Episode 1625: Avg Net Energy=235.534, Avg CO2=62174.265, Water Usage=35803407.634
Tasks in Queue=156708.000, Tasks Dropped=0.000
Evaluation average episode reward is -1292.1533975322802.

Episode 1625: Avg Net Energy=232.362, Avg CO2=59956.739, Water Usage=25213121.267
Tasks in Queue=27131.000, Tasks Dropped=0.000
Env sustaindc Task ca-discrete Algo happo Exp happo_rtask_25M updates 1630/3051 episodes, total num timesteps 13352960/25000000, FPS 322.
Average step reward is 0.9110152721405029.
Some episodes done, average episode reward is -1249.2212908688052.

Episode 1630: Avg Net Energy=240.038, Avg CO2=56582.968, Water Usage=36294329.928
Tasks in Queue=155462.000, Tasks Dropped=0.000
Evaluation average episode reward is -1334.0631450159308.

Episode 1630: Avg Net Energy=232.828, Avg CO2=62218.430, Water Usage=25220852.599
Tasks in Queue=7573.000, Tasks Dropped=0.000
Env sustaindc Task ca-discrete Algo happo Exp happo_rtask_25M updates 1635/3051 episodes, total num timesteps 13393920/25000000, FPS 322.
Average step reward is 0.8770488500595093.
Some episodes done, average episode reward is -1202.8787763071707.

Episode 1635: Avg Net Energy=243.596, Avg CO2=55342.032, Water Usage=36456996.564
Tasks in Queue=140158.000, Tasks Dropped=0.000
Evaluation average episode reward is -1241.1210653700916.

Episode 1635: Avg Net Energy=232.648, Avg CO2=58629.264, Water Usage=25266105.725
Tasks in Queue=9700.000, Tasks Dropped=0.000
Env sustaindc Task ca-discrete Algo happo Exp happo_rtask_25M updates 1640/3051 episodes, total num timesteps 13434880/25000000, FPS 322.
Average step reward is 0.9168131947517395.
Some episodes done, average episode reward is -1239.6530914503196.

Episode 1640: Avg Net Energy=238.875, Avg CO2=61358.580, Water Usage=36140176.686
Tasks in Queue=132198.000, Tasks Dropped=0.000
Evaluation average episode reward is -1299.1018611080806.

Episode 1640: Avg Net Energy=232.828, Avg CO2=59190.601, Water Usage=25221180.913
Tasks in Queue=3687.000, Tasks Dropped=0.000
Env sustaindc Task ca-discrete Algo happo Exp happo_rtask_25M updates 1645/3051 episodes, total num timesteps 13475840/25000000, FPS 322.
Average step reward is 0.8320639133453369.
Some episodes done, average episode reward is -1200.6619259196675.

Episode 1645: Avg Net Energy=242.208, Avg CO2=65794.972, Water Usage=36556705.402
Tasks in Queue=143393.000, Tasks Dropped=0.000
Evaluation average episode reward is -1140.0013858920145.

Episode 1645: Avg Net Energy=231.288, Avg CO2=56616.627, Water Usage=25131379.838
Tasks in Queue=5617.000, Tasks Dropped=0.000
Env sustaindc Task ca-discrete Algo happo Exp happo_rtask_25M updates 1650/3051 episodes, total num timesteps 13516800/25000000, FPS 322.
Average step reward is 0.8752931356430054.
Some episodes done, average episode reward is -1196.599035566138.

Episode 1650: Avg Net Energy=239.264, Avg CO2=63928.504, Water Usage=36145614.094
Tasks in Queue=112136.000, Tasks Dropped=0.000
Evaluation average episode reward is -1297.9402305619453.

Episode 1650: Avg Net Energy=232.507, Avg CO2=62149.614, Water Usage=25296184.548
Tasks in Queue=393.000, Tasks Dropped=0.000
Env sustaindc Task ca-discrete Algo happo Exp happo_rtask_25M updates 1655/3051 episodes, total num timesteps 13557760/25000000, FPS 322.
Average step reward is 0.8815137147903442.
Some episodes done, average episode reward is -1280.5022346228589.

Episode 1655: Avg Net Energy=242.698, Avg CO2=56515.025, Water Usage=36341138.791
Tasks in Queue=120895.000, Tasks Dropped=0.000
Evaluation average episode reward is -1335.0482764752078.

Episode 1655: Avg Net Energy=232.977, Avg CO2=56472.375, Water Usage=25325043.289
Tasks in Queue=817.000, Tasks Dropped=0.000
Env sustaindc Task ca-discrete Algo happo Exp happo_rtask_25M updates 1660/3051 episodes, total num timesteps 13598720/25000000, FPS 322.
Average step reward is 0.9103914499282837.
Some episodes done, average episode reward is -1231.749469662383.

Episode 1660: Avg Net Energy=237.780, Avg CO2=59523.278, Water Usage=36135018.475
Tasks in Queue=136554.000, Tasks Dropped=0.000
Evaluation average episode reward is -1374.6109381219887.

Episode 1660: Avg Net Energy=233.411, Avg CO2=59601.980, Water Usage=25206429.437
Tasks in Queue=7562.000, Tasks Dropped=0.000
Env sustaindc Task ca-discrete Algo happo Exp happo_rtask_25M updates 1665/3051 episodes, total num timesteps 13639680/25000000, FPS 322.
Average step reward is 0.8856985569000244.
Some episodes done, average episode reward is -1241.212293073771.

Episode 1665: Avg Net Energy=239.356, Avg CO2=64305.106, Water Usage=36235402.020
Tasks in Queue=148066.000, Tasks Dropped=0.000
Evaluation average episode reward is -1187.4082899893406.

Episode 1665: Avg Net Energy=232.024, Avg CO2=57765.474, Water Usage=25171410.720
Tasks in Queue=10109.000, Tasks Dropped=0.000
Env sustaindc Task ca-discrete Algo happo Exp happo_rtask_25M updates 1670/3051 episodes, total num timesteps 13680640/25000000, FPS 322.
Average step reward is 0.8703535199165344.
Some episodes done, average episode reward is -1237.1639070790893.

Episode 1670: Avg Net Energy=241.063, Avg CO2=64836.930, Water Usage=36349549.275
Tasks in Queue=187909.000, Tasks Dropped=0.000
Evaluation average episode reward is -1234.4763162773372.

Episode 1670: Avg Net Energy=232.688, Avg CO2=59039.927, Water Usage=25244128.060
Tasks in Queue=42096.000, Tasks Dropped=0.000
Env sustaindc Task ca-discrete Algo happo Exp happo_rtask_25M updates 1675/3051 episodes, total num timesteps 13721600/25000000, FPS 322.
Average step reward is 0.9379105567932129.
Some episodes done, average episode reward is -1216.7462865293287.

Episode 1675: Avg Net Energy=238.018, Avg CO2=60119.257, Water Usage=36125189.279
Tasks in Queue=142794.000, Tasks Dropped=0.000
Evaluation average episode reward is -1276.9482308937047.

Episode 1675: Avg Net Energy=232.081, Avg CO2=62623.736, Water Usage=25319273.569
Tasks in Queue=14152.000, Tasks Dropped=0.000
Env sustaindc Task ca-discrete Algo happo Exp happo_rtask_25M updates 1680/3051 episodes, total num timesteps 13762560/25000000, FPS 322.
Average step reward is 0.9156466722488403.
Some episodes done, average episode reward is -1217.1029318827368.

Episode 1680: Avg Net Energy=241.066, Avg CO2=52536.144, Water Usage=36269802.219
Tasks in Queue=160094.000, Tasks Dropped=0.000
Evaluation average episode reward is -1337.238362116804.

Episode 1680: Avg Net Energy=233.154, Avg CO2=56577.725, Water Usage=25338399.838
Tasks in Queue=10816.000, Tasks Dropped=0.000
Env sustaindc Task ca-discrete Algo happo Exp happo_rtask_25M updates 1685/3051 episodes, total num timesteps 13803520/25000000, FPS 322.
Average step reward is 0.9178780317306519.
Some episodes done, average episode reward is -1221.2765430323288.

Episode 1685: Avg Net Energy=238.599, Avg CO2=61158.183, Water Usage=36055703.649
Tasks in Queue=126579.000, Tasks Dropped=0.000
Evaluation average episode reward is -1230.710912990234.

Episode 1685: Avg Net Energy=232.634, Avg CO2=59019.521, Water Usage=25196408.026
Tasks in Queue=5881.000, Tasks Dropped=0.000
Env sustaindc Task ca-discrete Algo happo Exp happo_rtask_25M updates 1690/3051 episodes, total num timesteps 13844480/25000000, FPS 322.
Average step reward is 0.887486457824707.
Some episodes done, average episode reward is -1194.2684466362666.

Episode 1690: Avg Net Energy=239.151, Avg CO2=64608.162, Water Usage=36150187.868
Tasks in Queue=163643.000, Tasks Dropped=0.000
Evaluation average episode reward is -1131.4841889664688.

Episode 1690: Avg Net Energy=231.085, Avg CO2=57330.775, Water Usage=25213628.308
Tasks in Queue=10417.000, Tasks Dropped=0.000
Env sustaindc Task ca-discrete Algo happo Exp happo_rtask_25M updates 1695/3051 episodes, total num timesteps 13885440/25000000, FPS 322.
Average step reward is 0.8709496259689331.
Some episodes done, average episode reward is -1236.4777305236876.

Episode 1695: Avg Net Energy=242.560, Avg CO2=62293.626, Water Usage=36401939.840
Tasks in Queue=165502.000, Tasks Dropped=0.000
Evaluation average episode reward is -1366.985355996303.

Episode 1695: Avg Net Energy=234.317, Avg CO2=60683.152, Water Usage=25413580.734
Tasks in Queue=7911.000, Tasks Dropped=0.000
Env sustaindc Task ca-discrete Algo happo Exp happo_rtask_25M updates 1700/3051 episodes, total num timesteps 13926400/25000000, FPS 322.
Average step reward is 0.9068477153778076.
Some episodes done, average episode reward is -1235.2990928431777.

Episode 1700: Avg Net Energy=242.307, Avg CO2=51852.052, Water Usage=36338749.681
Tasks in Queue=152301.000, Tasks Dropped=0.000
Evaluation average episode reward is -1264.0473100585318.

Episode 1700: Avg Net Energy=232.364, Avg CO2=59911.099, Water Usage=25307978.266
Tasks in Queue=10931.000, Tasks Dropped=0.000
Env sustaindc Task ca-discrete Algo happo Exp happo_rtask_25M updates 1705/3051 episodes, total num timesteps 13967360/25000000, FPS 322.
Average step reward is 0.871728777885437.
Some episodes done, average episode reward is -1185.3480984118596.

Episode 1705: Avg Net Energy=243.955, Avg CO2=57470.472, Water Usage=36390836.607
Tasks in Queue=133679.000, Tasks Dropped=0.000
Evaluation average episode reward is -1336.6554308090322.

Episode 1705: Avg Net Energy=233.454, Avg CO2=61527.717, Water Usage=25422812.334
Tasks in Queue=2648.000, Tasks Dropped=0.000
Env sustaindc Task ca-discrete Algo happo Exp happo_rtask_25M updates 1710/3051 episodes, total num timesteps 14008320/25000000, FPS 322.
Average step reward is 0.9420148134231567.
Some episodes done, average episode reward is -1200.8360574735193.

Episode 1710: Avg Net Energy=236.303, Avg CO2=63978.934, Water Usage=35916223.818
Tasks in Queue=112784.000, Tasks Dropped=0.000
Evaluation average episode reward is -1294.348886598951.

Episode 1710: Avg Net Energy=233.322, Avg CO2=56496.239, Water Usage=25294860.789
Tasks in Queue=2681.000, Tasks Dropped=0.000
Env sustaindc Task ca-discrete Algo happo Exp happo_rtask_25M updates 1715/3051 episodes, total num timesteps 14049280/25000000, FPS 322.
Average step reward is 0.9340288639068604.
Some episodes done, average episode reward is -1223.1880304252554.

Episode 1715: Avg Net Energy=236.579, Avg CO2=62762.177, Water Usage=35884678.278
Tasks in Queue=110162.000, Tasks Dropped=0.000
Evaluation average episode reward is -1114.4188461351425.

Episode 1715: Avg Net Energy=230.967, Avg CO2=59368.146, Water Usage=25108654.144
Tasks in Queue=3511.000, Tasks Dropped=0.000
Env sustaindc Task ca-discrete Algo happo Exp happo_rtask_25M updates 1720/3051 episodes, total num timesteps 14090240/25000000, FPS 322.
Average step reward is 0.9065698385238647.
Some episodes done, average episode reward is -1193.5657637213935.

Episode 1720: Avg Net Energy=241.090, Avg CO2=56133.908, Water Usage=36298072.147
Tasks in Queue=141380.000, Tasks Dropped=0.000
Evaluation average episode reward is -1201.0744716481659.

Episode 1720: Avg Net Energy=231.062, Avg CO2=62970.175, Water Usage=25214452.411
Tasks in Queue=12825.000, Tasks Dropped=0.000
Env sustaindc Task ca-discrete Algo happo Exp happo_rtask_25M updates 1725/3051 episodes, total num timesteps 14131200/25000000, FPS 322.
Average step reward is 0.9015823006629944.
Some episodes done, average episode reward is -1229.5664504102058.

Episode 1725: Avg Net Energy=241.975, Avg CO2=51564.977, Water Usage=36220990.378
Tasks in Queue=159633.000, Tasks Dropped=0.000
Evaluation average episode reward is -1389.9257189182424.

Episode 1725: Avg Net Energy=233.270, Avg CO2=59306.618, Water Usage=25286374.074
Tasks in Queue=9339.000, Tasks Dropped=0.000
Env sustaindc Task ca-discrete Algo happo Exp happo_rtask_25M updates 1730/3051 episodes, total num timesteps 14172160/25000000, FPS 322.
Average step reward is 0.8213472366333008.
Some episodes done, average episode reward is -1233.8051356967107.

Episode 1730: Avg Net Energy=242.254, Avg CO2=63852.758, Water Usage=36459761.853
Tasks in Queue=196530.000, Tasks Dropped=0.000
Evaluation average episode reward is -1415.231150506177.

Episode 1730: Avg Net Energy=233.818, Avg CO2=59166.676, Water Usage=25360032.685
Tasks in Queue=12033.000, Tasks Dropped=0.000
Env sustaindc Task ca-discrete Algo happo Exp happo_rtask_25M updates 1735/3051 episodes, total num timesteps 14213120/25000000, FPS 322.
Average step reward is 0.874268651008606.
Some episodes done, average episode reward is -1293.8561113588455.

Episode 1735: Avg Net Energy=240.248, Avg CO2=64199.689, Water Usage=36196303.503
Tasks in Queue=161823.000, Tasks Dropped=0.000
Evaluation average episode reward is -1321.9583554061783.

Episode 1735: Avg Net Energy=233.186, Avg CO2=59123.395, Water Usage=25219375.902
Tasks in Queue=4036.000, Tasks Dropped=0.000
Env sustaindc Task ca-discrete Algo happo Exp happo_rtask_25M updates 1740/3051 episodes, total num timesteps 14254080/25000000, FPS 322.
Average step reward is 0.9402940273284912.
Some episodes done, average episode reward is -1239.9623455756175.

Episode 1740: Avg Net Energy=238.112, Avg CO2=62992.157, Water Usage=36138011.152
Tasks in Queue=134264.000, Tasks Dropped=0.000
Evaluation average episode reward is -1108.0356950827506.

Episode 1740: Avg Net Energy=231.441, Avg CO2=57360.152, Water Usage=25224891.946
Tasks in Queue=1893.000, Tasks Dropped=0.000
We are saving model weights at episode 1740 with average episode reward -1108.0356950827506

Env sustaindc Task ca-discrete Algo happo Exp happo_rtask_25M updates 1745/3051 episodes, total num timesteps 14295040/25000000, FPS 322.
Average step reward is 0.9116180539131165.
Some episodes done, average episode reward is -1243.4796902909611.

Episode 1745: Avg Net Energy=242.759, Avg CO2=52613.029, Water Usage=36318556.963
Tasks in Queue=154539.000, Tasks Dropped=0.000
Evaluation average episode reward is -1114.6433876545873.

Episode 1745: Avg Net Energy=230.973, Avg CO2=57089.331, Water Usage=25057502.543
Tasks in Queue=7647.000, Tasks Dropped=0.000
Env sustaindc Task ca-discrete Algo happo Exp happo_rtask_25M updates 1750/3051 episodes, total num timesteps 14336000/25000000, FPS 323.
Average step reward is 0.888458788394928.
Some episodes done, average episode reward is -1193.79891802635.

Episode 1750: Avg Net Energy=241.188, Avg CO2=57045.044, Water Usage=36374527.261
Tasks in Queue=226017.000, Tasks Dropped=0.000
Evaluation average episode reward is -1158.6354353307622.

Episode 1750: Avg Net Energy=231.031, Avg CO2=57218.870, Water Usage=25096423.026
Tasks in Queue=99587.000, Tasks Dropped=0.000
Env sustaindc Task ca-discrete Algo happo Exp happo_rtask_25M updates 1755/3051 episodes, total num timesteps 14376960/25000000, FPS 323.
Average step reward is 0.9217696785926819.
Some episodes done, average episode reward is -1238.7134941785584.

Episode 1755: Avg Net Energy=238.280, Avg CO2=65548.279, Water Usage=36038555.184
Tasks in Queue=149076.000, Tasks Dropped=0.000
Evaluation average episode reward is -1418.1899929501703.

Episode 1755: Avg Net Energy=233.910, Avg CO2=58561.842, Water Usage=25269820.642
Tasks in Queue=53992.000, Tasks Dropped=0.000
Env sustaindc Task ca-discrete Algo happo Exp happo_rtask_25M updates 1760/3051 episodes, total num timesteps 14417920/25000000, FPS 323.
Average step reward is 0.8948600888252258.
Some episodes done, average episode reward is -1222.3207002744598.

Episode 1760: Avg Net Energy=239.580, Avg CO2=64133.874, Water Usage=36191138.527
Tasks in Queue=136287.000, Tasks Dropped=0.000
Evaluation average episode reward is -1265.5576394299787.

Episode 1760: Avg Net Energy=232.077, Avg CO2=59892.780, Water Usage=25144406.375
Tasks in Queue=8913.000, Tasks Dropped=0.000
Env sustaindc Task ca-discrete Algo happo Exp happo_rtask_25M updates 1765/3051 episodes, total num timesteps 14458880/25000000, FPS 323.
Average step reward is 0.9119600057601929.
Some episodes done, average episode reward is -1220.608857303752.

Episode 1765: Avg Net Energy=240.043, Avg CO2=56890.830, Water Usage=36233043.923
Tasks in Queue=165026.000, Tasks Dropped=0.000
Evaluation average episode reward is -1331.0132940492138.

Episode 1765: Avg Net Energy=233.078, Avg CO2=56497.595, Water Usage=25352304.800
Tasks in Queue=13387.000, Tasks Dropped=0.000
Env sustaindc Task ca-discrete Algo happo Exp happo_rtask_25M updates 1770/3051 episodes, total num timesteps 14499840/25000000, FPS 323.
Average step reward is 0.8772886991500854.
Some episodes done, average episode reward is -1206.9173692201857.

Episode 1770: Avg Net Energy=244.301, Avg CO2=51347.770, Water Usage=36576305.765
Tasks in Queue=158296.000, Tasks Dropped=0.000
Evaluation average episode reward is -1368.7593625270904.

Episode 1770: Avg Net Energy=233.778, Avg CO2=59361.963, Water Usage=25376080.143
Tasks in Queue=14520.000, Tasks Dropped=0.000
Env sustaindc Task ca-discrete Algo happo Exp happo_rtask_25M updates 1775/3051 episodes, total num timesteps 14540800/25000000, FPS 323.
Average step reward is 0.8908448219299316.
Some episodes done, average episode reward is -1252.3940872656326.

Episode 1775: Avg Net Energy=240.093, Avg CO2=61381.023, Water Usage=36221909.952
Tasks in Queue=167930.000, Tasks Dropped=0.000
Evaluation average episode reward is -1211.720451143616.

Episode 1775: Avg Net Energy=232.780, Avg CO2=58849.593, Water Usage=25306650.573
Tasks in Queue=16998.000, Tasks Dropped=0.000
Env sustaindc Task ca-discrete Algo happo Exp happo_rtask_25M updates 1780/3051 episodes, total num timesteps 14581760/25000000, FPS 323.
Average step reward is 0.9434785842895508.
Some episodes done, average episode reward is -1167.946798924986.

Episode 1780: Avg Net Energy=237.185, Avg CO2=64437.287, Water Usage=36088662.296
Tasks in Queue=120947.000, Tasks Dropped=0.000
Evaluation average episode reward is -1193.2789582475125.

Episode 1780: Avg Net Energy=231.700, Avg CO2=59475.370, Water Usage=25169537.322
Tasks in Queue=1940.000, Tasks Dropped=0.000
Env sustaindc Task ca-discrete Algo happo Exp happo_rtask_25M updates 1785/3051 episodes, total num timesteps 14622720/25000000, FPS 323.
Average step reward is 0.9052508473396301.
Some episodes done, average episode reward is -1205.5917479534864.

Episode 1785: Avg Net Energy=239.525, Avg CO2=63633.011, Water Usage=36115711.417
Tasks in Queue=128723.000, Tasks Dropped=0.000
Evaluation average episode reward is -1344.0005363378589.

Episode 1785: Avg Net Energy=233.334, Avg CO2=59296.168, Water Usage=25312215.758
Tasks in Queue=21457.000, Tasks Dropped=0.000
Env sustaindc Task ca-discrete Algo happo Exp happo_rtask_25M updates 1790/3051 episodes, total num timesteps 14663680/25000000, FPS 323.
Average step reward is 0.8939661383628845.
Some episodes done, average episode reward is -1210.9342066904753.

Episode 1790: Avg Net Energy=241.160, Avg CO2=57023.589, Water Usage=36312571.032
Tasks in Queue=138727.000, Tasks Dropped=0.000
Evaluation average episode reward is -1351.7789300107681.

Episode 1790: Avg Net Energy=234.195, Avg CO2=58583.629, Water Usage=25416655.349
Tasks in Queue=20129.000, Tasks Dropped=0.000
Env sustaindc Task ca-discrete Algo happo Exp happo_rtask_25M updates 1795/3051 episodes, total num timesteps 14704640/25000000, FPS 323.
Average step reward is 0.9172606468200684.
Some episodes done, average episode reward is -1236.705286064885.

Episode 1795: Avg Net Energy=239.161, Avg CO2=58132.372, Water Usage=36147032.789
Tasks in Queue=162887.000, Tasks Dropped=0.000
Evaluation average episode reward is -1209.533134249.

Episode 1795: Avg Net Energy=232.413, Avg CO2=61331.447, Water Usage=25183894.870
Tasks in Queue=26907.000, Tasks Dropped=0.000
Env sustaindc Task ca-discrete Algo happo Exp happo_rtask_25M updates 1800/3051 episodes, total num timesteps 14745600/25000000, FPS 323.
Average step reward is 0.9149735569953918.
Some episodes done, average episode reward is -1204.6567600880783.

Episode 1800: Avg Net Energy=237.472, Avg CO2=64564.826, Water Usage=36055926.456
Tasks in Queue=148000.000, Tasks Dropped=0.000
Evaluation average episode reward is -1252.2278518287274.

Episode 1800: Avg Net Energy=233.481, Avg CO2=59288.606, Water Usage=25321957.607
Tasks in Queue=19916.000, Tasks Dropped=0.000
Env sustaindc Task ca-discrete Algo happo Exp happo_rtask_25M updates 1805/3051 episodes, total num timesteps 14786560/25000000, FPS 323.
Average step reward is 0.9203917980194092.
Some episodes done, average episode reward is -1238.1307792733342.

Episode 1805: Avg Net Energy=237.554, Avg CO2=63832.421, Water Usage=36019760.611
Tasks in Queue=125767.000, Tasks Dropped=0.000
Evaluation average episode reward is -1221.0436615271994.

Episode 1805: Avg Net Energy=232.690, Avg CO2=58225.816, Water Usage=25361085.377
Tasks in Queue=7134.000, Tasks Dropped=0.000
Env sustaindc Task ca-discrete Algo happo Exp happo_rtask_25M updates 1810/3051 episodes, total num timesteps 14827520/25000000, FPS 323.
Average step reward is 0.9299726486206055.
Some episodes done, average episode reward is -1237.4879326226164.

Episode 1810: Avg Net Energy=238.334, Avg CO2=59650.638, Water Usage=36095944.723
Tasks in Queue=132575.000, Tasks Dropped=0.000
Evaluation average episode reward is -1330.3670379343976.

Episode 1810: Avg Net Energy=233.675, Avg CO2=58633.175, Water Usage=25408908.100
Tasks in Queue=3728.000, Tasks Dropped=0.000
Env sustaindc Task ca-discrete Algo happo Exp happo_rtask_25M updates 1815/3051 episodes, total num timesteps 14868480/25000000, FPS 323.
Average step reward is 0.9253515005111694.
Some episodes done, average episode reward is -1207.7370576411463.

Episode 1815: Avg Net Energy=240.162, Avg CO2=52889.817, Water Usage=36192926.460
Tasks in Queue=142425.000, Tasks Dropped=0.000
Evaluation average episode reward is -1216.95117861624.

Episode 1815: Avg Net Energy=232.002, Avg CO2=56913.558, Water Usage=25206616.297
Tasks in Queue=19288.000, Tasks Dropped=0.000
Env sustaindc Task ca-discrete Algo happo Exp happo_rtask_25M updates 1820/3051 episodes, total num timesteps 14909440/25000000, FPS 323.
Average step reward is 0.9012285470962524.
Some episodes done, average episode reward is -1189.6768805956576.

Episode 1820: Avg Net Energy=239.114, Avg CO2=59573.383, Water Usage=36214189.307
Tasks in Queue=155677.000, Tasks Dropped=0.000
Evaluation average episode reward is -1206.521935479281.

Episode 1820: Avg Net Energy=231.957, Avg CO2=57054.384, Water Usage=25196676.680
Tasks in Queue=8277.000, Tasks Dropped=0.000
Env sustaindc Task ca-discrete Algo happo Exp happo_rtask_25M updates 1825/3051 episodes, total num timesteps 14950400/25000000, FPS 323.
Average step reward is 0.8519175052642822.
Some episodes done, average episode reward is -1221.01744796508.

Episode 1825: Avg Net Energy=240.676, Avg CO2=64513.326, Water Usage=36310756.135
Tasks in Queue=185987.000, Tasks Dropped=0.000
Evaluation average episode reward is -1272.692740287289.

Episode 1825: Avg Net Energy=232.068, Avg CO2=58947.126, Water Usage=25269949.321
Tasks in Queue=5401.000, Tasks Dropped=0.000
Env sustaindc Task ca-discrete Algo happo Exp happo_rtask_25M updates 1830/3051 episodes, total num timesteps 14991360/25000000, FPS 323.
Average step reward is 0.854424238204956.
Some episodes done, average episode reward is -1282.382264877575.

Episode 1830: Avg Net Energy=241.738, Avg CO2=65480.190, Water Usage=36333568.625
Tasks in Queue=176030.000, Tasks Dropped=0.000
Evaluation average episode reward is -1343.3756112610645.

Episode 1830: Avg Net Energy=232.586, Avg CO2=62170.674, Water Usage=25367287.527
Tasks in Queue=13250.000, Tasks Dropped=0.000
Env sustaindc Task ca-discrete Algo happo Exp happo_rtask_25M updates 1835/3051 episodes, total num timesteps 15032320/25000000, FPS 323.
Average step reward is 0.8544142246246338.
Some episodes done, average episode reward is -1258.4403396081273.

Episode 1835: Avg Net Energy=246.340, Avg CO2=53613.694, Water Usage=36584879.280
Tasks in Queue=176406.000, Tasks Dropped=0.000
Evaluation average episode reward is -1302.8149829733309.

Episode 1835: Avg Net Energy=232.741, Avg CO2=57233.712, Water Usage=25305414.684
Tasks in Queue=16246.000, Tasks Dropped=0.000
Env sustaindc Task ca-discrete Algo happo Exp happo_rtask_25M updates 1840/3051 episodes, total num timesteps 15073280/25000000, FPS 323.
Average step reward is 0.9037741422653198.
Some episodes done, average episode reward is -1212.9148289110215.

Episode 1840: Avg Net Energy=240.490, Avg CO2=56837.438, Water Usage=36187579.997
Tasks in Queue=178925.000, Tasks Dropped=0.000
Evaluation average episode reward is -1384.4048839221466.

Episode 1840: Avg Net Energy=233.714, Avg CO2=56751.370, Water Usage=25282874.903
Tasks in Queue=12595.000, Tasks Dropped=0.000
Env sustaindc Task ca-discrete Algo happo Exp happo_rtask_25M updates 1845/3051 episodes, total num timesteps 15114240/25000000, FPS 323.
Average step reward is 0.9158767461776733.
Some episodes done, average episode reward is -1195.174285286857.

Episode 1845: Avg Net Energy=238.196, Avg CO2=66011.451, Water Usage=36108090.959
Tasks in Queue=196516.000, Tasks Dropped=0.000
Evaluation average episode reward is -1122.3555109955132.

Episode 1845: Avg Net Energy=231.039, Avg CO2=57162.364, Water Usage=25145676.724
Tasks in Queue=19478.000, Tasks Dropped=0.000
Env sustaindc Task ca-discrete Algo happo Exp happo_rtask_25M updates 1850/3051 episodes, total num timesteps 15155200/25000000, FPS 323.
Average step reward is 0.8985679149627686.
Some episodes done, average episode reward is -1213.744168690141.

Episode 1850: Avg Net Energy=238.803, Avg CO2=63666.712, Water Usage=36257863.475
Tasks in Queue=139167.000, Tasks Dropped=0.000
Evaluation average episode reward is -1326.3752128901745.

Episode 1850: Avg Net Energy=232.499, Avg CO2=59880.931, Water Usage=25243567.533
Tasks in Queue=21314.000, Tasks Dropped=0.000
Env sustaindc Task ca-discrete Algo happo Exp happo_rtask_25M updates 1855/3051 episodes, total num timesteps 15196160/25000000, FPS 323.
Average step reward is 0.9203660488128662.
Some episodes done, average episode reward is -1210.9134042744959.

Episode 1855: Avg Net Energy=238.078, Avg CO2=58965.868, Water Usage=36135342.531
Tasks in Queue=210526.000, Tasks Dropped=0.000
Evaluation average episode reward is -1276.2883136733242.

Episode 1855: Avg Net Energy=232.076, Avg CO2=56886.149, Water Usage=25144549.599
Tasks in Queue=25968.000, Tasks Dropped=0.000
Env sustaindc Task ca-discrete Algo happo Exp happo_rtask_25M updates 1860/3051 episodes, total num timesteps 15237120/25000000, FPS 323.
Average step reward is 0.891851544380188.
Some episodes done, average episode reward is -1219.2693176666057.

Episode 1860: Avg Net Energy=241.867, Avg CO2=49423.174, Water Usage=36274771.252
Tasks in Queue=167938.000, Tasks Dropped=0.000
Evaluation average episode reward is -1379.2087277695339.

Episode 1860: Avg Net Energy=232.581, Avg CO2=62296.634, Water Usage=25227760.134
Tasks in Queue=33984.000, Tasks Dropped=0.000
Env sustaindc Task ca-discrete Algo happo Exp happo_rtask_25M updates 1865/3051 episodes, total num timesteps 15278080/25000000, FPS 323.
Average step reward is 0.8992081880569458.
Some episodes done, average episode reward is -1223.1471312295002.

Episode 1865: Avg Net Energy=238.222, Avg CO2=61943.409, Water Usage=36110964.223
Tasks in Queue=171777.000, Tasks Dropped=0.000
Evaluation average episode reward is -1311.0174929399125.

Episode 1865: Avg Net Energy=232.318, Avg CO2=56283.168, Water Usage=25148735.708
Tasks in Queue=31890.000, Tasks Dropped=0.000
Env sustaindc Task ca-discrete Algo happo Exp happo_rtask_25M updates 1870/3051 episodes, total num timesteps 15319040/25000000, FPS 323.
Average step reward is 0.8863479495048523.
Some episodes done, average episode reward is -1221.6454468468824.

Episode 1870: Avg Net Energy=238.655, Avg CO2=64172.800, Water Usage=36167496.757
Tasks in Queue=170354.000, Tasks Dropped=0.000
Evaluation average episode reward is -1380.7760146346861.

Episode 1870: Avg Net Energy=233.736, Avg CO2=58054.547, Water Usage=25394824.891
Tasks in Queue=22922.000, Tasks Dropped=0.000
Env sustaindc Task ca-discrete Algo happo Exp happo_rtask_25M updates 1875/3051 episodes, total num timesteps 15360000/25000000, FPS 323.
Average step reward is 0.8839485049247742.
Some episodes done, average episode reward is -1244.0689373537084.

Episode 1875: Avg Net Energy=239.501, Avg CO2=61907.509, Water Usage=36243184.032
Tasks in Queue=142369.000, Tasks Dropped=0.000
Evaluation average episode reward is -1327.514647902103.

Episode 1875: Avg Net Energy=233.789, Avg CO2=58178.730, Water Usage=25385653.776
Tasks in Queue=6935.000, Tasks Dropped=0.000
Env sustaindc Task ca-discrete Algo happo Exp happo_rtask_25M updates 1880/3051 episodes, total num timesteps 15400960/25000000, FPS 323.
Average step reward is 0.9004909992218018.
Some episodes done, average episode reward is -1261.2531294364446.

Episode 1880: Avg Net Energy=240.367, Avg CO2=59076.787, Water Usage=36338322.843
Tasks in Queue=147873.000, Tasks Dropped=0.000
Evaluation average episode reward is -1313.057340308024.

Episode 1880: Avg Net Energy=233.107, Avg CO2=62037.525, Water Usage=25286198.508
Tasks in Queue=10774.000, Tasks Dropped=0.000
Env sustaindc Task ca-discrete Algo happo Exp happo_rtask_25M updates 1885/3051 episodes, total num timesteps 15441920/25000000, FPS 323.
Average step reward is 0.8885229825973511.
Some episodes done, average episode reward is -1246.368300238237.

Episode 1885: Avg Net Energy=241.688, Avg CO2=56112.927, Water Usage=36343903.624
Tasks in Queue=152032.000, Tasks Dropped=0.000
Evaluation average episode reward is -1174.446026669315.

Episode 1885: Avg Net Energy=231.971, Avg CO2=57238.075, Water Usage=25231845.606
Tasks in Queue=9640.000, Tasks Dropped=0.000
Env sustaindc Task ca-discrete Algo happo Exp happo_rtask_25M updates 1890/3051 episodes, total num timesteps 15482880/25000000, FPS 323.
Average step reward is 0.8697537183761597.
Some episodes done, average episode reward is -1240.6891347660276.

Episode 1890: Avg Net Energy=240.035, Avg CO2=66715.422, Water Usage=36263154.171
Tasks in Queue=209678.000, Tasks Dropped=0.000
Evaluation average episode reward is -1313.1023872121139.

Episode 1890: Avg Net Energy=232.489, Avg CO2=59618.044, Water Usage=25254469.714
Tasks in Queue=26368.000, Tasks Dropped=0.000
Env sustaindc Task ca-discrete Algo happo Exp happo_rtask_25M updates 1895/3051 episodes, total num timesteps 15523840/25000000, FPS 323.
Average step reward is 0.8920125961303711.
Some episodes done, average episode reward is -1282.3113388117956.

Episode 1895: Avg Net Energy=238.258, Avg CO2=63289.461, Water Usage=36042802.255
Tasks in Queue=250936.000, Tasks Dropped=0.000
Evaluation average episode reward is -1325.651262904678.

Episode 1895: Avg Net Energy=232.207, Avg CO2=59774.862, Water Usage=25251018.601
Tasks in Queue=31253.000, Tasks Dropped=0.000
Env sustaindc Task ca-discrete Algo happo Exp happo_rtask_25M updates 1900/3051 episodes, total num timesteps 15564800/25000000, FPS 323.
Average step reward is 0.8792545795440674.
Some episodes done, average episode reward is -1220.06120344782.

Episode 1900: Avg Net Energy=241.781, Avg CO2=59927.326, Water Usage=36333507.436
Tasks in Queue=212771.000, Tasks Dropped=0.000
Evaluation average episode reward is -1313.2957815203897.

Episode 1900: Avg Net Energy=232.814, Avg CO2=58161.621, Water Usage=25231640.915
Tasks in Queue=32733.000, Tasks Dropped=0.000
Env sustaindc Task ca-discrete Algo happo Exp happo_rtask_25M updates 1905/3051 episodes, total num timesteps 15605760/25000000, FPS 323.
Average step reward is 0.9070612788200378.
Some episodes done, average episode reward is -1231.84944299147.

Episode 1905: Avg Net Energy=239.884, Avg CO2=52025.861, Water Usage=36120214.306
Tasks in Queue=205901.000, Tasks Dropped=0.000
Evaluation average episode reward is -1308.33201875669.

Episode 1905: Avg Net Energy=232.416, Avg CO2=57280.320, Water Usage=25240248.694
Tasks in Queue=29979.000, Tasks Dropped=0.000
Env sustaindc Task ca-discrete Algo happo Exp happo_rtask_25M updates 1910/3051 episodes, total num timesteps 15646720/25000000, FPS 323.
Average step reward is 0.8753658533096313.
Some episodes done, average episode reward is -1225.5857277225614.

Episode 1910: Avg Net Energy=241.063, Avg CO2=60690.279, Water Usage=36363075.365
Tasks in Queue=255636.000, Tasks Dropped=0.000
Evaluation average episode reward is -1277.721278509344.

Episode 1910: Avg Net Energy=231.393, Avg CO2=59495.693, Water Usage=25218891.369
Tasks in Queue=50782.000, Tasks Dropped=0.000
Env sustaindc Task ca-discrete Algo happo Exp happo_rtask_25M updates 1915/3051 episodes, total num timesteps 15687680/25000000, FPS 323.
Average step reward is 0.7958608269691467.
Some episodes done, average episode reward is -1261.6077326328673.

Episode 1915: Avg Net Energy=243.039, Avg CO2=66091.289, Water Usage=36592835.614
Tasks in Queue=338435.000, Tasks Dropped=0.000
Evaluation average episode reward is -1461.0041295732374.

Episode 1915: Avg Net Energy=233.396, Avg CO2=58553.363, Water Usage=25294324.102
Tasks in Queue=50200.000, Tasks Dropped=0.000
Env sustaindc Task ca-discrete Algo happo Exp happo_rtask_25M updates 1920/3051 episodes, total num timesteps 15728640/25000000, FPS 323.
Average step reward is 0.8249291181564331.
Some episodes done, average episode reward is -1253.3525713229592.

Episode 1920: Avg Net Energy=242.288, Avg CO2=63274.685, Water Usage=36407404.267
Tasks in Queue=362242.000, Tasks Dropped=0.000
Evaluation average episode reward is -1411.00120838153.

Episode 1920: Avg Net Energy=232.515, Avg CO2=62057.716, Water Usage=25278994.980
Tasks in Queue=49571.000, Tasks Dropped=0.000
Env sustaindc Task ca-discrete Algo happo Exp happo_rtask_25M updates 1925/3051 episodes, total num timesteps 15769600/25000000, FPS 323.
Average step reward is 0.8608192205429077.
Some episodes done, average episode reward is -1267.7882773582105.

Episode 1925: Avg Net Energy=242.666, Avg CO2=56018.186, Water Usage=36370811.694
Tasks in Queue=246134.000, Tasks Dropped=0.000
Evaluation average episode reward is -1359.5324568456513.

Episode 1925: Avg Net Energy=232.527, Avg CO2=56049.643, Water Usage=25272584.115
Tasks in Queue=36561.000, Tasks Dropped=0.000
Env sustaindc Task ca-discrete Algo happo Exp happo_rtask_25M updates 1930/3051 episodes, total num timesteps 15810560/25000000, FPS 323.
Average step reward is 0.879515528678894.
Some episodes done, average episode reward is -1243.517271934547.

Episode 1930: Avg Net Energy=240.234, Avg CO2=58214.995, Water Usage=36288437.560
Tasks in Queue=262820.000, Tasks Dropped=0.000
Evaluation average episode reward is -1390.0607716116199.

Episode 1930: Avg Net Energy=234.194, Avg CO2=60412.267, Water Usage=25246781.013
Tasks in Queue=32925.000, Tasks Dropped=0.000
Env sustaindc Task ca-discrete Algo happo Exp happo_rtask_25M updates 1935/3051 episodes, total num timesteps 15851520/25000000, FPS 323.
Average step reward is 0.8606939315795898.
Some episodes done, average episode reward is -1234.4997009519939.

Episode 1935: Avg Net Energy=239.942, Avg CO2=64735.121, Water Usage=36386966.084
Tasks in Queue=178169.000, Tasks Dropped=0.000
Evaluation average episode reward is -1309.1194719083453.

Episode 1935: Avg Net Energy=232.765, Avg CO2=60162.910, Water Usage=25257331.997
Tasks in Queue=63166.000, Tasks Dropped=0.000
Env sustaindc Task ca-discrete Algo happo Exp happo_rtask_25M updates 1940/3051 episodes, total num timesteps 15892480/25000000, FPS 323.
Average step reward is 0.8779023885726929.
Some episodes done, average episode reward is -1217.4309521869236.

Episode 1940: Avg Net Energy=238.516, Avg CO2=63502.861, Water Usage=36110830.217
Tasks in Queue=180032.000, Tasks Dropped=0.000
Evaluation average episode reward is -1194.8328731153615.

Episode 1940: Avg Net Energy=231.902, Avg CO2=60313.250, Water Usage=25122682.712
Tasks in Queue=46756.000, Tasks Dropped=0.000
Env sustaindc Task ca-discrete Algo happo Exp happo_rtask_25M updates 1945/3051 episodes, total num timesteps 15933440/25000000, FPS 323.
Average step reward is 0.9209495782852173.
Some episodes done, average episode reward is -1261.240465397959.

Episode 1945: Avg Net Energy=237.687, Avg CO2=63048.201, Water Usage=36063420.856
Tasks in Queue=109853.000, Tasks Dropped=0.000
Evaluation average episode reward is -1221.4029985170557.

Episode 1945: Avg Net Energy=232.446, Avg CO2=57151.598, Water Usage=25109017.651
Tasks in Queue=7841.000, Tasks Dropped=0.000
Env sustaindc Task ca-discrete Algo happo Exp happo_rtask_25M updates 1950/3051 episodes, total num timesteps 15974400/25000000, FPS 323.
Average step reward is 0.9092618227005005.
Some episodes done, average episode reward is -1210.3877079458366.

Episode 1950: Avg Net Energy=240.241, Avg CO2=53650.292, Water Usage=36174810.032
Tasks in Queue=105907.000, Tasks Dropped=0.000
Evaluation average episode reward is -1262.7843369930652.

Episode 1950: Avg Net Energy=232.184, Avg CO2=59498.480, Water Usage=25173350.585
Tasks in Queue=9770.000, Tasks Dropped=0.000
Env sustaindc Task ca-discrete Algo happo Exp happo_rtask_25M updates 1955/3051 episodes, total num timesteps 16015360/25000000, FPS 323.
Average step reward is 0.881411075592041.
Some episodes done, average episode reward is -1244.8658590440061.

Episode 1955: Avg Net Energy=239.222, Avg CO2=61526.673, Water Usage=36174649.823
Tasks in Queue=125714.000, Tasks Dropped=0.000
Evaluation average episode reward is -1208.856754225699.

Episode 1955: Avg Net Energy=231.266, Avg CO2=59480.272, Water Usage=25167339.397
Tasks in Queue=12264.000, Tasks Dropped=0.000
Env sustaindc Task ca-discrete Algo happo Exp happo_rtask_25M updates 1960/3051 episodes, total num timesteps 16056320/25000000, FPS 323.
Average step reward is 0.9151431918144226.
Some episodes done, average episode reward is -1231.5541733122725.

Episode 1960: Avg Net Energy=236.815, Avg CO2=63771.669, Water Usage=35928046.984
Tasks in Queue=183837.000, Tasks Dropped=0.000
Evaluation average episode reward is -1331.548557715402.

Episode 1960: Avg Net Energy=232.623, Avg CO2=57969.843, Water Usage=25267510.325
Tasks in Queue=28545.000, Tasks Dropped=0.000
Env sustaindc Task ca-discrete Algo happo Exp happo_rtask_25M updates 1965/3051 episodes, total num timesteps 16097280/25000000, FPS 323.
Average step reward is 0.886764407157898.
Some episodes done, average episode reward is -1297.972896479178.

Episode 1965: Avg Net Energy=238.819, Avg CO2=63877.161, Water Usage=36132213.912
Tasks in Queue=186721.000, Tasks Dropped=0.000
Evaluation average episode reward is -1339.0536461902057.

Episode 1965: Avg Net Energy=232.925, Avg CO2=57372.982, Water Usage=25357488.373
Tasks in Queue=26938.000, Tasks Dropped=0.000
Env sustaindc Task ca-discrete Algo happo Exp happo_rtask_25M updates 1970/3051 episodes, total num timesteps 16138240/25000000, FPS 323.
Average step reward is 0.915059506893158.
Some episodes done, average episode reward is -1256.9946287697271.

Episode 1970: Avg Net Energy=240.101, Avg CO2=56094.714, Water Usage=36179976.821
Tasks in Queue=141048.000, Tasks Dropped=0.000
Evaluation average episode reward is -1278.2754061261296.

Episode 1970: Avg Net Energy=231.957, Avg CO2=56899.842, Water Usage=25243451.781
Tasks in Queue=21082.000, Tasks Dropped=0.000
Env sustaindc Task ca-discrete Algo happo Exp happo_rtask_25M updates 1975/3051 episodes, total num timesteps 16179200/25000000, FPS 323.
Average step reward is 0.8533638119697571.
Some episodes done, average episode reward is -1235.0850668572366.

Episode 1975: Avg Net Energy=243.209, Avg CO2=57690.972, Water Usage=36513059.772
Tasks in Queue=157354.000, Tasks Dropped=0.000
Evaluation average episode reward is -1423.5028064817734.

Episode 1975: Avg Net Energy=234.069, Avg CO2=56736.029, Water Usage=25241383.786
Tasks in Queue=24069.000, Tasks Dropped=0.000
Env sustaindc Task ca-discrete Algo happo Exp happo_rtask_25M updates 1980/3051 episodes, total num timesteps 16220160/25000000, FPS 323.
Average step reward is 0.8764784336090088.
Some episodes done, average episode reward is -1214.2678323905652.

Episode 1980: Avg Net Energy=239.253, Avg CO2=65535.926, Water Usage=36270218.809
Tasks in Queue=183056.000, Tasks Dropped=0.000
Evaluation average episode reward is -1232.8419052229863.

Episode 1980: Avg Net Energy=232.171, Avg CO2=57110.431, Water Usage=25344702.242
Tasks in Queue=8043.000, Tasks Dropped=0.000
Env sustaindc Task ca-discrete Algo happo Exp happo_rtask_25M updates 1985/3051 episodes, total num timesteps 16261120/25000000, FPS 323.
Average step reward is 0.8950226306915283.
Some episodes done, average episode reward is -1149.7782412731622.

Episode 1985: Avg Net Energy=237.772, Avg CO2=63232.583, Water Usage=36059693.906
Tasks in Queue=197209.000, Tasks Dropped=0.000
Evaluation average episode reward is -1364.2866508104364.

Episode 1985: Avg Net Energy=233.726, Avg CO2=60546.781, Water Usage=25236219.791
Tasks in Queue=43090.000, Tasks Dropped=0.000
Env sustaindc Task ca-discrete Algo happo Exp happo_rtask_25M updates 1990/3051 episodes, total num timesteps 16302080/25000000, FPS 323.
Average step reward is 0.8648836612701416.
Some episodes done, average episode reward is -1252.4809072656067.

Episode 1990: Avg Net Energy=241.638, Avg CO2=58912.460, Water Usage=36444421.118
Tasks in Queue=228326.000, Tasks Dropped=0.000
Evaluation average episode reward is -1288.0627864693768.

Episode 1990: Avg Net Energy=232.631, Avg CO2=56297.920, Water Usage=25253540.895
Tasks in Queue=40668.000, Tasks Dropped=0.000
Env sustaindc Task ca-discrete Algo happo Exp happo_rtask_25M updates 1995/3051 episodes, total num timesteps 16343040/25000000, FPS 324.
Average step reward is 0.8997508883476257.
Some episodes done, average episode reward is -1267.5180085922002.

Episode 1995: Avg Net Energy=241.259, Avg CO2=52165.215, Water Usage=36240180.955
Tasks in Queue=195407.000, Tasks Dropped=0.000
Evaluation average episode reward is -1239.7316837330245.

Episode 1995: Avg Net Energy=231.691, Avg CO2=59679.303, Water Usage=25221630.385
Tasks in Queue=41884.000, Tasks Dropped=0.000
Env sustaindc Task ca-discrete Algo happo Exp happo_rtask_25M updates 2000/3051 episodes, total num timesteps 16384000/25000000, FPS 324.
Average step reward is 0.920713484287262.
Some episodes done, average episode reward is -1264.1585128424629.

Episode 2000: Avg Net Energy=237.185, Avg CO2=60523.764, Water Usage=35990502.214
Tasks in Queue=163570.000, Tasks Dropped=0.000
Evaluation average episode reward is -1206.873137554229.

Episode 2000: Avg Net Energy=231.455, Avg CO2=55729.403, Water Usage=25122252.471
Tasks in Queue=29645.000, Tasks Dropped=0.000
Env sustaindc Task ca-discrete Algo happo Exp happo_rtask_25M updates 2005/3051 episodes, total num timesteps 16424960/25000000, FPS 324.
Average step reward is 0.8422772884368896.
Some episodes done, average episode reward is -1266.3346825828307.

Episode 2005: Avg Net Energy=242.964, Avg CO2=66754.300, Water Usage=36577876.089
Tasks in Queue=196097.000, Tasks Dropped=0.000
Evaluation average episode reward is -1429.8901005074313.

Episode 2005: Avg Net Energy=234.214, Avg CO2=60452.778, Water Usage=25371098.809
Tasks in Queue=351990.000, Tasks Dropped=0.000
Env sustaindc Task ca-discrete Algo happo Exp happo_rtask_25M updates 2010/3051 episodes, total num timesteps 16465920/25000000, FPS 324.
Average step reward is 0.8584945201873779.
Some episodes done, average episode reward is -1200.395605358356.

Episode 2010: Avg Net Energy=242.373, Avg CO2=63573.595, Water Usage=36465798.821
Tasks in Queue=198743.000, Tasks Dropped=0.000
Evaluation average episode reward is -1411.0423368731745.

Episode 2010: Avg Net Energy=233.808, Avg CO2=59281.263, Water Usage=25273958.163
Tasks in Queue=80989.000, Tasks Dropped=0.000
Env sustaindc Task ca-discrete Algo happo Exp happo_rtask_25M updates 2015/3051 episodes, total num timesteps 16506880/25000000, FPS 324.
Average step reward is 0.8617448210716248.
Some episodes done, average episode reward is -1208.911434267187.

Episode 2015: Avg Net Energy=243.521, Avg CO2=56981.686, Water Usage=36578902.369
Tasks in Queue=147955.000, Tasks Dropped=0.000
Evaluation average episode reward is -1261.1120396826425.

Episode 2015: Avg Net Energy=232.664, Avg CO2=57186.654, Water Usage=25379329.358
Tasks in Queue=23759.000, Tasks Dropped=0.000
Env sustaindc Task ca-discrete Algo happo Exp happo_rtask_25M updates 2020/3051 episodes, total num timesteps 16547840/25000000, FPS 324.
Average step reward is 0.8968619108200073.
Some episodes done, average episode reward is -1228.7511701787375.

Episode 2020: Avg Net Energy=240.014, Avg CO2=57372.096, Water Usage=36229643.082
Tasks in Queue=121576.000, Tasks Dropped=0.000
Evaluation average episode reward is -1351.8328634499824.

Episode 2020: Avg Net Energy=233.638, Avg CO2=61390.727, Water Usage=25400800.736
Tasks in Queue=14391.000, Tasks Dropped=0.000
Env sustaindc Task ca-discrete Algo happo Exp happo_rtask_25M updates 2025/3051 episodes, total num timesteps 16588800/25000000, FPS 324.
Average step reward is 0.8879679441452026.
Some episodes done, average episode reward is -1256.9592544523764.

Episode 2025: Avg Net Energy=238.920, Avg CO2=64915.184, Water Usage=36169334.268
Tasks in Queue=195892.000, Tasks Dropped=0.000
Evaluation average episode reward is -1305.5591196303674.

Episode 2025: Avg Net Energy=233.622, Avg CO2=58159.396, Water Usage=25286141.995
Tasks in Queue=94213.000, Tasks Dropped=0.000
Env sustaindc Task ca-discrete Algo happo Exp happo_rtask_25M updates 2030/3051 episodes, total num timesteps 16629760/25000000, FPS 324.
Average step reward is 0.8989471197128296.
Some episodes done, average episode reward is -1235.754133772373.

Episode 2030: Avg Net Energy=239.067, Avg CO2=63766.199, Water Usage=36213889.282
Tasks in Queue=154245.000, Tasks Dropped=0.000
Evaluation average episode reward is -1301.826733732332.

Episode 2030: Avg Net Energy=233.552, Avg CO2=58279.859, Water Usage=25238289.747
Tasks in Queue=39547.000, Tasks Dropped=0.000
Env sustaindc Task ca-discrete Algo happo Exp happo_rtask_25M updates 2035/3051 episodes, total num timesteps 16670720/25000000, FPS 324.
Average step reward is 0.9057594537734985.
Some episodes done, average episode reward is -1233.8908963459191.

Episode 2035: Avg Net Energy=241.266, Avg CO2=57719.275, Water Usage=36255046.637
Tasks in Queue=148734.000, Tasks Dropped=0.000
Evaluation average episode reward is -1127.3475139761129.

Episode 2035: Avg Net Energy=231.423, Avg CO2=60465.009, Water Usage=25156779.098
Tasks in Queue=7377.000, Tasks Dropped=0.000
Env sustaindc Task ca-discrete Algo happo Exp happo_rtask_25M updates 2040/3051 episodes, total num timesteps 16711680/25000000, FPS 324.
Average step reward is 0.8561292886734009.
Some episodes done, average episode reward is -1274.2837995534542.

Episode 2040: Avg Net Energy=246.295, Avg CO2=56024.651, Water Usage=36624984.157
Tasks in Queue=156068.000, Tasks Dropped=0.000
Evaluation average episode reward is -1168.9517739124678.

Episode 2040: Avg Net Energy=231.646, Avg CO2=57742.379, Water Usage=25186975.616
Tasks in Queue=37221.000, Tasks Dropped=0.000
Env sustaindc Task ca-discrete Algo happo Exp happo_rtask_25M updates 2045/3051 episodes, total num timesteps 16752640/25000000, FPS 324.
Average step reward is 0.9229074120521545.
Some episodes done, average episode reward is -1241.230400515732.

Episode 2045: Avg Net Energy=240.223, Avg CO2=63326.648, Water Usage=36265459.641
Tasks in Queue=144270.000, Tasks Dropped=0.000
Evaluation average episode reward is -1312.9388768228825.

Episode 2045: Avg Net Energy=232.574, Avg CO2=60023.261, Water Usage=25197772.518
Tasks in Queue=25665.000, Tasks Dropped=0.000
Env sustaindc Task ca-discrete Algo happo Exp happo_rtask_25M updates 2050/3051 episodes, total num timesteps 16793600/25000000, FPS 324.
Average step reward is 0.9280237555503845.
Some episodes done, average episode reward is -1171.802522994345.

Episode 2050: Avg Net Energy=238.901, Avg CO2=65124.771, Water Usage=36187681.165
Tasks in Queue=122904.000, Tasks Dropped=0.000
Evaluation average episode reward is -1237.194486242225.

Episode 2050: Avg Net Energy=232.127, Avg CO2=57971.110, Water Usage=25225079.493
Tasks in Queue=10188.000, Tasks Dropped=0.000
Env sustaindc Task ca-discrete Algo happo Exp happo_rtask_25M updates 2055/3051 episodes, total num timesteps 16834560/25000000, FPS 324.
Average step reward is 0.900236189365387.
Some episodes done, average episode reward is -1219.3281191154376.

Episode 2055: Avg Net Energy=240.217, Avg CO2=61835.890, Water Usage=36212307.558
Tasks in Queue=127887.000, Tasks Dropped=0.000
Evaluation average episode reward is -1335.1101336611573.

Episode 2055: Avg Net Energy=232.788, Avg CO2=56603.766, Water Usage=25289692.540
Tasks in Queue=12443.000, Tasks Dropped=0.000
Env sustaindc Task ca-discrete Algo happo Exp happo_rtask_25M updates 2060/3051 episodes, total num timesteps 16875520/25000000, FPS 324.
Average step reward is 0.9031518697738647.
Some episodes done, average episode reward is -1184.6625369067708.

Episode 2060: Avg Net Energy=240.725, Avg CO2=52217.746, Water Usage=36355662.523
Tasks in Queue=138714.000, Tasks Dropped=0.000
Evaluation average episode reward is -1304.767202693963.

Episode 2060: Avg Net Energy=232.754, Avg CO2=56806.068, Water Usage=25332054.311
Tasks in Queue=22389.000, Tasks Dropped=0.000
Env sustaindc Task ca-discrete Algo happo Exp happo_rtask_25M updates 2065/3051 episodes, total num timesteps 16916480/25000000, FPS 324.
Average step reward is 0.8743573427200317.
Some episodes done, average episode reward is -1264.7951935433948.

Episode 2065: Avg Net Energy=240.369, Avg CO2=57618.372, Water Usage=36214590.392
Tasks in Queue=207782.000, Tasks Dropped=0.000
Evaluation average episode reward is -1403.5037615121973.

Episode 2065: Avg Net Energy=233.444, Avg CO2=58865.658, Water Usage=25395839.191
Tasks in Queue=104455.000, Tasks Dropped=0.000
Env sustaindc Task ca-discrete Algo happo Exp happo_rtask_25M updates 2070/3051 episodes, total num timesteps 16957440/25000000, FPS 324.
Average step reward is 0.8775157332420349.
Some episodes done, average episode reward is -1233.2922402494864.

Episode 2070: Avg Net Energy=238.803, Avg CO2=65716.457, Water Usage=36212766.865
Tasks in Queue=195428.000, Tasks Dropped=0.000
Evaluation average episode reward is -1121.930576016405.

Episode 2070: Avg Net Energy=231.160, Avg CO2=57446.733, Water Usage=25160589.466
Tasks in Queue=46319.000, Tasks Dropped=0.000
Env sustaindc Task ca-discrete Algo happo Exp happo_rtask_25M updates 2075/3051 episodes, total num timesteps 16998400/25000000, FPS 324.
Average step reward is 0.8654101490974426.
Some episodes done, average episode reward is -1238.0271958131857.

Episode 2075: Avg Net Energy=239.730, Avg CO2=64494.852, Water Usage=36245901.177
Tasks in Queue=171732.000, Tasks Dropped=0.000
Evaluation average episode reward is -1236.0606605734572.

Episode 2075: Avg Net Energy=231.404, Avg CO2=62828.832, Water Usage=25208853.528
Tasks in Queue=37217.000, Tasks Dropped=0.000
Env sustaindc Task ca-discrete Algo happo Exp happo_rtask_25M updates 2080/3051 episodes, total num timesteps 17039360/25000000, FPS 324.
Average step reward is 0.8928790092468262.
Some episodes done, average episode reward is -1262.3792804636478.

Episode 2080: Avg Net Energy=240.908, Avg CO2=57220.284, Water Usage=36195748.333
Tasks in Queue=193804.000, Tasks Dropped=0.000
Evaluation average episode reward is -1328.5397105246564.

Episode 2080: Avg Net Energy=232.792, Avg CO2=61941.753, Water Usage=25335200.802
Tasks in Queue=27051.000, Tasks Dropped=0.000
Env sustaindc Task ca-discrete Algo happo Exp happo_rtask_25M updates 2085/3051 episodes, total num timesteps 17080320/25000000, FPS 324.
Average step reward is 0.8787062168121338.
Some episodes done, average episode reward is -1238.7218092012847.

Episode 2085: Avg Net Energy=243.224, Avg CO2=53816.263, Water Usage=36452741.521
Tasks in Queue=174496.000, Tasks Dropped=0.000
Evaluation average episode reward is -1335.2274437393876.

Episode 2085: Avg Net Energy=232.582, Avg CO2=56314.026, Water Usage=25356472.561
Tasks in Queue=26707.000, Tasks Dropped=0.000
Env sustaindc Task ca-discrete Algo happo Exp happo_rtask_25M updates 2090/3051 episodes, total num timesteps 17121280/25000000, FPS 324.
Average step reward is 0.8946361541748047.
Some episodes done, average episode reward is -1274.7957891809347.

Episode 2090: Avg Net Energy=242.550, Avg CO2=60075.414, Water Usage=36405086.226
Tasks in Queue=139079.000, Tasks Dropped=0.000
Evaluation average episode reward is -1226.7240665428337.

Episode 2090: Avg Net Energy=232.111, Avg CO2=57450.849, Water Usage=25132355.414
Tasks in Queue=21733.000, Tasks Dropped=0.000
Env sustaindc Task ca-discrete Algo happo Exp happo_rtask_25M updates 2095/3051 episodes, total num timesteps 17162240/25000000, FPS 324.
Average step reward is 0.9014770984649658.
Some episodes done, average episode reward is -1192.202329644056.

Episode 2095: Avg Net Energy=239.307, Avg CO2=65802.753, Water Usage=36265084.806
Tasks in Queue=143508.000, Tasks Dropped=0.000
Evaluation average episode reward is -1376.1991415062512.

Episode 2095: Avg Net Energy=233.526, Avg CO2=61537.457, Water Usage=25269441.371
Tasks in Queue=10185.000, Tasks Dropped=0.000
Env sustaindc Task ca-discrete Algo happo Exp happo_rtask_25M updates 2100/3051 episodes, total num timesteps 17203200/25000000, FPS 324.
Average step reward is 0.8887101411819458.
Some episodes done, average episode reward is -1199.4078607647193.

Episode 2100: Avg Net Energy=240.075, Avg CO2=62755.729, Water Usage=36223968.847
Tasks in Queue=132090.000, Tasks Dropped=0.000
Evaluation average episode reward is -1134.1734467051776.

Episode 2100: Avg Net Energy=231.041, Avg CO2=57151.568, Water Usage=25185127.573
Tasks in Queue=20695.000, Tasks Dropped=0.000
Env sustaindc Task ca-discrete Algo happo Exp happo_rtask_25M updates 2105/3051 episodes, total num timesteps 17244160/25000000, FPS 324.
Average step reward is 0.905314564704895.
Some episodes done, average episode reward is -1261.3493164242243.

Episode 2105: Avg Net Energy=240.371, Avg CO2=55944.482, Water Usage=36319132.777
Tasks in Queue=154351.000, Tasks Dropped=0.000
Evaluation average episode reward is -1384.6242345093312.

Episode 2105: Avg Net Energy=233.964, Avg CO2=61095.169, Water Usage=25277374.467
Tasks in Queue=13536.000, Tasks Dropped=0.000
Env sustaindc Task ca-discrete Algo happo Exp happo_rtask_25M updates 2110/3051 episodes, total num timesteps 17285120/25000000, FPS 324.
Average step reward is 0.9112228751182556.
Some episodes done, average episode reward is -1234.4303687795864.

Episode 2110: Avg Net Energy=238.704, Avg CO2=57011.345, Water Usage=36199776.031
Tasks in Queue=125975.000, Tasks Dropped=0.000
Evaluation average episode reward is -1350.778212163117.

Episode 2110: Avg Net Energy=233.336, Avg CO2=56658.890, Water Usage=25372201.006
Tasks in Queue=9595.000, Tasks Dropped=0.000
Env sustaindc Task ca-discrete Algo happo Exp happo_rtask_25M updates 2115/3051 episodes, total num timesteps 17326080/25000000, FPS 324.
Average step reward is 0.9309525489807129.
Some episodes done, average episode reward is -1215.6430429889665.

Episode 2115: Avg Net Energy=236.506, Avg CO2=65329.871, Water Usage=35967472.676
Tasks in Queue=126668.000, Tasks Dropped=0.000
Evaluation average episode reward is -1230.8342879026563.

Episode 2115: Avg Net Energy=232.601, Avg CO2=61613.269, Water Usage=25273636.605
Tasks in Queue=5340.000, Tasks Dropped=0.000
Env sustaindc Task ca-discrete Algo happo Exp happo_rtask_25M updates 2120/3051 episodes, total num timesteps 17367040/25000000, FPS 324.
Average step reward is 0.92244553565979.
Some episodes done, average episode reward is -1258.3825080552783.

Episode 2120: Avg Net Energy=236.868, Avg CO2=63180.330, Water Usage=36118837.660
Tasks in Queue=144942.000, Tasks Dropped=0.000
Evaluation average episode reward is -1178.2940764392758.

Episode 2120: Avg Net Energy=231.469, Avg CO2=59999.274, Water Usage=25232872.741
Tasks in Queue=3071.000, Tasks Dropped=0.000
Env sustaindc Task ca-discrete Algo happo Exp happo_rtask_25M updates 2125/3051 episodes, total num timesteps 17408000/25000000, FPS 324.
Average step reward is 0.925970733165741.
Some episodes done, average episode reward is -1245.6773325111485.

Episode 2125: Avg Net Energy=237.239, Avg CO2=61202.419, Water Usage=36081387.049
Tasks in Queue=167790.000, Tasks Dropped=0.000
Evaluation average episode reward is -1172.665799029511.

Episode 2125: Avg Net Energy=231.317, Avg CO2=60471.492, Water Usage=25134885.836
Tasks in Queue=10714.000, Tasks Dropped=0.000
Env sustaindc Task ca-discrete Algo happo Exp happo_rtask_25M updates 2130/3051 episodes, total num timesteps 17448960/25000000, FPS 324.
Average step reward is 0.8742292523384094.
Some episodes done, average episode reward is -1233.9824135111573.

Episode 2130: Avg Net Energy=242.365, Avg CO2=56948.103, Water Usage=36381343.351
Tasks in Queue=148229.000, Tasks Dropped=0.000
Evaluation average episode reward is -1254.4942022996768.

Episode 2130: Avg Net Energy=231.072, Avg CO2=63064.247, Water Usage=25119384.927
Tasks in Queue=27074.000, Tasks Dropped=0.000
Env sustaindc Task ca-discrete Algo happo Exp happo_rtask_25M updates 2135/3051 episodes, total num timesteps 17489920/25000000, FPS 324.
Average step reward is 0.8785498142242432.
Some episodes done, average episode reward is -1257.6986712431428.

Episode 2135: Avg Net Energy=240.413, Avg CO2=62746.535, Water Usage=36334432.424
Tasks in Queue=143411.000, Tasks Dropped=0.000
Evaluation average episode reward is -1347.4441014116655.

Episode 2135: Avg Net Energy=231.888, Avg CO2=59722.039, Water Usage=25271937.010
Tasks in Queue=10309.000, Tasks Dropped=0.000
Env sustaindc Task ca-discrete Algo happo Exp happo_rtask_25M updates 2140/3051 episodes, total num timesteps 17530880/25000000, FPS 324.
Average step reward is 0.8803215622901917.
Some episodes done, average episode reward is -1279.848654616153.

Episode 2140: Avg Net Energy=239.765, Avg CO2=65417.204, Water Usage=36205991.954
Tasks in Queue=191128.000, Tasks Dropped=0.000
Evaluation average episode reward is -1424.4071541189512.

Episode 2140: Avg Net Energy=233.561, Avg CO2=58389.441, Water Usage=25255649.771
Tasks in Queue=24771.000, Tasks Dropped=0.000
Env sustaindc Task ca-discrete Algo happo Exp happo_rtask_25M updates 2145/3051 episodes, total num timesteps 17571840/25000000, FPS 324.
Average step reward is 0.910260021686554.
Some episodes done, average episode reward is -1272.0136363917861.

Episode 2145: Avg Net Energy=239.972, Avg CO2=61606.516, Water Usage=36213962.219
Tasks in Queue=159514.000, Tasks Dropped=0.000
Evaluation average episode reward is -1265.3453893892636.

Episode 2145: Avg Net Energy=232.786, Avg CO2=59151.917, Water Usage=25265276.552
Tasks in Queue=8941.000, Tasks Dropped=0.000
Env sustaindc Task ca-discrete Algo happo Exp happo_rtask_25M updates 2150/3051 episodes, total num timesteps 17612800/25000000, FPS 324.
Average step reward is 0.85605788230896.
Some episodes done, average episode reward is -1202.7791821305186.

Episode 2150: Avg Net Energy=246.715, Avg CO2=53021.990, Water Usage=36665094.535
Tasks in Queue=151773.000, Tasks Dropped=0.000
Evaluation average episode reward is -1275.752852147159.

Episode 2150: Avg Net Energy=232.399, Avg CO2=56306.604, Water Usage=25351502.492
Tasks in Queue=16206.000, Tasks Dropped=0.000
Env sustaindc Task ca-discrete Algo happo Exp happo_rtask_25M updates 2155/3051 episodes, total num timesteps 17653760/25000000, FPS 324.
Average step reward is 0.9013938307762146.
Some episodes done, average episode reward is -1208.227388275972.

Episode 2155: Avg Net Energy=241.281, Avg CO2=54728.469, Water Usage=36230418.060
Tasks in Queue=139842.000, Tasks Dropped=0.000
Evaluation average episode reward is -1265.9532651285792.

Episode 2155: Avg Net Energy=232.902, Avg CO2=57572.026, Water Usage=25254777.343
Tasks in Queue=5399.000, Tasks Dropped=0.000
Env sustaindc Task ca-discrete Algo happo Exp happo_rtask_25M updates 2160/3051 episodes, total num timesteps 17694720/25000000, FPS 324.
Average step reward is 0.9189713001251221.
Some episodes done, average episode reward is -1224.9838016093613.

Episode 2160: Avg Net Energy=237.954, Avg CO2=65429.532, Water Usage=36058732.737
Tasks in Queue=96404.000, Tasks Dropped=0.000
Evaluation average episode reward is -1152.1722031533247.

Episode 2160: Avg Net Energy=231.040, Avg CO2=55792.632, Water Usage=25199482.600
Tasks in Queue=1451.000, Tasks Dropped=0.000
Env sustaindc Task ca-discrete Algo happo Exp happo_rtask_25M updates 2165/3051 episodes, total num timesteps 17735680/25000000, FPS 324.
Average step reward is 0.8767738342285156.
Some episodes done, average episode reward is -1230.038640402952.

Episode 2165: Avg Net Energy=240.552, Avg CO2=64304.184, Water Usage=36250307.605
Tasks in Queue=141066.000, Tasks Dropped=0.000
Evaluation average episode reward is -1344.5012492072397.

Episode 2165: Avg Net Energy=233.289, Avg CO2=57803.362, Water Usage=25252449.255
Tasks in Queue=8531.000, Tasks Dropped=0.000
Env sustaindc Task ca-discrete Algo happo Exp happo_rtask_25M updates 2170/3051 episodes, total num timesteps 17776640/25000000, FPS 324.
Average step reward is 0.902729868888855.
Some episodes done, average episode reward is -1210.1105003206258.

Episode 2170: Avg Net Energy=239.567, Avg CO2=61165.492, Water Usage=36269757.374
Tasks in Queue=165282.000, Tasks Dropped=0.000
Evaluation average episode reward is -1370.0267927835569.

Episode 2170: Avg Net Energy=233.369, Avg CO2=56614.150, Water Usage=25282234.279
Tasks in Queue=17767.000, Tasks Dropped=0.000
Env sustaindc Task ca-discrete Algo happo Exp happo_rtask_25M updates 2175/3051 episodes, total num timesteps 17817600/25000000, FPS 324.
Average step reward is 0.883252739906311.
Some episodes done, average episode reward is -1207.7593042935168.

Episode 2175: Avg Net Energy=240.626, Avg CO2=55406.695, Water Usage=36274790.975
Tasks in Queue=155038.000, Tasks Dropped=0.000
Evaluation average episode reward is -1337.5575212517092.

Episode 2175: Avg Net Energy=233.682, Avg CO2=58668.174, Water Usage=25306563.893
Tasks in Queue=3894.000, Tasks Dropped=0.000
Env sustaindc Task ca-discrete Algo happo Exp happo_rtask_25M updates 2180/3051 episodes, total num timesteps 17858560/25000000, FPS 324.
Average step reward is 0.8777640461921692.
Some episodes done, average episode reward is -1291.143521707897.

Episode 2180: Avg Net Energy=240.489, Avg CO2=62148.198, Water Usage=36192367.729
Tasks in Queue=120460.000, Tasks Dropped=0.000
Evaluation average episode reward is -1296.4299514422307.

Episode 2180: Avg Net Energy=232.961, Avg CO2=59168.736, Water Usage=25364645.720
Tasks in Queue=7484.000, Tasks Dropped=0.000
Env sustaindc Task ca-discrete Algo happo Exp happo_rtask_25M updates 2185/3051 episodes, total num timesteps 17899520/25000000, FPS 324.
Average step reward is 0.8627319931983948.
Some episodes done, average episode reward is -1291.2570133876661.

Episode 2185: Avg Net Energy=241.681, Avg CO2=65632.600, Water Usage=36343567.592
Tasks in Queue=165548.000, Tasks Dropped=0.000
Evaluation average episode reward is -1307.761172496271.

Episode 2185: Avg Net Energy=233.414, Avg CO2=58860.189, Water Usage=25329536.891
Tasks in Queue=14185.000, Tasks Dropped=0.000
Env sustaindc Task ca-discrete Algo happo Exp happo_rtask_25M updates 2190/3051 episodes, total num timesteps 17940480/25000000, FPS 324.
Average step reward is 0.9123420715332031.
Some episodes done, average episode reward is -1223.0016320675836.

Episode 2190: Avg Net Energy=238.761, Avg CO2=63403.485, Water Usage=36068464.297
Tasks in Queue=155763.000, Tasks Dropped=0.000
Evaluation average episode reward is -1253.0500948512283.

Episode 2190: Avg Net Energy=232.567, Avg CO2=59498.118, Water Usage=25298454.776
Tasks in Queue=11171.000, Tasks Dropped=0.000
Env sustaindc Task ca-discrete Algo happo Exp happo_rtask_25M updates 2195/3051 episodes, total num timesteps 17981440/25000000, FPS 324.
Average step reward is 0.8781049251556396.
Some episodes done, average episode reward is -1226.6622733088984.

Episode 2195: Avg Net Energy=241.824, Avg CO2=59190.628, Water Usage=36353217.937
Tasks in Queue=158192.000, Tasks Dropped=0.000
Evaluation average episode reward is -1353.8454336934385.

Episode 2195: Avg Net Energy=233.993, Avg CO2=56842.334, Water Usage=25307980.652
Tasks in Queue=10809.000, Tasks Dropped=0.000
Env sustaindc Task ca-discrete Algo happo Exp happo_rtask_25M updates 2200/3051 episodes, total num timesteps 18022400/25000000, FPS 324.
Average step reward is 0.8537325859069824.
Some episodes done, average episode reward is -1234.3029492534051.

Episode 2200: Avg Net Energy=241.293, Avg CO2=59350.125, Water Usage=36286960.164
Tasks in Queue=158995.000, Tasks Dropped=0.000
Evaluation average episode reward is -1198.7098317687114.

Episode 2200: Avg Net Energy=232.376, Avg CO2=57140.007, Water Usage=25429199.448
Tasks in Queue=13975.000, Tasks Dropped=0.000
Env sustaindc Task ca-discrete Algo happo Exp happo_rtask_25M updates 2205/3051 episodes, total num timesteps 18063360/25000000, FPS 324.
Average step reward is 0.9394222497940063.
Some episodes done, average episode reward is -1209.1604454171033.

Episode 2205: Avg Net Energy=236.007, Avg CO2=64671.981, Water Usage=36009786.094
Tasks in Queue=126293.000, Tasks Dropped=0.000
Evaluation average episode reward is -1271.795943509619.

Episode 2205: Avg Net Energy=232.805, Avg CO2=56301.329, Water Usage=25283138.019
Tasks in Queue=4767.000, Tasks Dropped=0.000
Env sustaindc Task ca-discrete Algo happo Exp happo_rtask_25M updates 2210/3051 episodes, total num timesteps 18104320/25000000, FPS 324.
Average step reward is 0.8941740989685059.
Some episodes done, average episode reward is -1236.087848961487.

Episode 2210: Avg Net Energy=238.397, Avg CO2=63653.626, Water Usage=36196082.818
Tasks in Queue=161639.000, Tasks Dropped=0.000
Evaluation average episode reward is -1142.161282487181.

Episode 2210: Avg Net Energy=231.472, Avg CO2=60590.558, Water Usage=25233416.956
Tasks in Queue=10008.000, Tasks Dropped=0.000
Env sustaindc Task ca-discrete Algo happo Exp happo_rtask_25M updates 2215/3051 episodes, total num timesteps 18145280/25000000, FPS 324.
Average step reward is 0.8954085111618042.
Some episodes done, average episode reward is -1232.0162789179944.

Episode 2215: Avg Net Energy=240.080, Avg CO2=59604.326, Water Usage=36254569.727
Tasks in Queue=175102.000, Tasks Dropped=0.000
Evaluation average episode reward is -1293.9358022243548.

Episode 2215: Avg Net Energy=232.680, Avg CO2=56843.714, Water Usage=25278268.379
Tasks in Queue=28206.000, Tasks Dropped=0.000
Env sustaindc Task ca-discrete Algo happo Exp happo_rtask_25M updates 2220/3051 episodes, total num timesteps 18186240/25000000, FPS 324.
Average step reward is 0.8691078424453735.
Some episodes done, average episode reward is -1240.3167761691236.

Episode 2220: Avg Net Energy=242.643, Avg CO2=54401.612, Water Usage=36379557.167
Tasks in Queue=221657.000, Tasks Dropped=0.000
Evaluation average episode reward is -1213.5576929610495.

Episode 2220: Avg Net Energy=231.573, Avg CO2=57311.699, Water Usage=25028513.555
Tasks in Queue=85254.000, Tasks Dropped=0.000
Env sustaindc Task ca-discrete Algo happo Exp happo_rtask_25M updates 2225/3051 episodes, total num timesteps 18227200/25000000, FPS 324.
Average step reward is 0.8802205324172974.
Some episodes done, average episode reward is -1243.933975334437.

Episode 2225: Avg Net Energy=241.372, Avg CO2=63371.467, Water Usage=36402136.153
Tasks in Queue=135576.000, Tasks Dropped=0.000
Evaluation average episode reward is -1352.2411037206555.

Episode 2225: Avg Net Energy=232.747, Avg CO2=56676.445, Water Usage=25323016.489
Tasks in Queue=13670.000, Tasks Dropped=0.000
Env sustaindc Task ca-discrete Algo happo Exp happo_rtask_25M updates 2230/3051 episodes, total num timesteps 18268160/25000000, FPS 324.
Average step reward is 0.8941770792007446.
Some episodes done, average episode reward is -1240.9090658040159.

Episode 2230: Avg Net Energy=239.669, Avg CO2=65393.698, Water Usage=36239519.261
Tasks in Queue=124540.000, Tasks Dropped=0.000
Evaluation average episode reward is -1324.290935692484.

Episode 2230: Avg Net Energy=232.754, Avg CO2=56787.235, Water Usage=25292614.936
Tasks in Queue=3332.000, Tasks Dropped=0.000
Env sustaindc Task ca-discrete Algo happo Exp happo_rtask_25M updates 2235/3051 episodes, total num timesteps 18309120/25000000, FPS 325.
Average step reward is 0.8674757480621338.
Some episodes done, average episode reward is -1240.9682240383577.

Episode 2235: Avg Net Energy=242.445, Avg CO2=62340.301, Water Usage=36413688.003
Tasks in Queue=97197.000, Tasks Dropped=0.000
Evaluation average episode reward is -1271.915533573919.

Episode 2235: Avg Net Energy=232.524, Avg CO2=59161.725, Water Usage=25220831.610
Tasks in Queue=1349.000, Tasks Dropped=0.000
Env sustaindc Task ca-discrete Algo happo Exp happo_rtask_25M updates 2240/3051 episodes, total num timesteps 18350080/25000000, FPS 325.
Average step reward is 0.9199578762054443.
Some episodes done, average episode reward is -1334.856268040945.

Episode 2240: Avg Net Energy=241.526, Avg CO2=57862.161, Water Usage=36350236.079
Tasks in Queue=152868.000, Tasks Dropped=0.000
Evaluation average episode reward is -1303.3898208958783.

Episode 2240: Avg Net Energy=233.082, Avg CO2=61262.055, Water Usage=25227600.714
Tasks in Queue=30509.000, Tasks Dropped=0.000
Env sustaindc Task ca-discrete Algo happo Exp happo_rtask_25M updates 2245/3051 episodes, total num timesteps 18391040/25000000, FPS 324.
Average step reward is 0.9193391799926758.
Some episodes done, average episode reward is -1167.7740820692302.

Episode 2245: Avg Net Energy=240.759, Avg CO2=57349.615, Water Usage=36181921.592
Tasks in Queue=191979.000, Tasks Dropped=0.000
Evaluation average episode reward is -1313.053812302256.

Episode 2245: Avg Net Energy=233.290, Avg CO2=58791.407, Water Usage=25300409.524
Tasks in Queue=16207.000, Tasks Dropped=0.000
Env sustaindc Task ca-discrete Algo happo Exp happo_rtask_25M updates 2250/3051 episodes, total num timesteps 18432000/25000000, FPS 325.
Average step reward is 0.9105622172355652.
Some episodes done, average episode reward is -1198.7970211925926.

Episode 2250: Avg Net Energy=238.119, Avg CO2=64398.549, Water Usage=36126491.431
Tasks in Queue=166076.000, Tasks Dropped=0.000
Evaluation average episode reward is -1249.044630008653.

Episode 2250: Avg Net Energy=232.293, Avg CO2=56700.384, Water Usage=25180882.380
Tasks in Queue=23860.000, Tasks Dropped=0.000
Env sustaindc Task ca-discrete Algo happo Exp happo_rtask_25M updates 2255/3051 episodes, total num timesteps 18472960/25000000, FPS 325.
Average step reward is 0.8962236046791077.
Some episodes done, average episode reward is -1230.0416696895031.

Episode 2255: Avg Net Energy=238.687, Avg CO2=63251.442, Water Usage=36145259.296
Tasks in Queue=156363.000, Tasks Dropped=0.000
Evaluation average episode reward is -1269.8038164312072.

Episode 2255: Avg Net Energy=232.464, Avg CO2=58721.162, Water Usage=25234226.176
Tasks in Queue=8093.000, Tasks Dropped=0.000
Env sustaindc Task ca-discrete Algo happo Exp happo_rtask_25M updates 2260/3051 episodes, total num timesteps 18513920/25000000, FPS 325.
Average step reward is 0.8803117275238037.
Some episodes done, average episode reward is -1225.1079484149068.

Episode 2260: Avg Net Energy=241.779, Avg CO2=58722.707, Water Usage=36452810.508
Tasks in Queue=137620.000, Tasks Dropped=0.000
Evaluation average episode reward is -1347.3802476581304.

Episode 2260: Avg Net Energy=233.273, Avg CO2=59064.506, Water Usage=25249739.864
Tasks in Queue=7575.000, Tasks Dropped=0.000
Env sustaindc Task ca-discrete Algo happo Exp happo_rtask_25M updates 2265/3051 episodes, total num timesteps 18554880/25000000, FPS 325.
Average step reward is 0.9474862813949585.
Some episodes done, average episode reward is -1237.533347627455.

Episode 2265: Avg Net Energy=237.770, Avg CO2=52828.246, Water Usage=36005828.736
Tasks in Queue=124316.000, Tasks Dropped=0.000
Evaluation average episode reward is -1166.509355351022.

Episode 2265: Avg Net Energy=231.163, Avg CO2=59354.419, Water Usage=25250617.337
Tasks in Queue=15017.000, Tasks Dropped=0.000
Env sustaindc Task ca-discrete Algo happo Exp happo_rtask_25M updates 2270/3051 episodes, total num timesteps 18595840/25000000, FPS 325.
Average step reward is 0.8826202750205994.
Some episodes done, average episode reward is -1233.2023404750414.

Episode 2270: Avg Net Energy=241.703, Avg CO2=61996.662, Water Usage=36364372.147
Tasks in Queue=175286.000, Tasks Dropped=0.000
Evaluation average episode reward is -1220.9997630568266.

Episode 2270: Avg Net Energy=232.056, Avg CO2=57203.240, Water Usage=25182601.633
Tasks in Queue=29481.000, Tasks Dropped=0.000
Env sustaindc Task ca-discrete Algo happo Exp happo_rtask_25M updates 2275/3051 episodes, total num timesteps 18636800/25000000, FPS 325.
Average step reward is 0.9076493382453918.
Some episodes done, average episode reward is -1327.2460874791136.

Episode 2275: Avg Net Energy=239.482, Avg CO2=64838.388, Water Usage=36244547.840
Tasks in Queue=142718.000, Tasks Dropped=0.000
Evaluation average episode reward is -1312.3301436804206.

Episode 2275: Avg Net Energy=232.881, Avg CO2=61179.917, Water Usage=25272212.699
Tasks in Queue=8118.000, Tasks Dropped=0.000
Env sustaindc Task ca-discrete Algo happo Exp happo_rtask_25M updates 2280/3051 episodes, total num timesteps 18677760/25000000, FPS 325.
Average step reward is 0.8861011862754822.
Some episodes done, average episode reward is -1242.2420408335156.

Episode 2280: Avg Net Energy=241.556, Avg CO2=61141.257, Water Usage=36405195.162
Tasks in Queue=160339.000, Tasks Dropped=0.000
Evaluation average episode reward is -1402.2989217221427.

Episode 2280: Avg Net Energy=233.620, Avg CO2=59429.984, Water Usage=25411552.259
Tasks in Queue=24771.000, Tasks Dropped=0.000
Env sustaindc Task ca-discrete Algo happo Exp happo_rtask_25M updates 2285/3051 episodes, total num timesteps 18718720/25000000, FPS 325.
Average step reward is 0.9240351319313049.
Some episodes done, average episode reward is -1233.550537306262.

Episode 2285: Avg Net Energy=239.112, Avg CO2=57320.092, Water Usage=36073402.430
Tasks in Queue=157093.000, Tasks Dropped=0.000
Evaluation average episode reward is -1350.7211945118913.

Episode 2285: Avg Net Energy=233.618, Avg CO2=61481.157, Water Usage=25291974.388
Tasks in Queue=8648.000, Tasks Dropped=0.000
Env sustaindc Task ca-discrete Algo happo Exp happo_rtask_25M updates 2290/3051 episodes, total num timesteps 18759680/25000000, FPS 325.
Average step reward is 0.9226850271224976.
Some episodes done, average episode reward is -1221.89682981223.

Episode 2290: Avg Net Energy=240.329, Avg CO2=56033.799, Water Usage=36152004.822
Tasks in Queue=146088.000, Tasks Dropped=0.000
Evaluation average episode reward is -1165.6601530531616.

Episode 2290: Avg Net Energy=232.041, Avg CO2=55819.321, Water Usage=25179916.148
Tasks in Queue=11986.000, Tasks Dropped=0.000
Env sustaindc Task ca-discrete Algo happo Exp happo_rtask_25M updates 2295/3051 episodes, total num timesteps 18800640/25000000, FPS 325.
Average step reward is 0.8799294233322144.
Some episodes done, average episode reward is -1210.3684006760352.

Episode 2295: Avg Net Energy=239.804, Avg CO2=66396.552, Water Usage=36254227.295
Tasks in Queue=188202.000, Tasks Dropped=0.000
Evaluation average episode reward is -1218.626295482216.

Episode 2295: Avg Net Energy=232.647, Avg CO2=58971.119, Water Usage=25241986.447
Tasks in Queue=10041.000, Tasks Dropped=0.000
Env sustaindc Task ca-discrete Algo happo Exp happo_rtask_25M updates 2300/3051 episodes, total num timesteps 18841600/25000000, FPS 325.
Average step reward is 0.9149328470230103.
Some episodes done, average episode reward is -1203.7167724889441.

Episode 2300: Avg Net Energy=237.511, Avg CO2=64043.658, Water Usage=36084962.709
Tasks in Queue=144118.000, Tasks Dropped=0.000
Evaluation average episode reward is -1236.431672217642.

Episode 2300: Avg Net Energy=232.565, Avg CO2=58334.856, Water Usage=25246836.081
Tasks in Queue=7975.000, Tasks Dropped=0.000
Env sustaindc Task ca-discrete Algo happo Exp happo_rtask_25M updates 2305/3051 episodes, total num timesteps 18882560/25000000, FPS 325.
Average step reward is 0.886354386806488.
Some episodes done, average episode reward is -1208.3025425290843.

Episode 2305: Avg Net Energy=240.691, Avg CO2=58371.275, Water Usage=36245260.417
Tasks in Queue=163279.000, Tasks Dropped=0.000
Evaluation average episode reward is -1223.8390228375154.

Episode 2305: Avg Net Energy=231.684, Avg CO2=56768.640, Water Usage=25189184.563
Tasks in Queue=12050.000, Tasks Dropped=0.000
Env sustaindc Task ca-discrete Algo happo Exp happo_rtask_25M updates 2310/3051 episodes, total num timesteps 18923520/25000000, FPS 325.
Average step reward is 0.8739374876022339.
Some episodes done, average episode reward is -1249.2194509428812.

Episode 2310: Avg Net Energy=242.486, Avg CO2=52287.994, Water Usage=36379793.526
Tasks in Queue=200374.000, Tasks Dropped=0.000
Evaluation average episode reward is -1351.7665540239448.

Episode 2310: Avg Net Energy=232.962, Avg CO2=60481.181, Water Usage=25326530.592
Tasks in Queue=24439.000, Tasks Dropped=0.000
Env sustaindc Task ca-discrete Algo happo Exp happo_rtask_25M updates 2315/3051 episodes, total num timesteps 18964480/25000000, FPS 325.
Average step reward is 0.8886538147926331.
Some episodes done, average episode reward is -1258.7823018301788.

Episode 2315: Avg Net Energy=238.293, Avg CO2=60392.980, Water Usage=36102684.500
Tasks in Queue=214343.000, Tasks Dropped=0.000
Evaluation average episode reward is -1395.6975150838925.

Episode 2315: Avg Net Energy=233.309, Avg CO2=59500.540, Water Usage=25266361.935
Tasks in Queue=33495.000, Tasks Dropped=0.000
Env sustaindc Task ca-discrete Algo happo Exp happo_rtask_25M updates 2320/3051 episodes, total num timesteps 19005440/25000000, FPS 325.
Average step reward is 0.8540829420089722.
Some episodes done, average episode reward is -1248.82667255722.

Episode 2320: Avg Net Energy=241.852, Avg CO2=65343.526, Water Usage=36325801.834
Tasks in Queue=164860.000, Tasks Dropped=0.000
Evaluation average episode reward is -1246.0602051189505.

Episode 2320: Avg Net Energy=232.389, Avg CO2=57327.042, Water Usage=25355164.673
Tasks in Queue=13344.000, Tasks Dropped=0.000
Env sustaindc Task ca-discrete Algo happo Exp happo_rtask_25M updates 2325/3051 episodes, total num timesteps 19046400/25000000, FPS 325.
Average step reward is 0.9350700378417969.
Some episodes done, average episode reward is -1253.7953238030677.

Episode 2325: Avg Net Energy=239.782, Avg CO2=60625.840, Water Usage=36104803.065
Tasks in Queue=161294.000, Tasks Dropped=0.000
Evaluation average episode reward is -1195.8688127266514.

Episode 2325: Avg Net Energy=231.857, Avg CO2=57802.622, Water Usage=25304603.820
Tasks in Queue=18875.000, Tasks Dropped=0.000
Env sustaindc Task ca-discrete Algo happo Exp happo_rtask_25M updates 2330/3051 episodes, total num timesteps 19087360/25000000, FPS 325.
Average step reward is 0.8992646932601929.
Some episodes done, average episode reward is -1246.02326413931.

Episode 2330: Avg Net Energy=243.540, Avg CO2=54626.865, Water Usage=36438601.112
Tasks in Queue=169485.000, Tasks Dropped=0.000
Evaluation average episode reward is -1236.2031366106494.

Episode 2330: Avg Net Energy=232.300, Avg CO2=58339.298, Water Usage=25327579.863
Tasks in Queue=10651.000, Tasks Dropped=0.000
Env sustaindc Task ca-discrete Algo happo Exp happo_rtask_25M updates 2335/3051 episodes, total num timesteps 19128320/25000000, FPS 325.
Average step reward is 0.938835859298706.
Some episodes done, average episode reward is -1153.842307503807.

Episode 2335: Avg Net Energy=238.596, Avg CO2=56637.953, Water Usage=36082053.930
Tasks in Queue=209071.000, Tasks Dropped=0.000
Evaluation average episode reward is -1314.7429477262278.

Episode 2335: Avg Net Energy=232.339, Avg CO2=61293.023, Water Usage=25292594.837
Tasks in Queue=34594.000, Tasks Dropped=0.000
Env sustaindc Task ca-discrete Algo happo Exp happo_rtask_25M updates 2340/3051 episodes, total num timesteps 19169280/25000000, FPS 325.
Average step reward is 0.8905149698257446.
Some episodes done, average episode reward is -1216.2808924883016.

Episode 2340: Avg Net Energy=237.501, Avg CO2=64632.885, Water Usage=36153189.866
Tasks in Queue=284905.000, Tasks Dropped=0.000
Evaluation average episode reward is -1338.1626834383133.

Episode 2340: Avg Net Energy=232.617, Avg CO2=59124.358, Water Usage=25229270.919
Tasks in Queue=64003.000, Tasks Dropped=0.000
Env sustaindc Task ca-discrete Algo happo Exp happo_rtask_25M updates 2345/3051 episodes, total num timesteps 19210240/25000000, FPS 325.
Average step reward is 0.9155665636062622.
Some episodes done, average episode reward is -1308.7726773218628.

Episode 2345: Avg Net Energy=236.698, Avg CO2=63111.182, Water Usage=36015643.824
Tasks in Queue=235984.000, Tasks Dropped=0.000
Evaluation average episode reward is -1358.0320993161963.

Episode 2345: Avg Net Energy=233.394, Avg CO2=58255.829, Water Usage=25310424.885
Tasks in Queue=21583.000, Tasks Dropped=0.000
Env sustaindc Task ca-discrete Algo happo Exp happo_rtask_25M updates 2350/3051 episodes, total num timesteps 19251200/25000000, FPS 325.
Average step reward is 0.8836874961853027.
Some episodes done, average episode reward is -1222.3919733429761.

Episode 2350: Avg Net Energy=240.201, Avg CO2=58443.554, Water Usage=36207441.135
Tasks in Queue=215214.000, Tasks Dropped=0.000
Evaluation average episode reward is -1221.0655251615874.

Episode 2350: Avg Net Energy=231.445, Avg CO2=59307.718, Water Usage=25154299.540
Tasks in Queue=27564.000, Tasks Dropped=0.000
Env sustaindc Task ca-discrete Algo happo Exp happo_rtask_25M updates 2355/3051 episodes, total num timesteps 19292160/25000000, FPS 325.
Average step reward is 0.9318618774414062.
Some episodes done, average episode reward is -1236.5697759925692.

Episode 2355: Avg Net Energy=237.391, Avg CO2=54802.733, Water Usage=36022575.677
Tasks in Queue=176198.000, Tasks Dropped=0.000
Evaluation average episode reward is -1299.071011413653.

Episode 2355: Avg Net Energy=232.393, Avg CO2=58551.514, Water Usage=25313396.105
Tasks in Queue=14940.000, Tasks Dropped=0.000
Env sustaindc Task ca-discrete Algo happo Exp happo_rtask_25M updates 2360/3051 episodes, total num timesteps 19333120/25000000, FPS 325.
Average step reward is 0.8601121306419373.
Some episodes done, average episode reward is -1238.6426641506596.

Episode 2360: Avg Net Energy=242.859, Avg CO2=62297.662, Water Usage=36433573.414
Tasks in Queue=124589.000, Tasks Dropped=0.000
Evaluation average episode reward is -1375.3588020435584.

Episode 2360: Avg Net Energy=233.556, Avg CO2=56510.542, Water Usage=25335764.007
Tasks in Queue=3874.000, Tasks Dropped=0.000
Env sustaindc Task ca-discrete Algo happo Exp happo_rtask_25M updates 2365/3051 episodes, total num timesteps 19374080/25000000, FPS 325.
Average step reward is 0.8979834318161011.
Some episodes done, average episode reward is -1307.5601478205504.

Episode 2365: Avg Net Energy=239.432, Avg CO2=64646.104, Water Usage=36187743.030
Tasks in Queue=181908.000, Tasks Dropped=0.000
Evaluation average episode reward is -1414.398682829392.

Episode 2365: Avg Net Energy=233.752, Avg CO2=59221.875, Water Usage=25401716.663
Tasks in Queue=22875.000, Tasks Dropped=0.000
Env sustaindc Task ca-discrete Algo happo Exp happo_rtask_25M updates 2370/3051 episodes, total num timesteps 19415040/25000000, FPS 325.
Average step reward is 0.905569314956665.
Some episodes done, average episode reward is -1264.29786156119.

Episode 2370: Avg Net Energy=239.435, Avg CO2=63342.349, Water Usage=36254328.241
Tasks in Queue=167365.000, Tasks Dropped=0.000
Evaluation average episode reward is -1338.984778758104.

Episode 2370: Avg Net Energy=233.885, Avg CO2=61045.399, Water Usage=25362477.892
Tasks in Queue=16377.000, Tasks Dropped=0.000
Env sustaindc Task ca-discrete Algo happo Exp happo_rtask_25M updates 2375/3051 episodes, total num timesteps 19456000/25000000, FPS 325.
Average step reward is 0.878764271736145.
Some episodes done, average episode reward is -1222.5845810102628.

Episode 2375: Avg Net Energy=243.386, Avg CO2=56632.215, Water Usage=36482185.389
Tasks in Queue=169121.000, Tasks Dropped=0.000
Evaluation average episode reward is -1312.92571359523.

Episode 2375: Avg Net Energy=234.147, Avg CO2=58558.829, Water Usage=25263898.779
Tasks in Queue=16031.000, Tasks Dropped=0.000
Env sustaindc Task ca-discrete Algo happo Exp happo_rtask_25M updates 2380/3051 episodes, total num timesteps 19496960/25000000, FPS 325.
Average step reward is 0.9429901242256165.
Some episodes done, average episode reward is -1214.7759231494713.

Episode 2380: Avg Net Energy=239.398, Avg CO2=55003.457, Water Usage=36088419.596
Tasks in Queue=165160.000, Tasks Dropped=0.000
Evaluation average episode reward is -1244.0532092668302.

Episode 2380: Avg Net Energy=233.729, Avg CO2=59869.786, Water Usage=25375799.744
Tasks in Queue=25777.000, Tasks Dropped=0.000
Env sustaindc Task ca-discrete Algo happo Exp happo_rtask_25M updates 2385/3051 episodes, total num timesteps 19537920/25000000, FPS 325.
Average step reward is 0.858707070350647.
Some episodes done, average episode reward is -1216.6035792556768.

Episode 2385: Avg Net Energy=240.801, Avg CO2=65835.829, Water Usage=36356077.142
Tasks in Queue=170198.000, Tasks Dropped=0.000
Evaluation average episode reward is -1203.1341776565378.

Episode 2385: Avg Net Energy=232.721, Avg CO2=59739.940, Water Usage=25305937.441
Tasks in Queue=36350.000, Tasks Dropped=0.000
Env sustaindc Task ca-discrete Algo happo Exp happo_rtask_25M updates 2390/3051 episodes, total num timesteps 19578880/25000000, FPS 325.
Average step reward is 0.932539165019989.
Some episodes done, average episode reward is -1233.0237963407126.

Episode 2390: Avg Net Energy=235.738, Avg CO2=62279.569, Water Usage=35979474.624
Tasks in Queue=198740.000, Tasks Dropped=0.000
Evaluation average episode reward is -1218.3768039414201.

Episode 2390: Avg Net Energy=232.178, Avg CO2=59809.473, Water Usage=25230018.396
Tasks in Queue=20136.000, Tasks Dropped=0.000
Env sustaindc Task ca-discrete Algo happo Exp happo_rtask_25M updates 2395/3051 episodes, total num timesteps 19619840/25000000, FPS 325.
Average step reward is 0.8770219087600708.
Some episodes done, average episode reward is -1220.4413040789436.

Episode 2395: Avg Net Energy=240.734, Avg CO2=61264.646, Water Usage=36312090.937
Tasks in Queue=179453.000, Tasks Dropped=0.000
Evaluation average episode reward is -1225.7524150506745.

Episode 2395: Avg Net Energy=231.561, Avg CO2=56881.339, Water Usage=25168151.036
Tasks in Queue=33588.000, Tasks Dropped=0.000
Env sustaindc Task ca-discrete Algo happo Exp happo_rtask_25M updates 2400/3051 episodes, total num timesteps 19660800/25000000, FPS 325.
Average step reward is 0.9202185869216919.
Some episodes done, average episode reward is -1274.3296073425663.

Episode 2400: Avg Net Energy=239.432, Avg CO2=49809.713, Water Usage=36079450.935
Tasks in Queue=173620.000, Tasks Dropped=0.000
Evaluation average episode reward is -1429.6261279766786.

Episode 2400: Avg Net Energy=233.422, Avg CO2=61659.043, Water Usage=25472631.199
Tasks in Queue=28874.000, Tasks Dropped=0.000
Env sustaindc Task ca-discrete Algo happo Exp happo_rtask_25M updates 2405/3051 episodes, total num timesteps 19701760/25000000, FPS 325.
Average step reward is 0.90337735414505.
Some episodes done, average episode reward is -1208.4378181422414.

Episode 2405: Avg Net Energy=238.283, Avg CO2=62321.479, Water Usage=35996295.291
Tasks in Queue=180505.000, Tasks Dropped=0.000
Evaluation average episode reward is -1379.2301734664354.

Episode 2405: Avg Net Energy=234.068, Avg CO2=60080.381, Water Usage=25483814.290
Tasks in Queue=30751.000, Tasks Dropped=0.000
Env sustaindc Task ca-discrete Algo happo Exp happo_rtask_25M updates 2410/3051 episodes, total num timesteps 19742720/25000000, FPS 325.
Average step reward is 0.8772351741790771.
Some episodes done, average episode reward is -1220.7824790992267.

Episode 2410: Avg Net Energy=239.673, Avg CO2=64271.395, Water Usage=36181235.218
Tasks in Queue=144322.000, Tasks Dropped=0.000
Evaluation average episode reward is -1249.8828418713786.

Episode 2410: Avg Net Energy=232.927, Avg CO2=58636.025, Water Usage=25313928.262
Tasks in Queue=28877.000, Tasks Dropped=0.000
Env sustaindc Task ca-discrete Algo happo Exp happo_rtask_25M updates 2415/3051 episodes, total num timesteps 19783680/25000000, FPS 325.
Average step reward is 0.929271936416626.
Some episodes done, average episode reward is -1273.4635030766103.

Episode 2415: Avg Net Energy=239.358, Avg CO2=61739.814, Water Usage=36181967.530
Tasks in Queue=130872.000, Tasks Dropped=0.000
Evaluation average episode reward is -1311.984418895385.

Episode 2415: Avg Net Energy=234.415, Avg CO2=60889.052, Water Usage=25345072.920
Tasks in Queue=18592.000, Tasks Dropped=0.000
Env sustaindc Task ca-discrete Algo happo Exp happo_rtask_25M updates 2420/3051 episodes, total num timesteps 19824640/25000000, FPS 325.
Average step reward is 0.8981810212135315.
Some episodes done, average episode reward is -1188.4876844963494.

Episode 2420: Avg Net Energy=241.944, Avg CO2=60132.689, Water Usage=36332550.952
Tasks in Queue=141187.000, Tasks Dropped=0.000
Evaluation average episode reward is -1212.5634107772892.

Episode 2420: Avg Net Energy=233.037, Avg CO2=58018.347, Water Usage=25181005.664
Tasks in Queue=12093.000, Tasks Dropped=0.000
Env sustaindc Task ca-discrete Algo happo Exp happo_rtask_25M updates 2425/3051 episodes, total num timesteps 19865600/25000000, FPS 325.
Average step reward is 0.8686857223510742.
Some episodes done, average episode reward is -1233.9280685456172.

Episode 2425: Avg Net Energy=242.372, Avg CO2=57175.238, Water Usage=36405888.748
Tasks in Queue=143468.000, Tasks Dropped=0.000
Evaluation average episode reward is -1179.8698347955547.

Episode 2425: Avg Net Energy=231.943, Avg CO2=56996.742, Water Usage=25222346.122
Tasks in Queue=17386.000, Tasks Dropped=0.000
Env sustaindc Task ca-discrete Algo happo Exp happo_rtask_25M updates 2430/3051 episodes, total num timesteps 19906560/25000000, FPS 325.
Average step reward is 0.9119400978088379.
Some episodes done, average episode reward is -1239.434166424427.

Episode 2430: Avg Net Energy=238.476, Avg CO2=64581.094, Water Usage=36185040.527
Tasks in Queue=188539.000, Tasks Dropped=0.000
Evaluation average episode reward is -1339.1712029144558.

Episode 2430: Avg Net Energy=232.775, Avg CO2=58866.317, Water Usage=25332307.578
Tasks in Queue=32254.000, Tasks Dropped=0.000
Env sustaindc Task ca-discrete Algo happo Exp happo_rtask_25M updates 2435/3051 episodes, total num timesteps 19947520/25000000, FPS 325.
Average step reward is 0.9026445150375366.
Some episodes done, average episode reward is -1160.7366509269282.

Episode 2435: Avg Net Energy=237.520, Avg CO2=62841.522, Water Usage=36061457.161
Tasks in Queue=204701.000, Tasks Dropped=0.000
Evaluation average episode reward is -1215.397458557617.

Episode 2435: Avg Net Energy=231.067, Avg CO2=63065.074, Water Usage=25148306.057
Tasks in Queue=24471.000, Tasks Dropped=0.000
Env sustaindc Task ca-discrete Algo happo Exp happo_rtask_25M updates 2440/3051 episodes, total num timesteps 19988480/25000000, FPS 325.
Average step reward is 0.8476631045341492.
Some episodes done, average episode reward is -1192.1219918868146.

Episode 2440: Avg Net Energy=241.796, Avg CO2=61786.419, Water Usage=36300216.012
Tasks in Queue=184296.000, Tasks Dropped=0.000
Evaluation average episode reward is -1378.633693760126.

Episode 2440: Avg Net Energy=232.713, Avg CO2=59244.723, Water Usage=25297277.694
Tasks in Queue=22715.000, Tasks Dropped=0.000
Env sustaindc Task ca-discrete Algo happo Exp happo_rtask_25M updates 2445/3051 episodes, total num timesteps 20029440/25000000, FPS 325.
Average step reward is 0.875929594039917.
Some episodes done, average episode reward is -1236.2165491804615.

Episode 2445: Avg Net Energy=242.184, Avg CO2=54138.011, Water Usage=36366070.690
Tasks in Queue=124671.000, Tasks Dropped=0.000
Evaluation average episode reward is -1287.2340444862339.

Episode 2445: Avg Net Energy=231.928, Avg CO2=59692.908, Water Usage=25110218.068
Tasks in Queue=13252.000, Tasks Dropped=0.000
Env sustaindc Task ca-discrete Algo happo Exp happo_rtask_25M updates 2450/3051 episodes, total num timesteps 20070400/25000000, FPS 325.
Average step reward is 0.8973935842514038.
Some episodes done, average episode reward is -1252.654824007446.

Episode 2450: Avg Net Energy=238.828, Avg CO2=62831.532, Water Usage=36155777.763
Tasks in Queue=170915.000, Tasks Dropped=0.000
Evaluation average episode reward is -1412.5940484861.

Episode 2450: Avg Net Energy=233.182, Avg CO2=59283.630, Water Usage=25336513.730
Tasks in Queue=33031.000, Tasks Dropped=0.000
Env sustaindc Task ca-discrete Algo happo Exp happo_rtask_25M updates 2455/3051 episodes, total num timesteps 20111360/25000000, FPS 325.
Average step reward is 0.8708342909812927.
Some episodes done, average episode reward is -1252.8715010146739.

Episode 2455: Avg Net Energy=239.721, Avg CO2=64722.894, Water Usage=36256976.671
Tasks in Queue=177692.000, Tasks Dropped=0.000
Evaluation average episode reward is -1216.5037323102422.

Episode 2455: Avg Net Energy=231.668, Avg CO2=57087.350, Water Usage=25257570.035
Tasks in Queue=36434.000, Tasks Dropped=0.000
Env sustaindc Task ca-discrete Algo happo Exp happo_rtask_25M updates 2460/3051 episodes, total num timesteps 20152320/25000000, FPS 325.
Average step reward is 0.8903322219848633.
Some episodes done, average episode reward is -1204.1602367056698.

Episode 2460: Avg Net Energy=239.477, Avg CO2=62512.308, Water Usage=36340377.099
Tasks in Queue=137266.000, Tasks Dropped=0.000
Evaluation average episode reward is -1244.7606186856647.

Episode 2460: Avg Net Energy=232.462, Avg CO2=61338.045, Water Usage=25249689.453
Tasks in Queue=11321.000, Tasks Dropped=0.000
Env sustaindc Task ca-discrete Algo happo Exp happo_rtask_25M updates 2465/3051 episodes, total num timesteps 20193280/25000000, FPS 325.
Average step reward is 0.89704430103302.
Some episodes done, average episode reward is -1212.0368301073968.

Episode 2465: Avg Net Energy=239.639, Avg CO2=56083.379, Water Usage=36214317.191
Tasks in Queue=153177.000, Tasks Dropped=0.000
Evaluation average episode reward is -1288.4299720912186.

Episode 2465: Avg Net Energy=232.452, Avg CO2=58882.478, Water Usage=25260875.190
Tasks in Queue=12134.000, Tasks Dropped=0.000
Env sustaindc Task ca-discrete Algo happo Exp happo_rtask_25M updates 2470/3051 episodes, total num timesteps 20234240/25000000, FPS 325.
Average step reward is 0.913138210773468.
Some episodes done, average episode reward is -1272.8421083356911.

Episode 2470: Avg Net Energy=240.771, Avg CO2=57170.011, Water Usage=36242586.426
Tasks in Queue=125497.000, Tasks Dropped=0.000
Evaluation average episode reward is -1318.9926205405081.

Episode 2470: Avg Net Energy=232.598, Avg CO2=59822.291, Water Usage=25264885.685
Tasks in Queue=4205.000, Tasks Dropped=0.000
Env sustaindc Task ca-discrete Algo happo Exp happo_rtask_25M updates 2475/3051 episodes, total num timesteps 20275200/25000000, FPS 325.
Average step reward is 0.8422636985778809.
Some episodes done, average episode reward is -1257.5891730313592.

Episode 2475: Avg Net Energy=241.746, Avg CO2=65508.355, Water Usage=36401180.897
Tasks in Queue=154058.000, Tasks Dropped=0.000
Evaluation average episode reward is -1303.3691128040052.

Episode 2475: Avg Net Energy=232.369, Avg CO2=59870.853, Water Usage=25243036.356
Tasks in Queue=6980.000, Tasks Dropped=0.000
Env sustaindc Task ca-discrete Algo happo Exp happo_rtask_25M updates 2480/3051 episodes, total num timesteps 20316160/25000000, FPS 325.
Average step reward is 0.8881367444992065.
Some episodes done, average episode reward is -1179.8197674290777.

Episode 2480: Avg Net Energy=239.719, Avg CO2=64520.834, Water Usage=36283637.035
Tasks in Queue=112339.000, Tasks Dropped=0.000
Evaluation average episode reward is -1256.8869502716532.

Episode 2480: Avg Net Energy=231.865, Avg CO2=62817.571, Water Usage=25180374.756
Tasks in Queue=6570.000, Tasks Dropped=0.000
Env sustaindc Task ca-discrete Algo happo Exp happo_rtask_25M updates 2485/3051 episodes, total num timesteps 20357120/25000000, FPS 325.
Average step reward is 0.9296714067459106.
Some episodes done, average episode reward is -1241.7730336038032.

Episode 2485: Avg Net Energy=237.411, Avg CO2=59411.497, Water Usage=36024041.350
Tasks in Queue=156010.000, Tasks Dropped=0.000
Evaluation average episode reward is -1266.5994820907486.

Episode 2485: Avg Net Energy=232.106, Avg CO2=56368.372, Water Usage=25295873.622
Tasks in Queue=23127.000, Tasks Dropped=0.000
Env sustaindc Task ca-discrete Algo happo Exp happo_rtask_25M updates 2490/3051 episodes, total num timesteps 20398080/25000000, FPS 325.
Average step reward is 0.8938942551612854.
Some episodes done, average episode reward is -1213.2377304680062.

Episode 2490: Avg Net Energy=241.912, Avg CO2=51653.952, Water Usage=36391229.288
Tasks in Queue=170801.000, Tasks Dropped=0.000
Evaluation average episode reward is -1344.36662727436.

Episode 2490: Avg Net Energy=233.117, Avg CO2=56702.533, Water Usage=25317924.323
Tasks in Queue=23518.000, Tasks Dropped=0.000
Env sustaindc Task ca-discrete Algo happo Exp happo_rtask_25M updates 2495/3051 episodes, total num timesteps 20439040/25000000, FPS 325.
Average step reward is 0.8580518960952759.
Some episodes done, average episode reward is -1279.1630161278276.

Episode 2495: Avg Net Energy=242.350, Avg CO2=61324.904, Water Usage=36462173.247
Tasks in Queue=143978.000, Tasks Dropped=0.000
Evaluation average episode reward is -1375.4469632253356.

Episode 2495: Avg Net Energy=233.337, Avg CO2=59114.331, Water Usage=25397021.870
Tasks in Queue=12153.000, Tasks Dropped=0.000
Env sustaindc Task ca-discrete Algo happo Exp happo_rtask_25M updates 2500/3051 episodes, total num timesteps 20480000/25000000, FPS 325.
Average step reward is 0.8867137432098389.
Some episodes done, average episode reward is -1239.6281398016108.

Episode 2500: Avg Net Energy=240.497, Avg CO2=64895.442, Water Usage=36269664.656
Tasks in Queue=159622.000, Tasks Dropped=0.000
Evaluation average episode reward is -1226.2479304522478.

Episode 2500: Avg Net Energy=232.161, Avg CO2=59580.594, Water Usage=25144540.587
Tasks in Queue=43750.000, Tasks Dropped=0.000
Env sustaindc Task ca-discrete Algo happo Exp happo_rtask_25M updates 2505/3051 episodes, total num timesteps 20520960/25000000, FPS 325.
Average step reward is 0.8968644142150879.
Some episodes done, average episode reward is -1229.0102926377954.

Episode 2505: Avg Net Energy=239.756, Avg CO2=62190.919, Water Usage=36291280.437
Tasks in Queue=262149.000, Tasks Dropped=0.000
Evaluation average episode reward is -1261.9424226773629.

Episode 2505: Avg Net Energy=232.595, Avg CO2=56286.354, Water Usage=25280580.266
Tasks in Queue=65167.000, Tasks Dropped=0.000
Env sustaindc Task ca-discrete Algo happo Exp happo_rtask_25M updates 2510/3051 episodes, total num timesteps 20561920/25000000, FPS 325.
Average step reward is 0.8864167928695679.
Some episodes done, average episode reward is -1224.3366732846546.

Episode 2510: Avg Net Energy=242.099, Avg CO2=59238.572, Water Usage=36303290.210
Tasks in Queue=160779.000, Tasks Dropped=0.000
Evaluation average episode reward is -1182.7140941754744.

Episode 2510: Avg Net Energy=231.265, Avg CO2=59292.167, Water Usage=25148786.842
Tasks in Queue=22547.000, Tasks Dropped=0.000
Env sustaindc Task ca-discrete Algo happo Exp happo_rtask_25M updates 2515/3051 episodes, total num timesteps 20602880/25000000, FPS 325.
Average step reward is 0.8700133562088013.
Some episodes done, average episode reward is -1246.7824779608231.

Episode 2515: Avg Net Energy=243.678, Avg CO2=57414.231, Water Usage=36435848.022
Tasks in Queue=158941.000, Tasks Dropped=0.000
Evaluation average episode reward is -1345.4262226342669.

Episode 2515: Avg Net Energy=233.066, Avg CO2=56682.491, Water Usage=25307529.540
Tasks in Queue=76484.000, Tasks Dropped=0.000
Env sustaindc Task ca-discrete Algo happo Exp happo_rtask_25M updates 2520/3051 episodes, total num timesteps 20643840/25000000, FPS 325.
Average step reward is 0.9568789005279541.
Some episodes done, average episode reward is -1195.823055067971.

Episode 2520: Avg Net Energy=235.811, Avg CO2=64406.710, Water Usage=35978197.289
Tasks in Queue=169712.000, Tasks Dropped=0.000
Evaluation average episode reward is -1292.012687068253.

Episode 2520: Avg Net Energy=232.563, Avg CO2=58997.805, Water Usage=25225350.970
Tasks in Queue=16825.000, Tasks Dropped=0.000
Env sustaindc Task ca-discrete Algo happo Exp happo_rtask_25M updates 2525/3051 episodes, total num timesteps 20684800/25000000, FPS 325.
Average step reward is 0.8983582854270935.
Some episodes done, average episode reward is -1219.5069465102283.

Episode 2525: Avg Net Energy=238.385, Avg CO2=63376.458, Water Usage=36188441.066
Tasks in Queue=162919.000, Tasks Dropped=0.000
Evaluation average episode reward is -1277.2836507534037.

Episode 2525: Avg Net Energy=231.965, Avg CO2=59810.242, Water Usage=25264927.534
Tasks in Queue=36529.000, Tasks Dropped=0.000
Env sustaindc Task ca-discrete Algo happo Exp happo_rtask_25M updates 2530/3051 episodes, total num timesteps 20725760/25000000, FPS 325.
Average step reward is 0.9119898676872253.
Some episodes done, average episode reward is -1214.0745226700892.

Episode 2530: Avg Net Energy=238.850, Avg CO2=58495.375, Water Usage=36072888.408
Tasks in Queue=180850.000, Tasks Dropped=0.000
Evaluation average episode reward is -1232.6660610292897.

Episode 2530: Avg Net Energy=232.016, Avg CO2=60391.715, Water Usage=25220696.625
Tasks in Queue=36749.000, Tasks Dropped=0.000
Env sustaindc Task ca-discrete Algo happo Exp happo_rtask_25M updates 2535/3051 episodes, total num timesteps 20766720/25000000, FPS 325.
Average step reward is 0.9111478924751282.
Some episodes done, average episode reward is -1260.800643932639.

Episode 2535: Avg Net Energy=239.879, Avg CO2=54443.384, Water Usage=36169575.924
Tasks in Queue=135788.000, Tasks Dropped=0.000
Evaluation average episode reward is -1309.9732185568394.

Episode 2535: Avg Net Energy=233.287, Avg CO2=57637.219, Water Usage=25228435.392
Tasks in Queue=32247.000, Tasks Dropped=0.000
Env sustaindc Task ca-discrete Algo happo Exp happo_rtask_25M updates 2540/3051 episodes, total num timesteps 20807680/25000000, FPS 325.
Average step reward is 0.9323493242263794.
Some episodes done, average episode reward is -1229.5858945810667.

Episode 2540: Avg Net Energy=236.553, Avg CO2=60931.414, Water Usage=35863693.232
Tasks in Queue=195079.000, Tasks Dropped=0.000
Evaluation average episode reward is -1329.570082456704.

Episode 2540: Avg Net Energy=232.932, Avg CO2=56240.340, Water Usage=25408566.269
Tasks in Queue=266957.000, Tasks Dropped=0.000
Env sustaindc Task ca-discrete Algo happo Exp happo_rtask_25M updates 2545/3051 episodes, total num timesteps 20848640/25000000, FPS 325.
Average step reward is 0.8525081276893616.
Some episodes done, average episode reward is -1193.0938369099692.

Episode 2545: Avg Net Energy=241.315, Avg CO2=66302.046, Water Usage=36330211.837
Tasks in Queue=206422.000, Tasks Dropped=0.000
Evaluation average episode reward is -1236.6475126909997.

Episode 2545: Avg Net Energy=232.223, Avg CO2=56795.581, Water Usage=25123056.905
Tasks in Queue=29538.000, Tasks Dropped=0.000
Env sustaindc Task ca-discrete Algo happo Exp happo_rtask_25M updates 2550/3051 episodes, total num timesteps 20889600/25000000, FPS 325.
Average step reward is 0.8684139251708984.
Some episodes done, average episode reward is -1276.3053052787704.

Episode 2550: Avg Net Energy=240.761, Avg CO2=63210.692, Water Usage=36314196.721
Tasks in Queue=178526.000, Tasks Dropped=0.000
Evaluation average episode reward is -1194.4749609398152.

Episode 2550: Avg Net Energy=231.475, Avg CO2=55840.110, Water Usage=25200407.418
Tasks in Queue=16594.000, Tasks Dropped=0.000
Env sustaindc Task ca-discrete Algo happo Exp happo_rtask_25M updates 2555/3051 episodes, total num timesteps 20930560/25000000, FPS 325.
Average step reward is 0.8769576549530029.
Some episodes done, average episode reward is -1250.718630510824.

Episode 2555: Avg Net Energy=242.469, Avg CO2=55397.006, Water Usage=36413366.116
Tasks in Queue=184209.000, Tasks Dropped=0.000
Evaluation average episode reward is -1420.6647030633465.

Episode 2555: Avg Net Energy=233.645, Avg CO2=56738.355, Water Usage=25303826.715
Tasks in Queue=26313.000, Tasks Dropped=0.000
Env sustaindc Task ca-discrete Algo happo Exp happo_rtask_25M updates 2560/3051 episodes, total num timesteps 20971520/25000000, FPS 325.
Average step reward is 0.8741077184677124.
Some episodes done, average episode reward is -1204.7204468886111.

Episode 2560: Avg Net Energy=240.281, Avg CO2=57518.235, Water Usage=36249789.443
Tasks in Queue=248721.000, Tasks Dropped=0.000
Evaluation average episode reward is -1205.1506662162003.

Episode 2560: Avg Net Energy=231.257, Avg CO2=60257.578, Water Usage=25296750.360
Tasks in Queue=31034.000, Tasks Dropped=0.000
Env sustaindc Task ca-discrete Algo happo Exp happo_rtask_25M updates 2565/3051 episodes, total num timesteps 21012480/25000000, FPS 325.
Average step reward is 0.883592963218689.
Some episodes done, average episode reward is -1251.4994520596078.

Episode 2565: Avg Net Energy=238.196, Avg CO2=64978.667, Water Usage=36145347.931
Tasks in Queue=200302.000, Tasks Dropped=0.000
Evaluation average episode reward is -1243.954619773302.

Episode 2565: Avg Net Energy=231.575, Avg CO2=59790.207, Water Usage=25237331.349
Tasks in Queue=14562.000, Tasks Dropped=0.000
Env sustaindc Task ca-discrete Algo happo Exp happo_rtask_25M updates 2570/3051 episodes, total num timesteps 21053440/25000000, FPS 325.
Average step reward is 0.8792407512664795.
Some episodes done, average episode reward is -1235.0089613251173.

Episode 2570: Avg Net Energy=239.297, Avg CO2=63175.397, Water Usage=36155893.860
Tasks in Queue=221448.000, Tasks Dropped=0.000
Evaluation average episode reward is -1346.4766167279583.

Episode 2570: Avg Net Energy=232.565, Avg CO2=56061.578, Water Usage=25345844.183
Tasks in Queue=36270.000, Tasks Dropped=0.000
Env sustaindc Task ca-discrete Algo happo Exp happo_rtask_25M updates 2575/3051 episodes, total num timesteps 21094400/25000000, FPS 325.
Average step reward is 0.891623854637146.
Some episodes done, average episode reward is -1321.6696137611732.

Episode 2575: Avg Net Energy=241.072, Avg CO2=63413.730, Water Usage=36261861.093
Tasks in Queue=180335.000, Tasks Dropped=0.000
Evaluation average episode reward is -1377.9048106764076.

Episode 2575: Avg Net Energy=233.687, Avg CO2=58330.964, Water Usage=25258075.200
Tasks in Queue=16459.000, Tasks Dropped=0.000
Env sustaindc Task ca-discrete Algo happo Exp happo_rtask_25M updates 2580/3051 episodes, total num timesteps 21135360/25000000, FPS 325.
Average step reward is 0.9288444519042969.
Some episodes done, average episode reward is -1222.7261739902274.

Episode 2580: Avg Net Energy=241.061, Avg CO2=52773.249, Water Usage=36134663.188
Tasks in Queue=180264.000, Tasks Dropped=0.000
Evaluation average episode reward is -1316.3761597152197.

Episode 2580: Avg Net Energy=232.810, Avg CO2=56756.461, Water Usage=25187270.402
Tasks in Queue=16987.000, Tasks Dropped=0.000
Env sustaindc Task ca-discrete Algo happo Exp happo_rtask_25M updates 2585/3051 episodes, total num timesteps 21176320/25000000, FPS 325.
Average step reward is 0.9054598212242126.
Some episodes done, average episode reward is -1162.9516819857586.

Episode 2585: Avg Net Energy=238.756, Avg CO2=61046.116, Water Usage=36120635.637
Tasks in Queue=264465.000, Tasks Dropped=0.000
Evaluation average episode reward is -1251.7924817141823.

Episode 2585: Avg Net Energy=232.155, Avg CO2=59572.075, Water Usage=25196855.182
Tasks in Queue=69734.000, Tasks Dropped=0.000
Env sustaindc Task ca-discrete Algo happo Exp happo_rtask_25M updates 2590/3051 episodes, total num timesteps 21217280/25000000, FPS 325.
Average step reward is 0.8596516251564026.
Some episodes done, average episode reward is -1212.2210455261375.

Episode 2590: Avg Net Energy=240.139, Avg CO2=65288.675, Water Usage=36296605.906
Tasks in Queue=197972.000, Tasks Dropped=0.000
Evaluation average episode reward is -1242.5011790850717.

Episode 2590: Avg Net Energy=232.425, Avg CO2=56892.622, Water Usage=25361513.303
Tasks in Queue=44867.000, Tasks Dropped=0.000
Env sustaindc Task ca-discrete Algo happo Exp happo_rtask_25M updates 2595/3051 episodes, total num timesteps 21258240/25000000, FPS 325.
Average step reward is 0.8331859111785889.
Some episodes done, average episode reward is -1279.0808792705345.

Episode 2595: Avg Net Energy=242.875, Avg CO2=63414.653, Water Usage=36548098.896
Tasks in Queue=257382.000, Tasks Dropped=0.000
Evaluation average episode reward is -1290.760556095552.

Episode 2595: Avg Net Energy=233.444, Avg CO2=59804.459, Water Usage=25339982.457
Tasks in Queue=78785.000, Tasks Dropped=0.000
Env sustaindc Task ca-discrete Algo happo Exp happo_rtask_25M updates 2600/3051 episodes, total num timesteps 21299200/25000000, FPS 325.
Average step reward is 0.9025816917419434.
Some episodes done, average episode reward is -1218.3983055409801.

Episode 2600: Avg Net Energy=240.100, Avg CO2=56347.799, Water Usage=36204298.630
Tasks in Queue=239643.000, Tasks Dropped=0.000
Evaluation average episode reward is -1257.7932906329015.

Episode 2600: Avg Net Energy=232.976, Avg CO2=57888.757, Water Usage=25213996.709
Tasks in Queue=134632.000, Tasks Dropped=0.000
Env sustaindc Task ca-discrete Algo happo Exp happo_rtask_25M updates 2605/3051 episodes, total num timesteps 21340160/25000000, FPS 325.
Average step reward is 0.8752491474151611.
Some episodes done, average episode reward is -1254.1405309561032.

Episode 2605: Avg Net Energy=241.840, Avg CO2=58754.099, Water Usage=36388051.474
Tasks in Queue=189815.000, Tasks Dropped=0.000
Evaluation average episode reward is -1228.1097396896978.

Episode 2605: Avg Net Energy=232.506, Avg CO2=61474.554, Water Usage=25249293.663
Tasks in Queue=26357.000, Tasks Dropped=0.000
Env sustaindc Task ca-discrete Algo happo Exp happo_rtask_25M updates 2610/3051 episodes, total num timesteps 21381120/25000000, FPS 325.
Average step reward is 0.9043902158737183.
Some episodes done, average episode reward is -1219.2721561500712.

Episode 2610: Avg Net Energy=238.245, Avg CO2=65117.767, Water Usage=36095769.736
Tasks in Queue=168635.000, Tasks Dropped=0.000
Evaluation average episode reward is -1189.660383603178.

Episode 2610: Avg Net Energy=231.667, Avg CO2=56201.780, Water Usage=25066102.333
Tasks in Queue=100110.000, Tasks Dropped=0.000
Env sustaindc Task ca-discrete Algo happo Exp happo_rtask_25M updates 2615/3051 episodes, total num timesteps 21422080/25000000, FPS 325.
Average step reward is 0.9091216325759888.
Some episodes done, average episode reward is -1289.7528090191752.

Episode 2615: Avg Net Energy=238.461, Avg CO2=64300.798, Water Usage=36173838.403
Tasks in Queue=183665.000, Tasks Dropped=0.000
Evaluation average episode reward is -1340.7032975403051.

Episode 2615: Avg Net Energy=232.670, Avg CO2=62147.990, Water Usage=25364612.607
Tasks in Queue=152706.000, Tasks Dropped=0.000
Env sustaindc Task ca-discrete Algo happo Exp happo_rtask_25M updates 2620/3051 episodes, total num timesteps 21463040/25000000, FPS 325.
Average step reward is 0.9146457314491272.
Some episodes done, average episode reward is -1226.6511277689397.

Episode 2620: Avg Net Energy=239.783, Avg CO2=58846.035, Water Usage=36218812.947
Tasks in Queue=174402.000, Tasks Dropped=0.000
Evaluation average episode reward is -1255.09282591414.

Episode 2620: Avg Net Energy=231.912, Avg CO2=55847.072, Water Usage=25270158.575
Tasks in Queue=33536.000, Tasks Dropped=0.000
Env sustaindc Task ca-discrete Algo happo Exp happo_rtask_25M updates 2625/3051 episodes, total num timesteps 21504000/25000000, FPS 325.
Average step reward is 0.8984180688858032.
Some episodes done, average episode reward is -1192.0685835292556.

Episode 2625: Avg Net Energy=241.129, Avg CO2=52276.110, Water Usage=36273717.454
Tasks in Queue=190245.000, Tasks Dropped=0.000
Evaluation average episode reward is -1301.3299624172803.

Episode 2625: Avg Net Energy=232.347, Avg CO2=56962.741, Water Usage=25305580.423
Tasks in Queue=10382.000, Tasks Dropped=0.000
Env sustaindc Task ca-discrete Algo happo Exp happo_rtask_25M updates 2630/3051 episodes, total num timesteps 21544960/25000000, FPS 325.
Average step reward is 0.8878833651542664.
Some episodes done, average episode reward is -1255.2723800812332.

Episode 2630: Avg Net Energy=239.374, Avg CO2=60426.892, Water Usage=36131135.611
Tasks in Queue=155940.000, Tasks Dropped=0.000
Evaluation average episode reward is -1299.1166556870023.

Episode 2630: Avg Net Energy=232.213, Avg CO2=59848.730, Water Usage=25215138.807
Tasks in Queue=16495.000, Tasks Dropped=0.000
Env sustaindc Task ca-discrete Algo happo Exp happo_rtask_25M updates 2635/3051 episodes, total num timesteps 21585920/25000000, FPS 325.
Average step reward is 0.9158987998962402.
Some episodes done, average episode reward is -1213.149390717514.

Episode 2635: Avg Net Energy=236.814, Avg CO2=63872.767, Water Usage=36005889.921
Tasks in Queue=175591.000, Tasks Dropped=0.000
Evaluation average episode reward is -1287.3864334855216.

Episode 2635: Avg Net Energy=232.084, Avg CO2=59525.029, Water Usage=25216169.355
Tasks in Queue=27548.000, Tasks Dropped=0.000
Env sustaindc Task ca-discrete Algo happo Exp happo_rtask_25M updates 2640/3051 episodes, total num timesteps 21626880/25000000, FPS 325.
Average step reward is 0.884337306022644.
Some episodes done, average episode reward is -1254.0121473285376.

Episode 2640: Avg Net Energy=241.397, Avg CO2=61487.763, Water Usage=36254571.280
Tasks in Queue=148933.000, Tasks Dropped=0.000
Evaluation average episode reward is -1278.208224961394.

Episode 2640: Avg Net Energy=232.400, Avg CO2=57249.484, Water Usage=25209731.911
Tasks in Queue=54089.000, Tasks Dropped=0.000
Env sustaindc Task ca-discrete Algo happo Exp happo_rtask_25M updates 2645/3051 episodes, total num timesteps 21667840/25000000, FPS 325.
Average step reward is 0.8677423596382141.
Some episodes done, average episode reward is -1210.0452304560354.

Episode 2645: Avg Net Energy=243.007, Avg CO2=56585.995, Water Usage=36543835.513
Tasks in Queue=158277.000, Tasks Dropped=0.000
Evaluation average episode reward is -1383.3136978101438.

Episode 2645: Avg Net Energy=233.768, Avg CO2=56532.062, Water Usage=25258786.209
Tasks in Queue=6868.000, Tasks Dropped=0.000
Env sustaindc Task ca-discrete Algo happo Exp happo_rtask_25M updates 2650/3051 episodes, total num timesteps 21708800/25000000, FPS 326.
Average step reward is 0.8801649212837219.
Some episodes done, average episode reward is -1216.179188596098.

Episode 2650: Avg Net Energy=240.328, Avg CO2=57197.386, Water Usage=36236707.884
Tasks in Queue=137890.000, Tasks Dropped=0.000
Evaluation average episode reward is -1269.845423255025.

Episode 2650: Avg Net Energy=233.269, Avg CO2=59741.120, Water Usage=25246034.596
Tasks in Queue=3634.000, Tasks Dropped=0.000
Env sustaindc Task ca-discrete Algo happo Exp happo_rtask_25M updates 2655/3051 episodes, total num timesteps 21749760/25000000, FPS 326.
Average step reward is 0.8761419057846069.
Some episodes done, average episode reward is -1246.6381269229855.

Episode 2655: Avg Net Energy=239.150, Avg CO2=65861.564, Water Usage=36201879.705
Tasks in Queue=160257.000, Tasks Dropped=0.000
Evaluation average episode reward is -1141.1842085510618.

Episode 2655: Avg Net Energy=231.559, Avg CO2=56395.227, Water Usage=25262097.789
Tasks in Queue=12683.000, Tasks Dropped=0.000
Env sustaindc Task ca-discrete Algo happo Exp happo_rtask_25M updates 2660/3051 episodes, total num timesteps 21790720/25000000, FPS 326.
Average step reward is 0.9328485131263733.
Some episodes done, average episode reward is -1255.1608124948577.

Episode 2660: Avg Net Energy=236.674, Avg CO2=63064.181, Water Usage=35975130.718
Tasks in Queue=129154.000, Tasks Dropped=0.000
Evaluation average episode reward is -1198.743421757793.

Episode 2660: Avg Net Energy=232.006, Avg CO2=56852.147, Water Usage=25199342.997
Tasks in Queue=2796.000, Tasks Dropped=0.000
Env sustaindc Task ca-discrete Algo happo Exp happo_rtask_25M updates 2665/3051 episodes, total num timesteps 21831680/25000000, FPS 326.
Average step reward is 0.8414245247840881.
Some episodes done, average episode reward is -1211.050305184491.

Episode 2665: Avg Net Energy=246.718, Avg CO2=57996.726, Water Usage=36710153.792
Tasks in Queue=110039.000, Tasks Dropped=0.000
Evaluation average episode reward is -1306.909528862583.

Episode 2665: Avg Net Energy=233.222, Avg CO2=58790.332, Water Usage=25219841.793
Tasks in Queue=1009.000, Tasks Dropped=0.000
Env sustaindc Task ca-discrete Algo happo Exp happo_rtask_25M updates 2670/3051 episodes, total num timesteps 21872640/25000000, FPS 326.
Average step reward is 0.9167776107788086.
Some episodes done, average episode reward is -1282.562102938671.

Episode 2670: Avg Net Energy=241.480, Avg CO2=53784.030, Water Usage=36322401.444
Tasks in Queue=147903.000, Tasks Dropped=0.000
Evaluation average episode reward is -1197.144727490953.

Episode 2670: Avg Net Energy=231.907, Avg CO2=56964.734, Water Usage=25192751.479
Tasks in Queue=2855.000, Tasks Dropped=0.000
Env sustaindc Task ca-discrete Algo happo Exp happo_rtask_25M updates 2675/3051 episodes, total num timesteps 21913600/25000000, FPS 326.
Average step reward is 0.8743621706962585.
Some episodes done, average episode reward is -1194.8682155731285.

Episode 2675: Avg Net Energy=242.336, Avg CO2=61830.052, Water Usage=36376593.970
Tasks in Queue=142796.000, Tasks Dropped=0.000
Evaluation average episode reward is -1318.8493245713887.

Episode 2675: Avg Net Energy=232.748, Avg CO2=58703.573, Water Usage=25217545.267
Tasks in Queue=2044.000, Tasks Dropped=0.000
Env sustaindc Task ca-discrete Algo happo Exp happo_rtask_25M updates 2680/3051 episodes, total num timesteps 21954560/25000000, FPS 326.
Average step reward is 0.9112421274185181.
Some episodes done, average episode reward is -1291.4029337745233.

Episode 2680: Avg Net Energy=238.584, Avg CO2=64400.636, Water Usage=36063308.131
Tasks in Queue=187447.000, Tasks Dropped=0.000
Evaluation average episode reward is -1315.154729915795.

Episode 2680: Avg Net Energy=233.110, Avg CO2=57546.025, Water Usage=25337710.057
Tasks in Queue=5165.000, Tasks Dropped=0.000
Env sustaindc Task ca-discrete Algo happo Exp happo_rtask_25M updates 2685/3051 episodes, total num timesteps 21995520/25000000, FPS 326.
Average step reward is 0.9471414089202881.
Some episodes done, average episode reward is -1224.6478856455174.

Episode 2685: Avg Net Energy=237.457, Avg CO2=61439.373, Water Usage=35976233.209
Tasks in Queue=158211.000, Tasks Dropped=0.000
Evaluation average episode reward is -1305.3783933413085.

Episode 2685: Avg Net Energy=232.460, Avg CO2=56697.396, Water Usage=25306003.376
Tasks in Queue=15793.000, Tasks Dropped=0.000
Env sustaindc Task ca-discrete Algo happo Exp happo_rtask_25M updates 2690/3051 episodes, total num timesteps 22036480/25000000, FPS 326.
Average step reward is 0.8805148005485535.
Some episodes done, average episode reward is -1247.1540230678363.

Episode 2690: Avg Net Energy=242.467, Avg CO2=59244.051, Water Usage=36404201.108
Tasks in Queue=193756.000, Tasks Dropped=0.000
Evaluation average episode reward is -1292.4978896964642.

Episode 2690: Avg Net Energy=232.363, Avg CO2=59882.691, Water Usage=25321551.375
Tasks in Queue=1748.000, Tasks Dropped=0.000
Env sustaindc Task ca-discrete Algo happo Exp happo_rtask_25M updates 2695/3051 episodes, total num timesteps 22077440/25000000, FPS 326.
Average step reward is 0.9269160628318787.
Some episodes done, average episode reward is -1183.3735119997245.

Episode 2695: Avg Net Energy=238.616, Avg CO2=57140.167, Water Usage=36049376.618
Tasks in Queue=160837.000, Tasks Dropped=0.000
Evaluation average episode reward is -1175.58718233029.

Episode 2695: Avg Net Energy=231.168, Avg CO2=55726.100, Water Usage=25160623.069
Tasks in Queue=9931.000, Tasks Dropped=0.000
Env sustaindc Task ca-discrete Algo happo Exp happo_rtask_25M updates 2700/3051 episodes, total num timesteps 22118400/25000000, FPS 326.
Average step reward is 0.9240594506263733.
Some episodes done, average episode reward is -1222.9891852312064.

Episode 2700: Avg Net Energy=236.922, Avg CO2=64459.812, Water Usage=36036449.183
Tasks in Queue=175367.000, Tasks Dropped=0.000
Evaluation average episode reward is -1314.0966207029844.

Episode 2700: Avg Net Energy=232.869, Avg CO2=56530.867, Water Usage=25268780.351
Tasks in Queue=8316.000, Tasks Dropped=0.000
Env sustaindc Task ca-discrete Algo happo Exp happo_rtask_25M updates 2705/3051 episodes, total num timesteps 22159360/25000000, FPS 326.
Average step reward is 0.910203218460083.
Some episodes done, average episode reward is -1236.3979936308206.

Episode 2705: Avg Net Energy=237.815, Avg CO2=63416.568, Water Usage=36186615.241
Tasks in Queue=137555.000, Tasks Dropped=0.000
Evaluation average episode reward is -1302.8636171968317.

Episode 2705: Avg Net Energy=232.834, Avg CO2=58333.710, Water Usage=25331753.120
Tasks in Queue=5001.000, Tasks Dropped=0.000
Env sustaindc Task ca-discrete Algo happo Exp happo_rtask_25M updates 2710/3051 episodes, total num timesteps 22200320/25000000, FPS 326.
Average step reward is 0.9148979187011719.
Some episodes done, average episode reward is -1198.6074352027945.

Episode 2710: Avg Net Energy=238.314, Avg CO2=59847.457, Water Usage=36025557.992
Tasks in Queue=154835.000, Tasks Dropped=0.000
Evaluation average episode reward is -1334.0734009757434.

Episode 2710: Avg Net Energy=232.847, Avg CO2=62079.435, Water Usage=25170279.673
Tasks in Queue=7118.000, Tasks Dropped=0.000
Env sustaindc Task ca-discrete Algo happo Exp happo_rtask_25M updates 2715/3051 episodes, total num timesteps 22241280/25000000, FPS 326.
Average step reward is 0.9026833772659302.
Some episodes done, average episode reward is -1245.233091220697.

Episode 2715: Avg Net Energy=241.903, Avg CO2=53215.485, Water Usage=36327273.690
Tasks in Queue=141031.000, Tasks Dropped=0.000
Evaluation average episode reward is -1333.3102427117126.

Episode 2715: Avg Net Energy=234.213, Avg CO2=60443.052, Water Usage=25389873.075
Tasks in Queue=30649.000, Tasks Dropped=0.000
Env sustaindc Task ca-discrete Algo happo Exp happo_rtask_25M updates 2720/3051 episodes, total num timesteps 22282240/25000000, FPS 326.
Average step reward is 0.8695001602172852.
Some episodes done, average episode reward is -1256.9373680693454.

Episode 2720: Avg Net Energy=242.184, Avg CO2=62456.721, Water Usage=36407454.495
Tasks in Queue=247837.000, Tasks Dropped=0.000
Evaluation average episode reward is -1145.7604065384937.

Episode 2720: Avg Net Energy=231.269, Avg CO2=56203.451, Water Usage=25233224.900
Tasks in Queue=65059.000, Tasks Dropped=0.000
Env sustaindc Task ca-discrete Algo happo Exp happo_rtask_25M updates 2725/3051 episodes, total num timesteps 22323200/25000000, FPS 326.
Average step reward is 0.881532609462738.
Some episodes done, average episode reward is -1265.931101633519.

Episode 2725: Avg Net Energy=239.927, Avg CO2=64721.641, Water Usage=36239390.393
Tasks in Queue=167030.000, Tasks Dropped=0.000
Evaluation average episode reward is -1364.2538982397173.

Episode 2725: Avg Net Energy=233.878, Avg CO2=58876.962, Water Usage=25459727.879
Tasks in Queue=24470.000, Tasks Dropped=0.000
Env sustaindc Task ca-discrete Algo happo Exp happo_rtask_25M updates 2730/3051 episodes, total num timesteps 22364160/25000000, FPS 326.
Average step reward is 0.8955115079879761.
Some episodes done, average episode reward is -1247.7268698144335.

Episode 2730: Avg Net Energy=240.511, Avg CO2=61718.556, Water Usage=36229823.394
Tasks in Queue=173495.000, Tasks Dropped=0.000
Evaluation average episode reward is -1265.2600454517972.

Episode 2730: Avg Net Energy=232.535, Avg CO2=59975.654, Water Usage=25197098.061
Tasks in Queue=24077.000, Tasks Dropped=0.000
Env sustaindc Task ca-discrete Algo happo Exp happo_rtask_25M updates 2735/3051 episodes, total num timesteps 22405120/25000000, FPS 326.
Average step reward is 0.8878347873687744.
Some episodes done, average episode reward is -1211.9760417821963.

Episode 2735: Avg Net Energy=241.936, Avg CO2=53960.597, Water Usage=36389543.085
Tasks in Queue=222472.000, Tasks Dropped=0.000
Evaluation average episode reward is -1282.8228469189573.

Episode 2735: Avg Net Energy=232.647, Avg CO2=59954.417, Water Usage=25315454.104
Tasks in Queue=59961.000, Tasks Dropped=0.000
Env sustaindc Task ca-discrete Algo happo Exp happo_rtask_25M updates 2740/3051 episodes, total num timesteps 22446080/25000000, FPS 326.
Average step reward is 0.9100817441940308.
Some episodes done, average episode reward is -1239.3972560366713.

Episode 2740: Avg Net Energy=238.790, Avg CO2=57966.832, Water Usage=36069556.570
Tasks in Queue=264812.000, Tasks Dropped=0.000
Evaluation average episode reward is -1222.1347912951849.

Episode 2740: Avg Net Energy=232.026, Avg CO2=56596.048, Water Usage=25230382.156
Tasks in Queue=184300.000, Tasks Dropped=0.000
Env sustaindc Task ca-discrete Algo happo Exp happo_rtask_25M updates 2745/3051 episodes, total num timesteps 22487040/25000000, FPS 326.
Average step reward is 0.8828064799308777.
Some episodes done, average episode reward is -1251.011393594098.

Episode 2745: Avg Net Energy=238.952, Avg CO2=64236.720, Water Usage=36210851.940
Tasks in Queue=201424.000, Tasks Dropped=0.000
Evaluation average episode reward is -1297.3857651525948.

Episode 2745: Avg Net Energy=232.724, Avg CO2=56241.720, Water Usage=25289095.856
Tasks in Queue=88837.000, Tasks Dropped=0.000
Env sustaindc Task ca-discrete Algo happo Exp happo_rtask_25M updates 2750/3051 episodes, total num timesteps 22528000/25000000, FPS 326.
Average step reward is 0.8895689845085144.
Some episodes done, average episode reward is -1230.546784450574.

Episode 2750: Avg Net Energy=239.833, Avg CO2=64144.771, Water Usage=36225526.399
Tasks in Queue=191054.000, Tasks Dropped=0.000
Evaluation average episode reward is -1286.162546833498.

Episode 2750: Avg Net Energy=232.330, Avg CO2=59901.886, Water Usage=25184871.309
Tasks in Queue=26279.000, Tasks Dropped=0.000
Env sustaindc Task ca-discrete Algo happo Exp happo_rtask_25M updates 2755/3051 episodes, total num timesteps 22568960/25000000, FPS 326.
Average step reward is 0.8740878701210022.
Some episodes done, average episode reward is -1272.000486038773.

Episode 2755: Avg Net Energy=243.134, Avg CO2=62129.818, Water Usage=36412243.135
Tasks in Queue=206663.000, Tasks Dropped=0.000
Evaluation average episode reward is -1315.1162344048666.

Episode 2755: Avg Net Energy=233.004, Avg CO2=56621.712, Water Usage=25216421.113
Tasks in Queue=12913.000, Tasks Dropped=0.000
Env sustaindc Task ca-discrete Algo happo Exp happo_rtask_25M updates 2760/3051 episodes, total num timesteps 22609920/25000000, FPS 326.
Average step reward is 0.893282413482666.
Some episodes done, average episode reward is -1254.548563090735.

Episode 2760: Avg Net Energy=244.319, Avg CO2=52622.654, Water Usage=36399587.842
Tasks in Queue=137337.000, Tasks Dropped=0.000
Evaluation average episode reward is -1242.594859334064.

Episode 2760: Avg Net Energy=231.993, Avg CO2=59758.832, Water Usage=25257626.414
Tasks in Queue=4927.000, Tasks Dropped=0.000
Env sustaindc Task ca-discrete Algo happo Exp happo_rtask_25M updates 2765/3051 episodes, total num timesteps 22650880/25000000, FPS 326.
Average step reward is 0.9478880167007446.
Some episodes done, average episode reward is -1174.8214959296242.

Episode 2765: Avg Net Energy=237.212, Avg CO2=62295.256, Water Usage=35992615.971
Tasks in Queue=175363.000, Tasks Dropped=0.000
Evaluation average episode reward is -1250.0833718894692.

Episode 2765: Avg Net Energy=232.496, Avg CO2=59270.093, Water Usage=25227591.869
Tasks in Queue=28707.000, Tasks Dropped=0.000
Env sustaindc Task ca-discrete Algo happo Exp happo_rtask_25M updates 2770/3051 episodes, total num timesteps 22691840/25000000, FPS 326.
Average step reward is 0.8931138515472412.
Some episodes done, average episode reward is -1209.5000154334093.

Episode 2770: Avg Net Energy=239.602, Avg CO2=65498.763, Water Usage=36217639.725
Tasks in Queue=190315.000, Tasks Dropped=0.000
Evaluation average episode reward is -1355.4924822985502.

Episode 2770: Avg Net Energy=233.233, Avg CO2=59346.906, Water Usage=25280238.023
Tasks in Queue=49035.000, Tasks Dropped=0.000
Env sustaindc Task ca-discrete Algo happo Exp happo_rtask_25M updates 2775/3051 episodes, total num timesteps 22732800/25000000, FPS 326.
Average step reward is 0.8887934684753418.
Some episodes done, average episode reward is -1265.7895963266612.

Episode 2775: Avg Net Energy=239.461, Avg CO2=64277.530, Water Usage=36204126.720
Tasks in Queue=168904.000, Tasks Dropped=0.000
Evaluation average episode reward is -1390.8039482587262.

Episode 2775: Avg Net Energy=233.890, Avg CO2=59140.450, Water Usage=25348072.501
Tasks in Queue=47132.000, Tasks Dropped=0.000
Env sustaindc Task ca-discrete Algo happo Exp happo_rtask_25M updates 2780/3051 episodes, total num timesteps 22773760/25000000, FPS 326.
Average step reward is 0.9457846879959106.
Some episodes done, average episode reward is -1213.033452130474.

Episode 2780: Avg Net Energy=235.775, Avg CO2=60583.668, Water Usage=35928461.640
Tasks in Queue=200284.000, Tasks Dropped=0.000
Evaluation average episode reward is -1280.10543919809.

Episode 2780: Avg Net Energy=232.904, Avg CO2=58104.883, Water Usage=25428397.688
Tasks in Queue=86971.000, Tasks Dropped=0.000
Env sustaindc Task ca-discrete Algo happo Exp happo_rtask_25M updates 2785/3051 episodes, total num timesteps 22814720/25000000, FPS 326.
Average step reward is 0.8732020258903503.
Some episodes done, average episode reward is -1264.1235863255588.

Episode 2785: Avg Net Energy=239.825, Avg CO2=56586.082, Water Usage=36254428.299
Tasks in Queue=198945.000, Tasks Dropped=0.000
Evaluation average episode reward is -1282.8440196525185.

Episode 2785: Avg Net Energy=233.708, Avg CO2=58284.405, Water Usage=25388988.328
Tasks in Queue=15218.000, Tasks Dropped=0.000
Env sustaindc Task ca-discrete Algo happo Exp happo_rtask_25M updates 2790/3051 episodes, total num timesteps 22855680/25000000, FPS 326.
Average step reward is 0.8552165031433105.
Some episodes done, average episode reward is -1259.6647565172534.

Episode 2790: Avg Net Energy=239.772, Avg CO2=64155.363, Water Usage=36255557.717
Tasks in Queue=210854.000, Tasks Dropped=0.000
Evaluation average episode reward is -1325.5886307608826.

Episode 2790: Avg Net Energy=233.545, Avg CO2=59153.204, Water Usage=25433070.454
Tasks in Queue=258701.000, Tasks Dropped=0.000
Env sustaindc Task ca-discrete Algo happo Exp happo_rtask_25M updates 2795/3051 episodes, total num timesteps 22896640/25000000, FPS 326.
Average step reward is 0.9293617010116577.
Some episodes done, average episode reward is -1243.4061139619453.

Episode 2795: Avg Net Energy=237.034, Avg CO2=63627.747, Water Usage=36117889.882
Tasks in Queue=185223.000, Tasks Dropped=0.000
Evaluation average episode reward is -1202.6538805106786.

Episode 2795: Avg Net Energy=232.038, Avg CO2=59380.658, Water Usage=25083163.349
Tasks in Queue=53166.000, Tasks Dropped=0.000
Env sustaindc Task ca-discrete Algo happo Exp happo_rtask_25M updates 2800/3051 episodes, total num timesteps 22937600/25000000, FPS 326.
Average step reward is 0.9260808229446411.
Some episodes done, average episode reward is -1223.7200031024465.

Episode 2800: Avg Net Energy=238.814, Avg CO2=57355.322, Water Usage=36120536.618
Tasks in Queue=158292.000, Tasks Dropped=0.000
Evaluation average episode reward is -1317.3395533288863.

Episode 2800: Avg Net Energy=233.024, Avg CO2=59433.771, Water Usage=25317975.785
Tasks in Queue=17901.000, Tasks Dropped=0.000
Env sustaindc Task ca-discrete Algo happo Exp happo_rtask_25M updates 2805/3051 episodes, total num timesteps 22978560/25000000, FPS 326.
Average step reward is 0.8981448411941528.
Some episodes done, average episode reward is -1215.2015224556696.

Episode 2805: Avg Net Energy=240.795, Avg CO2=55867.059, Water Usage=36215171.769
Tasks in Queue=165854.000, Tasks Dropped=0.000
Evaluation average episode reward is -1216.983155951127.

Episode 2805: Avg Net Energy=232.194, Avg CO2=60877.972, Water Usage=25329807.277
Tasks in Queue=41576.000, Tasks Dropped=0.000
Env sustaindc Task ca-discrete Algo happo Exp happo_rtask_25M updates 2810/3051 episodes, total num timesteps 23019520/25000000, FPS 326.
Average step reward is 0.8912927508354187.
Some episodes done, average episode reward is -1221.6839154118697.

Episode 2810: Avg Net Energy=239.064, Avg CO2=61224.432, Water Usage=36123438.455
Tasks in Queue=239051.000, Tasks Dropped=0.000
Evaluation average episode reward is -1312.6463522766192.

Episode 2810: Avg Net Energy=233.148, Avg CO2=57527.154, Water Usage=25247564.443
Tasks in Queue=150690.000, Tasks Dropped=0.000
Env sustaindc Task ca-discrete Algo happo Exp happo_rtask_25M updates 2815/3051 episodes, total num timesteps 23060480/25000000, FPS 326.
Average step reward is 0.901498556137085.
Some episodes done, average episode reward is -1232.0951441273317.

Episode 2815: Avg Net Energy=237.495, Avg CO2=63923.427, Water Usage=36110678.444
Tasks in Queue=156289.000, Tasks Dropped=0.000
Evaluation average episode reward is -1238.71697725408.

Episode 2815: Avg Net Energy=232.501, Avg CO2=59137.723, Water Usage=25198276.791
Tasks in Queue=35796.000, Tasks Dropped=0.000
Env sustaindc Task ca-discrete Algo happo Exp happo_rtask_25M updates 2820/3051 episodes, total num timesteps 23101440/25000000, FPS 326.
Average step reward is 0.845362663269043.
Some episodes done, average episode reward is -1252.0200299452745.

Episode 2820: Avg Net Energy=242.343, Avg CO2=61990.519, Water Usage=36407948.414
Tasks in Queue=217546.000, Tasks Dropped=0.000
Evaluation average episode reward is -1246.151816012785.

Episode 2820: Avg Net Energy=231.682, Avg CO2=59742.792, Water Usage=25291491.785
Tasks in Queue=211741.000, Tasks Dropped=0.000
Env sustaindc Task ca-discrete Algo happo Exp happo_rtask_25M updates 2825/3051 episodes, total num timesteps 23142400/25000000, FPS 326.
Average step reward is 0.9180436134338379.
Some episodes done, average episode reward is -1269.9328399000635.

Episode 2825: Avg Net Energy=238.988, Avg CO2=54719.393, Water Usage=36144148.800
Tasks in Queue=222126.000, Tasks Dropped=0.000
Evaluation average episode reward is -1218.5333441656765.

Episode 2825: Avg Net Energy=230.977, Avg CO2=59920.099, Water Usage=25191169.434
Tasks in Queue=121423.000, Tasks Dropped=0.000
Env sustaindc Task ca-discrete Algo happo Exp happo_rtask_25M updates 2830/3051 episodes, total num timesteps 23183360/25000000, FPS 326.
Average step reward is 0.861506462097168.
Some episodes done, average episode reward is -1232.6856701855577.

Episode 2830: Avg Net Energy=240.954, Avg CO2=58653.058, Water Usage=36375249.948
Tasks in Queue=159775.000, Tasks Dropped=0.000
Evaluation average episode reward is -1342.6073508349107.

Episode 2830: Avg Net Energy=232.859, Avg CO2=61444.044, Water Usage=25205152.711
Tasks in Queue=15918.000, Tasks Dropped=0.000
Env sustaindc Task ca-discrete Algo happo Exp happo_rtask_25M updates 2835/3051 episodes, total num timesteps 23224320/25000000, FPS 326.
Average step reward is 0.8858258724212646.
Some episodes done, average episode reward is -1252.5429477035996.

Episode 2835: Avg Net Energy=238.383, Avg CO2=64152.976, Water Usage=36073742.549
Tasks in Queue=165764.000, Tasks Dropped=0.000
Evaluation average episode reward is -1341.134151059264.

Episode 2835: Avg Net Energy=232.332, Avg CO2=62386.792, Water Usage=25308803.422
Tasks in Queue=12304.000, Tasks Dropped=0.000
Env sustaindc Task ca-discrete Algo happo Exp happo_rtask_25M updates 2840/3051 episodes, total num timesteps 23265280/25000000, FPS 326.
Average step reward is 0.8702113628387451.
Some episodes done, average episode reward is -1226.060139219851.

Episode 2840: Avg Net Energy=240.309, Avg CO2=64726.632, Water Usage=36306132.389
Tasks in Queue=185915.000, Tasks Dropped=0.000
Evaluation average episode reward is -1307.0215762224282.

Episode 2840: Avg Net Energy=232.248, Avg CO2=58701.894, Water Usage=25283771.409
Tasks in Queue=12374.000, Tasks Dropped=0.000
Env sustaindc Task ca-discrete Algo happo Exp happo_rtask_25M updates 2845/3051 episodes, total num timesteps 23306240/25000000, FPS 326.
Average step reward is 0.9167044162750244.
Some episodes done, average episode reward is -1274.7408030278189.

Episode 2845: Avg Net Energy=238.796, Avg CO2=58396.125, Water Usage=36205808.222
Tasks in Queue=146830.000, Tasks Dropped=0.000
Evaluation average episode reward is -1185.4080839854844.

Episode 2845: Avg Net Energy=231.238, Avg CO2=59991.979, Water Usage=25110723.469
Tasks in Queue=6284.000, Tasks Dropped=0.000
Env sustaindc Task ca-discrete Algo happo Exp happo_rtask_25M updates 2850/3051 episodes, total num timesteps 23347200/25000000, FPS 326.
Average step reward is 0.8963800072669983.
Some episodes done, average episode reward is -1235.208911768459.

Episode 2850: Avg Net Energy=242.889, Avg CO2=51504.218, Water Usage=36377903.061
Tasks in Queue=160889.000, Tasks Dropped=0.000
Evaluation average episode reward is -1324.2286947166253.

Episode 2850: Avg Net Energy=233.369, Avg CO2=59408.876, Water Usage=25346305.182
Tasks in Queue=11003.000, Tasks Dropped=0.000
Env sustaindc Task ca-discrete Algo happo Exp happo_rtask_25M updates 2855/3051 episodes, total num timesteps 23388160/25000000, FPS 326.
Average step reward is 0.9137318730354309.
Some episodes done, average episode reward is -1255.1505322898674.

Episode 2855: Avg Net Energy=237.949, Avg CO2=61322.248, Water Usage=36007147.328
Tasks in Queue=187808.000, Tasks Dropped=0.000
Evaluation average episode reward is -1292.0709947620658.

Episode 2855: Avg Net Energy=232.051, Avg CO2=59912.425, Water Usage=25290585.867
Tasks in Queue=38725.000, Tasks Dropped=0.000
Env sustaindc Task ca-discrete Algo happo Exp happo_rtask_25M updates 2860/3051 episodes, total num timesteps 23429120/25000000, FPS 326.
Average step reward is 0.828167200088501.
Some episodes done, average episode reward is -1199.0422296307734.

Episode 2860: Avg Net Energy=242.576, Avg CO2=65798.470, Water Usage=36569830.855
Tasks in Queue=234986.000, Tasks Dropped=0.000
Evaluation average episode reward is -1344.6522912558225.

Episode 2860: Avg Net Energy=233.292, Avg CO2=56370.834, Water Usage=25280301.113
Tasks in Queue=30635.000, Tasks Dropped=0.000
Env sustaindc Task ca-discrete Algo happo Exp happo_rtask_25M updates 2865/3051 episodes, total num timesteps 23470080/25000000, FPS 326.
Average step reward is 0.898451566696167.
Some episodes done, average episode reward is -1241.7000004447182.

Episode 2865: Avg Net Energy=239.125, Avg CO2=63427.130, Water Usage=36197449.949
Tasks in Queue=216533.000, Tasks Dropped=0.000
Evaluation average episode reward is -1350.1559436886153.

Episode 2865: Avg Net Energy=234.017, Avg CO2=58343.235, Water Usage=25316703.532
Tasks in Queue=15803.000, Tasks Dropped=0.000
Env sustaindc Task ca-discrete Algo happo Exp happo_rtask_25M updates 2870/3051 episodes, total num timesteps 23511040/25000000, FPS 326.
Average step reward is 0.8699554800987244.
Some episodes done, average episode reward is -1253.0797664337513.

Episode 2870: Avg Net Energy=243.761, Avg CO2=58996.826, Water Usage=36484091.132
Tasks in Queue=202026.000, Tasks Dropped=0.000
Evaluation average episode reward is -1287.5368333539197.

Episode 2870: Avg Net Energy=232.579, Avg CO2=59415.772, Water Usage=25237295.402
Tasks in Queue=27943.000, Tasks Dropped=0.000
Env sustaindc Task ca-discrete Algo happo Exp happo_rtask_25M updates 2875/3051 episodes, total num timesteps 23552000/25000000, FPS 326.
Average step reward is 0.9395483136177063.
Some episodes done, average episode reward is -1207.969898464392.

Episode 2875: Avg Net Energy=238.048, Avg CO2=57184.137, Water Usage=36051203.989
Tasks in Queue=161003.000, Tasks Dropped=0.000
Evaluation average episode reward is -1313.3891241027272.

Episode 2875: Avg Net Energy=233.886, Avg CO2=58450.687, Water Usage=25294793.736
Tasks in Queue=16106.000, Tasks Dropped=0.000
Env sustaindc Task ca-discrete Algo happo Exp happo_rtask_25M updates 2880/3051 episodes, total num timesteps 23592960/25000000, FPS 326.
Average step reward is 0.8734862804412842.
Some episodes done, average episode reward is -1242.2872001220685.

Episode 2880: Avg Net Energy=240.858, Avg CO2=68177.587, Water Usage=36297953.303
Tasks in Queue=153555.000, Tasks Dropped=0.000
Evaluation average episode reward is -1307.2146915742092.

Episode 2880: Avg Net Energy=232.746, Avg CO2=59739.288, Water Usage=25320782.065
Tasks in Queue=21512.000, Tasks Dropped=0.000
Env sustaindc Task ca-discrete Algo happo Exp happo_rtask_25M updates 2885/3051 episodes, total num timesteps 23633920/25000000, FPS 326.
Average step reward is 0.8656535148620605.
Some episodes done, average episode reward is -1234.3372985261283.

Episode 2885: Avg Net Energy=240.760, Avg CO2=64160.797, Water Usage=36309934.990
Tasks in Queue=184517.000, Tasks Dropped=0.000
Evaluation average episode reward is -1338.4856952533924.

Episode 2885: Avg Net Energy=233.473, Avg CO2=56641.331, Water Usage=25326253.221
Tasks in Queue=31587.000, Tasks Dropped=0.000
Env sustaindc Task ca-discrete Algo happo Exp happo_rtask_25M updates 2890/3051 episodes, total num timesteps 23674880/25000000, FPS 326.
Average step reward is 0.8916918635368347.
Some episodes done, average episode reward is -1266.9865437778044.

Episode 2890: Avg Net Energy=240.898, Avg CO2=57191.656, Water Usage=36290366.186
Tasks in Queue=252070.000, Tasks Dropped=0.000
Evaluation average episode reward is -1258.8476555616678.

Episode 2890: Avg Net Energy=232.639, Avg CO2=60274.556, Water Usage=25184553.217
Tasks in Queue=180913.000, Tasks Dropped=0.000
Env sustaindc Task ca-discrete Algo happo Exp happo_rtask_25M updates 2895/3051 episodes, total num timesteps 23715840/25000000, FPS 326.
Average step reward is 0.9089146256446838.
Some episodes done, average episode reward is -1245.0748731009003.

Episode 2895: Avg Net Energy=240.145, Avg CO2=51849.043, Water Usage=36140006.538
Tasks in Queue=279789.000, Tasks Dropped=0.000
Evaluation average episode reward is -1378.2290699832495.

Episode 2895: Avg Net Energy=233.543, Avg CO2=59589.220, Water Usage=25297752.099
Tasks in Queue=107777.000, Tasks Dropped=0.000
Env sustaindc Task ca-discrete Algo happo Exp happo_rtask_25M updates 2900/3051 episodes, total num timesteps 23756800/25000000, FPS 326.
Average step reward is 0.9187374711036682.
Some episodes done, average episode reward is -1238.293270690111.

Episode 2900: Avg Net Energy=238.065, Avg CO2=61680.684, Water Usage=36148610.664
Tasks in Queue=232257.000, Tasks Dropped=0.000
Evaluation average episode reward is -1198.4944925942639.

Episode 2900: Avg Net Energy=232.311, Avg CO2=57372.591, Water Usage=25312092.068
Tasks in Queue=52912.000, Tasks Dropped=0.000
Env sustaindc Task ca-discrete Algo happo Exp happo_rtask_25M updates 2905/3051 episodes, total num timesteps 23797760/25000000, FPS 326.
Average step reward is 0.8896685838699341.
Some episodes done, average episode reward is -1186.920234179929.

Episode 2905: Avg Net Energy=239.113, Avg CO2=63917.851, Water Usage=36088386.238
Tasks in Queue=176001.000, Tasks Dropped=0.000
Evaluation average episode reward is -1149.3034564987029.

Episode 2905: Avg Net Energy=231.306, Avg CO2=56497.576, Water Usage=25205270.947
Tasks in Queue=29685.000, Tasks Dropped=0.000
Env sustaindc Task ca-discrete Algo happo Exp happo_rtask_25M updates 2910/3051 episodes, total num timesteps 23838720/25000000, FPS 326.
Average step reward is 0.8965761065483093.
Some episodes done, average episode reward is -1241.462138422473.

Episode 2910: Avg Net Energy=240.006, Avg CO2=60671.266, Water Usage=36212743.227
Tasks in Queue=228741.000, Tasks Dropped=0.000
Evaluation average episode reward is -1286.5861876449972.

Episode 2910: Avg Net Energy=233.201, Avg CO2=58296.466, Water Usage=25290471.641
Tasks in Queue=62575.000, Tasks Dropped=0.000
Env sustaindc Task ca-discrete Algo happo Exp happo_rtask_25M updates 2915/3051 episodes, total num timesteps 23879680/25000000, FPS 326.
Average step reward is 0.8555387258529663.
Some episodes done, average episode reward is -1245.1488049871714.

Episode 2915: Avg Net Energy=243.594, Avg CO2=55338.467, Water Usage=36412488.213
Tasks in Queue=294481.000, Tasks Dropped=0.000
Evaluation average episode reward is -1260.224089889507.

Episode 2915: Avg Net Energy=232.144, Avg CO2=60574.460, Water Usage=25220564.420
Tasks in Queue=41338.000, Tasks Dropped=0.000
Env sustaindc Task ca-discrete Algo happo Exp happo_rtask_25M updates 2920/3051 episodes, total num timesteps 23920640/25000000, FPS 326.
Average step reward is 0.8908705115318298.
Some episodes done, average episode reward is -1231.0475040921847.

Episode 2920: Avg Net Energy=241.236, Avg CO2=57691.384, Water Usage=36270808.473
Tasks in Queue=178180.000, Tasks Dropped=0.000
Evaluation average episode reward is -1268.6880621064727.

Episode 2920: Avg Net Energy=233.235, Avg CO2=59216.886, Water Usage=25319907.390
Tasks in Queue=12161.000, Tasks Dropped=0.000
Env sustaindc Task ca-discrete Algo happo Exp happo_rtask_25M updates 2925/3051 episodes, total num timesteps 23961600/25000000, FPS 326.
Average step reward is 0.922406792640686.
Some episodes done, average episode reward is -1204.2988822333639.

Episode 2925: Avg Net Energy=237.446, Avg CO2=66029.535, Water Usage=36072430.724
Tasks in Queue=169831.000, Tasks Dropped=0.000
Evaluation average episode reward is -1247.799356361513.

Episode 2925: Avg Net Energy=232.570, Avg CO2=58294.931, Water Usage=25223354.313
Tasks in Queue=19520.000, Tasks Dropped=0.000
Env sustaindc Task ca-discrete Algo happo Exp happo_rtask_25M updates 2930/3051 episodes, total num timesteps 24002560/25000000, FPS 326.
Average step reward is 0.8946093916893005.
Some episodes done, average episode reward is -1245.75631184122.

Episode 2930: Avg Net Energy=238.566, Avg CO2=64156.019, Water Usage=36170066.636
Tasks in Queue=161671.000, Tasks Dropped=0.000
Evaluation average episode reward is -1384.6600923024334.

Episode 2930: Avg Net Energy=233.906, Avg CO2=56805.935, Water Usage=25298331.792
Tasks in Queue=20399.000, Tasks Dropped=0.000
Env sustaindc Task ca-discrete Algo happo Exp happo_rtask_25M updates 2935/3051 episodes, total num timesteps 24043520/25000000, FPS 326.
Average step reward is 0.8824069499969482.
Some episodes done, average episode reward is -1234.1528276802862.

Episode 2935: Avg Net Energy=240.854, Avg CO2=61995.165, Water Usage=36317322.662
Tasks in Queue=185357.000, Tasks Dropped=0.000
Evaluation average episode reward is -1214.0460851406067.

Episode 2935: Avg Net Energy=232.279, Avg CO2=61203.908, Water Usage=25220375.640
Tasks in Queue=40740.000, Tasks Dropped=0.000
Env sustaindc Task ca-discrete Algo happo Exp happo_rtask_25M updates 2940/3051 episodes, total num timesteps 24084480/25000000, FPS 326.
Average step reward is 0.886725127696991.
Some episodes done, average episode reward is -1233.5794899587097.

Episode 2940: Avg Net Energy=241.439, Avg CO2=54118.846, Water Usage=36183247.640
Tasks in Queue=207477.000, Tasks Dropped=0.000
Evaluation average episode reward is -1213.666489491028.

Episode 2940: Avg Net Energy=232.702, Avg CO2=58915.879, Water Usage=25243180.169
Tasks in Queue=59715.000, Tasks Dropped=0.000
Env sustaindc Task ca-discrete Algo happo Exp happo_rtask_25M updates 2945/3051 episodes, total num timesteps 24125440/25000000, FPS 326.
Average step reward is 0.9036242365837097.
Some episodes done, average episode reward is -1220.6852568795464.

Episode 2945: Avg Net Energy=239.258, Avg CO2=62050.861, Water Usage=36111525.149
Tasks in Queue=162541.000, Tasks Dropped=0.000
Evaluation average episode reward is -1258.3257853936352.

Episode 2945: Avg Net Energy=233.030, Avg CO2=56863.810, Water Usage=25216984.946
Tasks in Queue=14421.000, Tasks Dropped=0.000
Env sustaindc Task ca-discrete Algo happo Exp happo_rtask_25M updates 2950/3051 episodes, total num timesteps 24166400/25000000, FPS 326.
Average step reward is 0.8780766129493713.
Some episodes done, average episode reward is -1198.0344445136088.

Episode 2950: Avg Net Energy=239.413, Avg CO2=64467.603, Water Usage=36160213.257
Tasks in Queue=159607.000, Tasks Dropped=0.000
Evaluation average episode reward is -1257.6008518033707.

Episode 2950: Avg Net Energy=232.947, Avg CO2=57438.551, Water Usage=25169972.019
Tasks in Queue=8280.000, Tasks Dropped=0.000
Env sustaindc Task ca-discrete Algo happo Exp happo_rtask_25M updates 2955/3051 episodes, total num timesteps 24207360/25000000, FPS 326.
Average step reward is 0.8906097412109375.
Some episodes done, average episode reward is -1218.7794893619196.

Episode 2955: Avg Net Energy=240.521, Avg CO2=62011.832, Water Usage=36271608.617
Tasks in Queue=129880.000, Tasks Dropped=0.000
Evaluation average episode reward is -1341.1073823317063.

Episode 2955: Avg Net Energy=234.056, Avg CO2=56822.459, Water Usage=25331965.860
Tasks in Queue=8384.000, Tasks Dropped=0.000
Env sustaindc Task ca-discrete Algo happo Exp happo_rtask_25M updates 2960/3051 episodes, total num timesteps 24248320/25000000, FPS 326.
Average step reward is 0.886409342288971.
Some episodes done, average episode reward is -1242.5845576947186.

Episode 2960: Avg Net Energy=242.674, Avg CO2=57858.305, Water Usage=36418005.887
Tasks in Queue=121072.000, Tasks Dropped=0.000
Evaluation average episode reward is -1313.8658815116466.

Episode 2960: Avg Net Energy=233.509, Avg CO2=59692.192, Water Usage=25285054.903
Tasks in Queue=9460.000, Tasks Dropped=0.000
Env sustaindc Task ca-discrete Algo happo Exp happo_rtask_25M updates 2965/3051 episodes, total num timesteps 24289280/25000000, FPS 326.
Average step reward is 0.9013949632644653.
Some episodes done, average episode reward is -1224.7494284359514.

Episode 2965: Avg Net Energy=240.724, Avg CO2=57461.939, Water Usage=36224399.198
Tasks in Queue=186940.000, Tasks Dropped=0.000
Evaluation average episode reward is -1262.4355520742142.

Episode 2965: Avg Net Energy=233.332, Avg CO2=59046.808, Water Usage=25302034.123
Tasks in Queue=28891.000, Tasks Dropped=0.000
Env sustaindc Task ca-discrete Algo happo Exp happo_rtask_25M updates 2970/3051 episodes, total num timesteps 24330240/25000000, FPS 326.
Average step reward is 0.8679028749465942.
Some episodes done, average episode reward is -1254.7746212934703.

Episode 2970: Avg Net Energy=241.020, Avg CO2=66782.540, Water Usage=36297432.432
Tasks in Queue=202887.000, Tasks Dropped=0.000
Evaluation average episode reward is -1266.1028008847834.

Episode 2970: Avg Net Energy=235.301, Avg CO2=58398.251, Water Usage=25298714.768
Tasks in Queue=43166.000, Tasks Dropped=0.000
Env sustaindc Task ca-discrete Algo happo Exp happo_rtask_25M updates 2975/3051 episodes, total num timesteps 24371200/25000000, FPS 326.
Average step reward is 0.8979998826980591.
Some episodes done, average episode reward is -1267.4536909223477.

Episode 2975: Avg Net Energy=239.369, Avg CO2=63676.846, Water Usage=36204538.207
Tasks in Queue=200514.000, Tasks Dropped=0.000
Evaluation average episode reward is -1111.7615079207073.

Episode 2975: Avg Net Energy=231.277, Avg CO2=59177.998, Water Usage=25171692.110
Tasks in Queue=314685.000, Tasks Dropped=0.000
Env sustaindc Task ca-discrete Algo happo Exp happo_rtask_25M updates 2980/3051 episodes, total num timesteps 24412160/25000000, FPS 326.
Average step reward is 0.8827387690544128.
Some episodes done, average episode reward is -1184.673805887269.

Episode 2980: Avg Net Energy=240.740, Avg CO2=58943.953, Water Usage=36337881.797
Tasks in Queue=281245.000, Tasks Dropped=0.000
Evaluation average episode reward is -1320.2212206048578.

Episode 2980: Avg Net Energy=233.366, Avg CO2=56314.489, Water Usage=25275451.119
Tasks in Queue=227163.000, Tasks Dropped=0.000
Env sustaindc Task ca-discrete Algo happo Exp happo_rtask_25M updates 2985/3051 episodes, total num timesteps 24453120/25000000, FPS 326.
Average step reward is 0.8694117069244385.
Some episodes done, average episode reward is -1229.9203863813914.

Episode 2985: Avg Net Energy=242.684, Avg CO2=54823.585, Water Usage=36337661.936
Tasks in Queue=207710.000, Tasks Dropped=0.000
Evaluation average episode reward is -1267.2549139991936.

Episode 2985: Avg Net Energy=233.466, Avg CO2=59254.999, Water Usage=25244806.392
Tasks in Queue=34580.000, Tasks Dropped=0.000
Env sustaindc Task ca-discrete Algo happo Exp happo_rtask_25M updates 2990/3051 episodes, total num timesteps 24494080/25000000, FPS 326.
Average step reward is 0.8524457216262817.
Some episodes done, average episode reward is -1272.13348077727.

Episode 2990: Avg Net Energy=244.219, Avg CO2=60561.735, Water Usage=36501523.468
Tasks in Queue=218667.000, Tasks Dropped=0.000
Evaluation average episode reward is -1285.8449512331447.

Episode 2990: Avg Net Energy=232.419, Avg CO2=59905.498, Water Usage=25245355.829
Tasks in Queue=27052.000, Tasks Dropped=0.000
Env sustaindc Task ca-discrete Algo happo Exp happo_rtask_25M updates 2995/3051 episodes, total num timesteps 24535040/25000000, FPS 326.
Average step reward is 0.9329989552497864.
Some episodes done, average episode reward is -1225.5235960466619.

Episode 2995: Avg Net Energy=237.805, Avg CO2=64323.447, Water Usage=36030825.102
Tasks in Queue=180000.000, Tasks Dropped=0.000
Evaluation average episode reward is -1355.193922168085.

Episode 2995: Avg Net Energy=232.870, Avg CO2=56553.403, Water Usage=25311156.105
Tasks in Queue=93233.000, Tasks Dropped=0.000
Env sustaindc Task ca-discrete Algo happo Exp happo_rtask_25M updates 3000/3051 episodes, total num timesteps 24576000/25000000, FPS 326.
Average step reward is 0.8783062696456909.
Some episodes done, average episode reward is -1210.233381471455.

Episode 3000: Avg Net Energy=241.570, Avg CO2=60975.133, Water Usage=36494824.265
Tasks in Queue=243523.000, Tasks Dropped=0.000
Evaluation average episode reward is -1266.4675216783087.

Episode 3000: Avg Net Energy=232.306, Avg CO2=59272.079, Water Usage=25154022.771
Tasks in Queue=80392.000, Tasks Dropped=0.000
Env sustaindc Task ca-discrete Algo happo Exp happo_rtask_25M updates 3005/3051 episodes, total num timesteps 24616960/25000000, FPS 326.
Average step reward is 0.9162849187850952.
Some episodes done, average episode reward is -1164.0702118630636.

Episode 3005: Avg Net Energy=239.208, Avg CO2=56092.246, Water Usage=36135908.935
Tasks in Queue=165436.000, Tasks Dropped=0.000
Evaluation average episode reward is -1239.3701409186394.

Episode 3005: Avg Net Energy=231.402, Avg CO2=62848.055, Water Usage=25220050.370
Tasks in Queue=61622.000, Tasks Dropped=0.000
Env sustaindc Task ca-discrete Algo happo Exp happo_rtask_25M updates 3010/3051 episodes, total num timesteps 24657920/25000000, FPS 326.
Average step reward is 0.9037947654724121.
Some episodes done, average episode reward is -1221.5208190218268.

Episode 3010: Avg Net Energy=239.547, Avg CO2=56350.956, Water Usage=36142785.174
Tasks in Queue=185742.000, Tasks Dropped=0.000
Evaluation average episode reward is -1326.6741625137076.

Episode 3010: Avg Net Energy=234.082, Avg CO2=59828.219, Water Usage=25312807.536
Tasks in Queue=22447.000, Tasks Dropped=0.000
Env sustaindc Task ca-discrete Algo happo Exp happo_rtask_25M updates 3015/3051 episodes, total num timesteps 24698880/25000000, FPS 326.
Average step reward is 0.8247233629226685.
Some episodes done, average episode reward is -1265.7973482939888.

Episode 3015: Avg Net Energy=242.709, Avg CO2=66525.681, Water Usage=36539980.717
Tasks in Queue=217561.000, Tasks Dropped=0.000
Evaluation average episode reward is -1240.7703262065195.

Episode 3015: Avg Net Energy=233.541, Avg CO2=58100.989, Water Usage=25195566.304
Tasks in Queue=34533.000, Tasks Dropped=0.000
Env sustaindc Task ca-discrete Algo happo Exp happo_rtask_25M updates 3020/3051 episodes, total num timesteps 24739840/25000000, FPS 326.
Average step reward is 0.8934953212738037.
Some episodes done, average episode reward is -1263.8636252089545.

Episode 3020: Avg Net Energy=239.954, Avg CO2=64367.291, Water Usage=36195058.056
Tasks in Queue=172839.000, Tasks Dropped=0.000
Evaluation average episode reward is -1226.2162025882542.

Episode 3020: Avg Net Energy=232.312, Avg CO2=56401.397, Water Usage=25223612.632
Tasks in Queue=20062.000, Tasks Dropped=0.000
Env sustaindc Task ca-discrete Algo happo Exp happo_rtask_25M updates 3025/3051 episodes, total num timesteps 24780800/25000000, FPS 326.
Average step reward is 0.8650557994842529.
Some episodes done, average episode reward is -1222.170532269708.

Episode 3025: Avg Net Energy=243.609, Avg CO2=60054.855, Water Usage=36520174.166
Tasks in Queue=245298.000, Tasks Dropped=0.000
Evaluation average episode reward is -1231.2958420279954.

Episode 3025: Avg Net Energy=232.573, Avg CO2=58397.118, Water Usage=25219281.329
Tasks in Queue=53422.000, Tasks Dropped=0.000
Env sustaindc Task ca-discrete Algo happo Exp happo_rtask_25M updates 3030/3051 episodes, total num timesteps 24821760/25000000, FPS 327.
Average step reward is 0.8351583480834961.
Some episodes done, average episode reward is -1209.4038034803707.

Episode 3030: Avg Net Energy=247.399, Avg CO2=53713.450, Water Usage=36752576.506
Tasks in Queue=226870.000, Tasks Dropped=0.000
Evaluation average episode reward is -1195.7173428872416.

Episode 3030: Avg Net Energy=231.975, Avg CO2=56191.215, Water Usage=25191051.791
Tasks in Queue=35871.000, Tasks Dropped=0.000
Env sustaindc Task ca-discrete Algo happo Exp happo_rtask_25M updates 3035/3051 episodes, total num timesteps 24862720/25000000, FPS 327.
Average step reward is 0.8691943287849426.
Some episodes done, average episode reward is -1240.5757159575205.

Episode 3035: Avg Net Energy=240.875, Avg CO2=63877.735, Water Usage=36318957.330
Tasks in Queue=332726.000, Tasks Dropped=0.000
Evaluation average episode reward is -1367.8167107886418.

Episode 3035: Avg Net Energy=233.228, Avg CO2=56637.696, Water Usage=25255620.360
Tasks in Queue=88432.000, Tasks Dropped=0.000
Env sustaindc Task ca-discrete Algo happo Exp happo_rtask_25M updates 3040/3051 episodes, total num timesteps 24903680/25000000, FPS 327.
Average step reward is 0.8743537664413452.
Some episodes done, average episode reward is -1253.4000087075733.

Episode 3040: Avg Net Energy=240.118, Avg CO2=65457.403, Water Usage=36272020.455
Tasks in Queue=254917.000, Tasks Dropped=0.000
Evaluation average episode reward is -1335.3796438959841.

Episode 3040: Avg Net Energy=233.100, Avg CO2=61620.064, Water Usage=25411699.861
Tasks in Queue=32243.000, Tasks Dropped=0.000
Env sustaindc Task ca-discrete Algo happo Exp happo_rtask_25M updates 3045/3051 episodes, total num timesteps 24944640/25000000, FPS 327.
Average step reward is 0.909088671207428.
Some episodes done, average episode reward is -1241.9969868770904.

Episode 3045: Avg Net Energy=238.578, Avg CO2=61578.112, Water Usage=36058872.373
Tasks in Queue=183270.000, Tasks Dropped=0.000
Evaluation average episode reward is -1266.7857519419151.

Episode 3045: Avg Net Energy=232.460, Avg CO2=59212.624, Water Usage=25185950.450
Tasks in Queue=30715.000, Tasks Dropped=0.000
Env sustaindc Task ca-discrete Algo happo Exp happo_rtask_25M updates 3050/3051 episodes, total num timesteps 24985600/25000000, FPS 327.
Average step reward is 0.8471499085426331.
Some episodes done, average episode reward is -1220.647151783638.

Episode 3050: Avg Net Energy=244.463, Avg CO2=57237.675, Water Usage=36506555.238
Tasks in Queue=185808.000, Tasks Dropped=0.000
Evaluation average episode reward is -1194.9668311085031.

Episode 3050: Avg Net Energy=232.161, Avg CO2=57158.935, Water Usage=25224782.892
Tasks in Queue=23515.000, Tasks Dropped=0.000
End: Sun May  3 14:54:32 EEST 2026
