choose to use cpu...
WARNING, using default values for chiller sizing...
WARNING, using default values for chiller sizing...
WARNING, using default values for chiller sizing...WARNING, using default values for chiller sizing...

WARNING, using default values for chiller sizing...
WARNING, using default values for chiller sizing...
WARNING, using default values for chiller sizing...
WARNING, using default values for chiller sizing...
WARNING, using default values for chiller sizing...
WARNING, using default values for chiller sizing...
share_observation_space:  [Box(-2.0, 2.0, (29,), float32), Box(-2.0, 2.0, (29,), float32), Box(-2.0, 2.0, (29,), float32)]
observation_space:  [Box(-2.0, 2.0, (26,), float32), Box(-2.0, 2.0, (26,), float32), Box(-2.0, 2.0, (26,), float32)]
action_space:  [Discrete(3), Discrete(3), Discrete(3)]
Start Training
Env sustaindc Task ca-discrete Algo happo Exp happo_baseline_ny_medium updates 5/3051 episodes, total num timesteps 40960/25000000, FPS 455.
Average step reward is 0.24231010675430298.
Some episodes done, average episode reward is 282.7798787920455.

Episode 5: Avg Net Energy=348.475, Avg CO2=93061.460, Water Usage=10571722.116
Tasks in Queue=1730405.000, Tasks Dropped=0.000
Evaluation average episode reward is -772.2786999552408.

Episode 5: Avg Net Energy=318.837, Avg CO2=85958.363, Water Usage=7826194.592
Tasks in Queue=3452354.000, Tasks Dropped=378.000
We are saving model weights at episode 5 with average episode reward -772.2786999552408

Env sustaindc Task ca-discrete Algo happo Exp happo_baseline_ny_medium updates 10/3051 episodes, total num timesteps 81920/25000000, FPS 394.
Average step reward is 0.3371378183364868.
Some episodes done, average episode reward is 547.3404301600583.

Episode 10: Avg Net Energy=334.662, Avg CO2=82241.056, Water Usage=10839003.744
Tasks in Queue=2297279.000, Tasks Dropped=0.000
Evaluation average episode reward is -904.8135652479895.

Episode 10: Avg Net Energy=321.269, Avg CO2=82511.227, Water Usage=7716886.101
Tasks in Queue=4344076.000, Tasks Dropped=2073.000
Env sustaindc Task ca-discrete Algo happo Exp happo_baseline_ny_medium updates 15/3051 episodes, total num timesteps 122880/25000000, FPS 357.
Average step reward is 0.3182128667831421.
Some episodes done, average episode reward is 655.7273746949372.

Episode 15: Avg Net Energy=326.591, Avg CO2=75265.291, Water Usage=10963854.392
Tasks in Queue=1873599.000, Tasks Dropped=0.000
Evaluation average episode reward is -709.8647770717404.

Episode 15: Avg Net Energy=321.791, Avg CO2=79237.176, Water Usage=7685692.019
Tasks in Queue=4334646.000, Tasks Dropped=2480.000
We are saving model weights at episode 15 with average episode reward -709.8647770717404

Env sustaindc Task ca-discrete Algo happo Exp happo_baseline_ny_medium updates 20/3051 episodes, total num timesteps 163840/25000000, FPS 331.
Average step reward is 0.1449238657951355.
Some episodes done, average episode reward is 302.15397849860494.

Episode 20: Avg Net Energy=326.828, Avg CO2=83477.807, Water Usage=10823041.104
Tasks in Queue=2040909.000, Tasks Dropped=0.000
Evaluation average episode reward is -659.7243106104949.

Episode 20: Avg Net Energy=321.832, Avg CO2=77933.453, Water Usage=7610844.807
Tasks in Queue=4186449.000, Tasks Dropped=1220.000
We are saving model weights at episode 20 with average episode reward -659.7243106104949

Env sustaindc Task ca-discrete Algo happo Exp happo_baseline_ny_medium updates 25/3051 episodes, total num timesteps 204800/25000000, FPS 313.
Average step reward is -0.025460101664066315.
Some episodes done, average episode reward is 62.696771449115886.

Episode 25: Avg Net Energy=332.951, Avg CO2=91066.276, Water Usage=11053121.635
Tasks in Queue=2584637.000, Tasks Dropped=0.000
Evaluation average episode reward is -460.1734871220133.

Episode 25: Avg Net Energy=320.715, Avg CO2=78233.826, Water Usage=7601636.997
Tasks in Queue=3947318.000, Tasks Dropped=983.000
We are saving model weights at episode 25 with average episode reward -460.1734871220133

Env sustaindc Task ca-discrete Algo happo Exp happo_baseline_ny_medium updates 30/3051 episodes, total num timesteps 245760/25000000, FPS 310.
Average step reward is 0.08156392723321915.
Some episodes done, average episode reward is 70.08352406163581.

Episode 30: Avg Net Energy=328.354, Avg CO2=85739.792, Water Usage=10783911.868
Tasks in Queue=2399809.000, Tasks Dropped=0.000
Evaluation average episode reward is -314.2795951144356.

Episode 30: Avg Net Energy=320.148, Avg CO2=78079.245, Water Usage=7568263.760
Tasks in Queue=3504900.000, Tasks Dropped=193.000
We are saving model weights at episode 30 with average episode reward -314.2795951144356

Env sustaindc Task ca-discrete Algo happo Exp happo_baseline_ny_medium updates 35/3051 episodes, total num timesteps 286720/25000000, FPS 308.
Average step reward is 0.198468878865242.
Some episodes done, average episode reward is 49.3400390968199.

Episode 35: Avg Net Energy=327.399, Avg CO2=72934.977, Water Usage=10789597.935
Tasks in Queue=2122476.000, Tasks Dropped=0.000
Evaluation average episode reward is -267.2226983646864.

Episode 35: Avg Net Energy=320.227, Avg CO2=82233.784, Water Usage=7735526.002
Tasks in Queue=2485476.000, Tasks Dropped=0.000
We are saving model weights at episode 35 with average episode reward -267.2226983646864

Env sustaindc Task ca-discrete Algo happo Exp happo_baseline_ny_medium updates 40/3051 episodes, total num timesteps 327680/25000000, FPS 306.
Average step reward is 0.24114853143692017.
Some episodes done, average episode reward is 138.73750397806208.

Episode 40: Avg Net Energy=327.660, Avg CO2=77037.111, Water Usage=10772881.582
Tasks in Queue=1585145.000, Tasks Dropped=0.000
Evaluation average episode reward is -212.3796702976781.

Episode 40: Avg Net Energy=322.313, Avg CO2=84041.547, Water Usage=7740429.429
Tasks in Queue=1301975.000, Tasks Dropped=0.000
We are saving model weights at episode 40 with average episode reward -212.3796702976781

Env sustaindc Task ca-discrete Algo happo Exp happo_baseline_ny_medium updates 45/3051 episodes, total num timesteps 368640/25000000, FPS 306.
Average step reward is 0.18842796981334686.
Some episodes done, average episode reward is 109.47997904137117.

Episode 45: Avg Net Energy=327.112, Avg CO2=91069.428, Water Usage=10768037.710
Tasks in Queue=1953085.000, Tasks Dropped=0.000
Evaluation average episode reward is -14.54013884933128.

Episode 45: Avg Net Energy=322.878, Avg CO2=78312.529, Water Usage=7710255.579
Tasks in Queue=192234.000, Tasks Dropped=0.000
We are saving model weights at episode 45 with average episode reward -14.54013884933128

Env sustaindc Task ca-discrete Algo happo Exp happo_baseline_ny_medium updates 50/3051 episodes, total num timesteps 409600/25000000, FPS 305.
Average step reward is 0.06421133875846863.
Some episodes done, average episode reward is 143.80358447566826.

Episode 50: Avg Net Energy=332.628, Avg CO2=88632.794, Water Usage=10755842.578
Tasks in Queue=1751710.000, Tasks Dropped=0.000
Evaluation average episode reward is 111.88022637325521.

Episode 50: Avg Net Energy=322.330, Avg CO2=78002.544, Water Usage=7743277.106
Tasks in Queue=127158.000, Tasks Dropped=0.000
We are saving model weights at episode 50 with average episode reward 111.88022637325521

Env sustaindc Task ca-discrete Algo happo Exp happo_baseline_ny_medium updates 55/3051 episodes, total num timesteps 450560/25000000, FPS 305.
Average step reward is 0.2404821664094925.
Some episodes done, average episode reward is 101.73919499009712.

Episode 55: Avg Net Energy=327.736, Avg CO2=81214.174, Water Usage=10733218.657
Tasks in Queue=1339427.000, Tasks Dropped=0.000
Evaluation average episode reward is 189.063530347713.

Episode 55: Avg Net Energy=321.275, Avg CO2=82708.977, Water Usage=7734426.671
Tasks in Queue=59186.000, Tasks Dropped=0.000
We are saving model weights at episode 55 with average episode reward 189.063530347713

Env sustaindc Task ca-discrete Algo happo Exp happo_baseline_ny_medium updates 60/3051 episodes, total num timesteps 491520/25000000, FPS 305.
Average step reward is 0.24076630175113678.
Some episodes done, average episode reward is 155.43170115531188.

Episode 60: Avg Net Energy=330.013, Avg CO2=74584.272, Water Usage=10730716.941
Tasks in Queue=1173545.000, Tasks Dropped=0.000
Evaluation average episode reward is 393.8406471276589.

Episode 60: Avg Net Energy=320.042, Avg CO2=79717.888, Water Usage=7713730.921
Tasks in Queue=53855.000, Tasks Dropped=0.000
We are saving model weights at episode 60 with average episode reward 393.8406471276589

Env sustaindc Task ca-discrete Algo happo Exp happo_baseline_ny_medium updates 65/3051 episodes, total num timesteps 532480/25000000, FPS 305.
Average step reward is 0.1899227350950241.
Some episodes done, average episode reward is 173.36566679121745.

Episode 65: Avg Net Energy=329.889, Avg CO2=85490.525, Water Usage=10728280.448
Tasks in Queue=1112821.000, Tasks Dropped=0.000
Evaluation average episode reward is 116.63585515877291.

Episode 65: Avg Net Energy=322.134, Avg CO2=79130.479, Water Usage=7708911.780
Tasks in Queue=56263.000, Tasks Dropped=0.000
Env sustaindc Task ca-discrete Algo happo Exp happo_baseline_ny_medium updates 70/3051 episodes, total num timesteps 573440/25000000, FPS 304.
Average step reward is 0.09187275916337967.
Some episodes done, average episode reward is 160.20337015382557.

Episode 70: Avg Net Energy=332.919, Avg CO2=89811.942, Water Usage=10900641.853
Tasks in Queue=1257614.000, Tasks Dropped=0.000
Evaluation average episode reward is 83.22603030873351.

Episode 70: Avg Net Energy=323.276, Avg CO2=85686.521, Water Usage=7645380.850
Tasks in Queue=50455.000, Tasks Dropped=0.000
Env sustaindc Task ca-discrete Algo happo Exp happo_baseline_ny_medium updates 75/3051 episodes, total num timesteps 614400/25000000, FPS 305.
Average step reward is 0.2051396667957306.
Some episodes done, average episode reward is 181.56242539233375.

Episode 75: Avg Net Energy=329.487, Avg CO2=86682.996, Water Usage=10823361.296
Tasks in Queue=954756.000, Tasks Dropped=0.000
Evaluation average episode reward is 327.71122742652443.

Episode 75: Avg Net Energy=319.157, Avg CO2=81856.865, Water Usage=7688132.767
Tasks in Queue=45378.000, Tasks Dropped=0.000
Env sustaindc Task ca-discrete Algo happo Exp happo_baseline_ny_medium updates 80/3051 episodes, total num timesteps 655360/25000000, FPS 305.
Average step reward is 0.20025534927845.
Some episodes done, average episode reward is 137.63173602611548.

Episode 80: Avg Net Energy=330.915, Avg CO2=77105.747, Water Usage=10818692.764
Tasks in Queue=1084884.000, Tasks Dropped=0.000
Evaluation average episode reward is 353.0846670646959.

Episode 80: Avg Net Energy=320.537, Avg CO2=81285.755, Water Usage=7870843.533
Tasks in Queue=38301.000, Tasks Dropped=0.000
Env sustaindc Task ca-discrete Algo happo Exp happo_baseline_ny_medium updates 85/3051 episodes, total num timesteps 696320/25000000, FPS 305.
Average step reward is 0.18669302761554718.
Some episodes done, average episode reward is 144.38070256419692.

Episode 85: Avg Net Energy=333.320, Avg CO2=78845.243, Water Usage=10869561.391
Tasks in Queue=1007177.000, Tasks Dropped=0.000
Evaluation average episode reward is 55.90159131005475.

Episode 85: Avg Net Energy=323.211, Avg CO2=80333.567, Water Usage=7848627.319
Tasks in Queue=19329.000, Tasks Dropped=0.000
Env sustaindc Task ca-discrete Algo happo Exp happo_baseline_ny_medium updates 90/3051 episodes, total num timesteps 737280/25000000, FPS 305.
Average step reward is 0.25557026267051697.
Some episodes done, average episode reward is 171.08031216551137.

Episode 90: Avg Net Energy=327.830, Avg CO2=90445.346, Water Usage=10741041.510
Tasks in Queue=1236470.000, Tasks Dropped=0.000
Evaluation average episode reward is 118.94362850837172.

Episode 90: Avg Net Energy=322.357, Avg CO2=78098.534, Water Usage=7566593.669
Tasks in Queue=32097.000, Tasks Dropped=0.000
Env sustaindc Task ca-discrete Algo happo Exp happo_baseline_ny_medium updates 95/3051 episodes, total num timesteps 778240/25000000, FPS 304.
Average step reward is 0.15335237979888916.
Some episodes done, average episode reward is 250.66175758600158.

Episode 95: Avg Net Energy=332.350, Avg CO2=89359.480, Water Usage=10857444.932
Tasks in Queue=1129663.000, Tasks Dropped=0.000
Evaluation average episode reward is 333.9685953278885.

Episode 95: Avg Net Energy=319.296, Avg CO2=77046.309, Water Usage=7792702.419
Tasks in Queue=34053.000, Tasks Dropped=0.000
Env sustaindc Task ca-discrete Algo happo Exp happo_baseline_ny_medium updates 100/3051 episodes, total num timesteps 819200/25000000, FPS 304.
Average step reward is 0.2517416179180145.
Some episodes done, average episode reward is 151.02423625744711.

Episode 100: Avg Net Energy=330.642, Avg CO2=80299.864, Water Usage=10721890.406
Tasks in Queue=1003404.000, Tasks Dropped=0.000
Evaluation average episode reward is 329.48712084655267.

Episode 100: Avg Net Energy=319.543, Avg CO2=78030.183, Water Usage=7628057.687
Tasks in Queue=25305.000, Tasks Dropped=0.000
Env sustaindc Task ca-discrete Algo happo Exp happo_baseline_ny_medium updates 105/3051 episodes, total num timesteps 860160/25000000, FPS 305.
Average step reward is 0.20057404041290283.
Some episodes done, average episode reward is 258.60965090949105.

Episode 105: Avg Net Energy=335.701, Avg CO2=75516.743, Water Usage=10792529.607
Tasks in Queue=965810.000, Tasks Dropped=0.000
Evaluation average episode reward is 337.9869578035511.

Episode 105: Avg Net Energy=319.409, Avg CO2=79626.374, Water Usage=7728147.109
Tasks in Queue=25861.000, Tasks Dropped=0.000
Env sustaindc Task ca-discrete Algo happo Exp happo_baseline_ny_medium updates 110/3051 episodes, total num timesteps 901120/25000000, FPS 306.
Average step reward is 0.18455715477466583.
Some episodes done, average episode reward is 101.84623115376306.

Episode 110: Avg Net Energy=332.743, Avg CO2=87086.045, Water Usage=10803295.947
Tasks in Queue=1068478.000, Tasks Dropped=0.000
Evaluation average episode reward is -85.04961426995276.

Episode 110: Avg Net Energy=323.093, Avg CO2=85061.695, Water Usage=7787630.554
Tasks in Queue=20082.000, Tasks Dropped=0.000
Env sustaindc Task ca-discrete Algo happo Exp happo_baseline_ny_medium updates 115/3051 episodes, total num timesteps 942080/25000000, FPS 307.
Average step reward is 0.19700881838798523.
Some episodes done, average episode reward is 342.48232919312966.

Episode 115: Avg Net Energy=330.841, Avg CO2=89639.372, Water Usage=10777220.827
Tasks in Queue=1130663.000, Tasks Dropped=0.000
Evaluation average episode reward is 187.50956806845429.

Episode 115: Avg Net Energy=320.296, Avg CO2=81625.517, Water Usage=7724719.780
Tasks in Queue=11758.000, Tasks Dropped=0.000
Env sustaindc Task ca-discrete Algo happo Exp happo_baseline_ny_medium updates 120/3051 episodes, total num timesteps 983040/25000000, FPS 308.
Average step reward is 0.2754269242286682.
Some episodes done, average episode reward is 233.11792812470543.

Episode 120: Avg Net Energy=327.059, Avg CO2=86349.072, Water Usage=10735163.263
Tasks in Queue=1067235.000, Tasks Dropped=0.000
Evaluation average episode reward is -96.27386419252116.

Episode 120: Avg Net Energy=324.737, Avg CO2=78916.419, Water Usage=7797276.869
Tasks in Queue=6208.000, Tasks Dropped=0.000
Env sustaindc Task ca-discrete Algo happo Exp happo_baseline_ny_medium updates 125/3051 episodes, total num timesteps 1024000/25000000, FPS 308.
Average step reward is 0.2161041498184204.
Some episodes done, average episode reward is 226.93704764014515.

Episode 125: Avg Net Energy=333.096, Avg CO2=70150.206, Water Usage=10844625.200
Tasks in Queue=885946.000, Tasks Dropped=0.000
Evaluation average episode reward is 285.7768057725092.

Episode 125: Avg Net Energy=322.093, Avg CO2=80023.553, Water Usage=7699685.939
Tasks in Queue=3201.000, Tasks Dropped=0.000
Env sustaindc Task ca-discrete Algo happo Exp happo_baseline_ny_medium updates 130/3051 episodes, total num timesteps 1064960/25000000, FPS 309.
Average step reward is 0.09160904586315155.
Some episodes done, average episode reward is 139.7747173058694.

Episode 130: Avg Net Energy=335.327, Avg CO2=83508.619, Water Usage=10748884.449
Tasks in Queue=958878.000, Tasks Dropped=0.000
Evaluation average episode reward is 336.488826625623.

Episode 130: Avg Net Energy=320.449, Avg CO2=77613.071, Water Usage=7732789.807
Tasks in Queue=17164.000, Tasks Dropped=0.000
Env sustaindc Task ca-discrete Algo happo Exp happo_baseline_ny_medium updates 135/3051 episodes, total num timesteps 1105920/25000000, FPS 310.
Average step reward is 0.257468044757843.
Some episodes done, average episode reward is 183.70247786708524.

Episode 135: Avg Net Energy=329.649, Avg CO2=92305.142, Water Usage=10823921.528
Tasks in Queue=1092535.000, Tasks Dropped=0.000
Evaluation average episode reward is 203.18329241245783.

Episode 135: Avg Net Energy=320.850, Avg CO2=85969.786, Water Usage=7742432.955
Tasks in Queue=28646.000, Tasks Dropped=0.000
Env sustaindc Task ca-discrete Algo happo Exp happo_baseline_ny_medium updates 140/3051 episodes, total num timesteps 1146880/25000000, FPS 310.
Average step reward is 0.30694639682769775.
Some episodes done, average episode reward is 186.79487708228754.

Episode 140: Avg Net Energy=326.358, Avg CO2=86875.442, Water Usage=10698662.084
Tasks in Queue=1081204.000, Tasks Dropped=0.000
Evaluation average episode reward is 130.7257039098722.

Episode 140: Avg Net Energy=322.276, Avg CO2=79921.743, Water Usage=7680560.982
Tasks in Queue=36844.000, Tasks Dropped=0.000
Env sustaindc Task ca-discrete Algo happo Exp happo_baseline_ny_medium updates 145/3051 episodes, total num timesteps 1187840/25000000, FPS 311.
Average step reward is 0.14135639369487762.
Some episodes done, average episode reward is 221.5298309923125.

Episode 145: Avg Net Energy=337.168, Avg CO2=73407.254, Water Usage=10771438.550
Tasks in Queue=1249899.000, Tasks Dropped=0.000
Evaluation average episode reward is 235.68193039506264.

Episode 145: Avg Net Energy=320.488, Avg CO2=78606.968, Water Usage=7764188.107
Tasks in Queue=47472.000, Tasks Dropped=0.000
Env sustaindc Task ca-discrete Algo happo Exp happo_baseline_ny_medium updates 150/3051 episodes, total num timesteps 1228800/25000000, FPS 309.
Average step reward is 0.2434612363576889.
Some episodes done, average episode reward is 149.42123104422205.

Episode 150: Avg Net Energy=332.154, Avg CO2=76512.224, Water Usage=10862220.340
Tasks in Queue=1126767.000, Tasks Dropped=0.000
Evaluation average episode reward is 182.22960735736868.

Episode 150: Avg Net Energy=320.643, Avg CO2=81269.933, Water Usage=7728842.959
Tasks in Queue=49728.000, Tasks Dropped=0.000
Env sustaindc Task ca-discrete Algo happo Exp happo_baseline_ny_medium updates 155/3051 episodes, total num timesteps 1269760/25000000, FPS 308.
Average step reward is 0.2737002670764923.
Some episodes done, average episode reward is 243.94840237026713.

Episode 155: Avg Net Energy=328.627, Avg CO2=84934.507, Water Usage=10740768.623
Tasks in Queue=933684.000, Tasks Dropped=0.000
Evaluation average episode reward is 201.7425326268924.

Episode 155: Avg Net Energy=320.491, Avg CO2=82368.028, Water Usage=7720052.783
Tasks in Queue=50644.000, Tasks Dropped=0.000
Env sustaindc Task ca-discrete Algo happo Exp happo_baseline_ny_medium updates 160/3051 episodes, total num timesteps 1310720/25000000, FPS 309.
Average step reward is 0.07743050903081894.
Some episodes done, average episode reward is 208.4333556490049.

Episode 160: Avg Net Energy=335.703, Avg CO2=90863.954, Water Usage=11014258.761
Tasks in Queue=1251545.000, Tasks Dropped=0.000
Evaluation average episode reward is 171.73910992655934.

Episode 160: Avg Net Energy=321.479, Avg CO2=81185.185, Water Usage=7756420.032
Tasks in Queue=83353.000, Tasks Dropped=0.000
Env sustaindc Task ca-discrete Algo happo Exp happo_baseline_ny_medium updates 165/3051 episodes, total num timesteps 1351680/25000000, FPS 309.
Average step reward is 0.22816653549671173.
Some episodes done, average episode reward is 270.1254854326421.

Episode 165: Avg Net Energy=327.334, Avg CO2=87023.568, Water Usage=10726073.375
Tasks in Queue=1297725.000, Tasks Dropped=0.000
Evaluation average episode reward is 158.45972131803478.

Episode 165: Avg Net Energy=321.068, Avg CO2=78676.975, Water Usage=7672404.407
Tasks in Queue=76322.000, Tasks Dropped=0.000
Env sustaindc Task ca-discrete Algo happo Exp happo_baseline_ny_medium updates 170/3051 episodes, total num timesteps 1392640/25000000, FPS 309.
Average step reward is 0.17352667450904846.
Some episodes done, average episode reward is 110.05200793447281.

Episode 170: Avg Net Energy=333.480, Avg CO2=74435.413, Water Usage=10864143.925
Tasks in Queue=1267277.000, Tasks Dropped=0.000
Evaluation average episode reward is 151.17412126232762.

Episode 170: Avg Net Energy=321.249, Avg CO2=77759.189, Water Usage=7717344.619
Tasks in Queue=50528.000, Tasks Dropped=0.000
Env sustaindc Task ca-discrete Algo happo Exp happo_baseline_ny_medium updates 175/3051 episodes, total num timesteps 1433600/25000000, FPS 310.
Average step reward is 0.2209044098854065.
Some episodes done, average episode reward is 214.92694674574045.

Episode 175: Avg Net Energy=329.816, Avg CO2=79861.556, Water Usage=10724562.347
Tasks in Queue=1165602.000, Tasks Dropped=0.000
Evaluation average episode reward is 297.5377396953929.

Episode 175: Avg Net Energy=319.624, Avg CO2=83804.988, Water Usage=7774672.055
Tasks in Queue=47561.000, Tasks Dropped=0.000
Env sustaindc Task ca-discrete Algo happo Exp happo_baseline_ny_medium updates 180/3051 episodes, total num timesteps 1474560/25000000, FPS 310.
Average step reward is 0.11297813057899475.
Some episodes done, average episode reward is 78.95807211652092.

Episode 180: Avg Net Energy=333.434, Avg CO2=92873.760, Water Usage=10850388.227
Tasks in Queue=1344678.000, Tasks Dropped=0.000
Evaluation average episode reward is 52.53366892494097.

Episode 180: Avg Net Energy=322.661, Avg CO2=81395.436, Water Usage=7631511.883
Tasks in Queue=28123.000, Tasks Dropped=0.000
Env sustaindc Task ca-discrete Algo happo Exp happo_baseline_ny_medium updates 185/3051 episodes, total num timesteps 1515520/25000000, FPS 311.
Average step reward is 0.2685048580169678.
Some episodes done, average episode reward is 242.2960636019842.

Episode 185: Avg Net Energy=326.411, Avg CO2=87178.771, Water Usage=10738788.440
Tasks in Queue=1159721.000, Tasks Dropped=0.000
Evaluation average episode reward is 210.733881638033.

Episode 185: Avg Net Energy=321.445, Avg CO2=84333.866, Water Usage=7774889.735
Tasks in Queue=19386.000, Tasks Dropped=0.000
Env sustaindc Task ca-discrete Algo happo Exp happo_baseline_ny_medium updates 190/3051 episodes, total num timesteps 1556480/25000000, FPS 311.
Average step reward is 0.1574823558330536.
Some episodes done, average episode reward is 312.6411961383685.

Episode 190: Avg Net Energy=333.863, Avg CO2=81419.949, Water Usage=10924676.194
Tasks in Queue=1159561.000, Tasks Dropped=0.000
Evaluation average episode reward is 149.40648025152007.

Episode 190: Avg Net Energy=321.625, Avg CO2=77870.711, Water Usage=7680663.550
Tasks in Queue=33808.000, Tasks Dropped=0.000
Env sustaindc Task ca-discrete Algo happo Exp happo_baseline_ny_medium updates 195/3051 episodes, total num timesteps 1597440/25000000, FPS 311.
Average step reward is 0.22162435948848724.
Some episodes done, average episode reward is 63.35699240357455.

Episode 195: Avg Net Energy=331.052, Avg CO2=75894.632, Water Usage=10916182.041
Tasks in Queue=1250462.000, Tasks Dropped=0.000
Evaluation average episode reward is 245.6213688107492.

Episode 195: Avg Net Energy=321.284, Avg CO2=80474.171, Water Usage=7839431.370
Tasks in Queue=46661.000, Tasks Dropped=0.000
Env sustaindc Task ca-discrete Algo happo Exp happo_baseline_ny_medium updates 200/3051 episodes, total num timesteps 1638400/25000000, FPS 311.
Average step reward is 0.2261781245470047.
Some episodes done, average episode reward is 200.84862324401996.

Episode 200: Avg Net Energy=329.576, Avg CO2=86341.590, Water Usage=10808483.904
Tasks in Queue=1002435.000, Tasks Dropped=0.000
Evaluation average episode reward is 381.1163734142247.

Episode 200: Avg Net Energy=318.140, Avg CO2=86879.007, Water Usage=7722911.247
Tasks in Queue=70675.000, Tasks Dropped=0.000
Env sustaindc Task ca-discrete Algo happo Exp happo_baseline_ny_medium updates 205/3051 episodes, total num timesteps 1679360/25000000, FPS 312.
Average step reward is 0.043696723878383636.
Some episodes done, average episode reward is 231.33167241650114.

Episode 205: Avg Net Energy=335.698, Avg CO2=90579.243, Water Usage=10955079.672
Tasks in Queue=1303571.000, Tasks Dropped=0.000
Evaluation average episode reward is -28.440568465025326.

Episode 205: Avg Net Energy=323.889, Avg CO2=83469.619, Water Usage=7661682.221
Tasks in Queue=115868.000, Tasks Dropped=0.000
Env sustaindc Task ca-discrete Algo happo Exp happo_baseline_ny_medium updates 210/3051 episodes, total num timesteps 1720320/25000000, FPS 312.
Average step reward is 0.21754010021686554.
Some episodes done, average episode reward is 159.9464442507596.

Episode 210: Avg Net Energy=329.049, Avg CO2=86886.323, Water Usage=10791551.583
Tasks in Queue=1217836.000, Tasks Dropped=0.000
Evaluation average episode reward is 159.89717534518664.

Episode 210: Avg Net Energy=320.618, Avg CO2=81598.015, Water Usage=7749614.807
Tasks in Queue=90052.000, Tasks Dropped=0.000
Env sustaindc Task ca-discrete Algo happo Exp happo_baseline_ny_medium updates 215/3051 episodes, total num timesteps 1761280/25000000, FPS 312.
Average step reward is 0.12130089849233627.
Some episodes done, average episode reward is 217.97986429282264.

Episode 215: Avg Net Energy=338.098, Avg CO2=79258.078, Water Usage=10857402.333
Tasks in Queue=1228896.000, Tasks Dropped=0.000
Evaluation average episode reward is 195.88954519960058.

Episode 215: Avg Net Energy=321.322, Avg CO2=79172.180, Water Usage=7811041.844
Tasks in Queue=101685.000, Tasks Dropped=0.000
Env sustaindc Task ca-discrete Algo happo Exp happo_baseline_ny_medium updates 220/3051 episodes, total num timesteps 1802240/25000000, FPS 312.
Average step reward is 0.08846814185380936.
Some episodes done, average episode reward is 140.9584886109087.

Episode 220: Avg Net Energy=337.352, Avg CO2=81081.343, Water Usage=10816804.189
Tasks in Queue=1131350.000, Tasks Dropped=0.000
Evaluation average episode reward is 184.0081519480053.

Episode 220: Avg Net Energy=320.212, Avg CO2=86604.746, Water Usage=7727537.819
Tasks in Queue=94685.000, Tasks Dropped=0.000
Env sustaindc Task ca-discrete Algo happo Exp happo_baseline_ny_medium updates 225/3051 episodes, total num timesteps 1843200/25000000, FPS 312.
Average step reward is 0.2590639889240265.
Some episodes done, average episode reward is 237.01501510604547.

Episode 225: Avg Net Energy=328.901, Avg CO2=90053.754, Water Usage=10851660.905
Tasks in Queue=1245627.000, Tasks Dropped=0.000
Evaluation average episode reward is 186.23764107253876.

Episode 225: Avg Net Energy=320.032, Avg CO2=82041.397, Water Usage=7786382.636
Tasks in Queue=102489.000, Tasks Dropped=0.000
Env sustaindc Task ca-discrete Algo happo Exp happo_baseline_ny_medium updates 230/3051 episodes, total num timesteps 1884160/25000000, FPS 313.
Average step reward is 0.07439325749874115.
Some episodes done, average episode reward is 328.43959980696627.

Episode 230: Avg Net Energy=337.228, Avg CO2=90990.246, Water Usage=10934636.292
Tasks in Queue=1353003.000, Tasks Dropped=0.000
Evaluation average episode reward is 52.34319067253969.

Episode 230: Avg Net Energy=322.988, Avg CO2=80200.079, Water Usage=7820041.413
Tasks in Queue=83565.000, Tasks Dropped=0.000
Env sustaindc Task ca-discrete Algo happo Exp happo_baseline_ny_medium updates 235/3051 episodes, total num timesteps 1925120/25000000, FPS 313.
Average step reward is 0.2690301537513733.
Some episodes done, average episode reward is 160.49054639924992.

Episode 235: Avg Net Energy=330.809, Avg CO2=79960.648, Water Usage=10895406.653
Tasks in Queue=1232785.000, Tasks Dropped=0.000
Evaluation average episode reward is 213.57112253484812.

Episode 235: Avg Net Energy=320.816, Avg CO2=85438.714, Water Usage=7793976.425
Tasks in Queue=67554.000, Tasks Dropped=0.000
Env sustaindc Task ca-discrete Algo happo Exp happo_baseline_ny_medium updates 240/3051 episodes, total num timesteps 1966080/25000000, FPS 313.
Average step reward is 0.1480063945055008.
Some episodes done, average episode reward is 267.48811049623623.

Episode 240: Avg Net Energy=335.954, Avg CO2=73618.213, Water Usage=11041496.516
Tasks in Queue=1270386.000, Tasks Dropped=0.000
Evaluation average episode reward is 364.1024111247654.

Episode 240: Avg Net Energy=318.949, Avg CO2=82872.082, Water Usage=7657189.226
Tasks in Queue=84376.000, Tasks Dropped=0.000
Env sustaindc Task ca-discrete Algo happo Exp happo_baseline_ny_medium updates 245/3051 episodes, total num timesteps 2007040/25000000, FPS 314.
Average step reward is 0.23900067806243896.
Some episodes done, average episode reward is 218.70605862993256.

Episode 245: Avg Net Energy=328.251, Avg CO2=84890.111, Water Usage=10828054.378
Tasks in Queue=1151955.000, Tasks Dropped=0.000
Evaluation average episode reward is 149.94940845848944.

Episode 245: Avg Net Energy=322.733, Avg CO2=82506.109, Water Usage=7823939.010
Tasks in Queue=112708.000, Tasks Dropped=0.000
Env sustaindc Task ca-discrete Algo happo Exp happo_baseline_ny_medium updates 250/3051 episodes, total num timesteps 2048000/25000000, FPS 313.
Average step reward is 0.1642301380634308.
Some episodes done, average episode reward is 232.67787067586556.

Episode 250: Avg Net Energy=331.145, Avg CO2=89542.890, Water Usage=10788398.019
Tasks in Queue=1151852.000, Tasks Dropped=0.000
Evaluation average episode reward is 86.22465352084878.

Episode 250: Avg Net Energy=321.781, Avg CO2=81128.914, Water Usage=7739836.356
Tasks in Queue=63526.000, Tasks Dropped=0.000
Env sustaindc Task ca-discrete Algo happo Exp happo_baseline_ny_medium updates 255/3051 episodes, total num timesteps 2088960/25000000, FPS 313.
Average step reward is 0.12593498826026917.
Some episodes done, average episode reward is 176.40143978089563.

Episode 255: Avg Net Energy=335.382, Avg CO2=82303.013, Water Usage=11058184.847
Tasks in Queue=1283614.000, Tasks Dropped=0.000
Evaluation average episode reward is 193.47335339587525.

Episode 255: Avg Net Energy=320.862, Avg CO2=81437.848, Water Usage=7707241.813
Tasks in Queue=90766.000, Tasks Dropped=0.000
Env sustaindc Task ca-discrete Algo happo Exp happo_baseline_ny_medium updates 260/3051 episodes, total num timesteps 2129920/25000000, FPS 313.
Average step reward is 0.11829239130020142.
Some episodes done, average episode reward is 198.84925796175952.

Episode 260: Avg Net Energy=336.722, Avg CO2=81901.164, Water Usage=10894810.137
Tasks in Queue=1210779.000, Tasks Dropped=0.000
Evaluation average episode reward is 330.1358569284671.

Episode 260: Avg Net Energy=319.355, Avg CO2=77085.667, Water Usage=7689458.874
Tasks in Queue=68892.000, Tasks Dropped=0.000
Env sustaindc Task ca-discrete Algo happo Exp happo_baseline_ny_medium updates 265/3051 episodes, total num timesteps 2170880/25000000, FPS 313.
Average step reward is 0.2893552780151367.
Some episodes done, average episode reward is 165.95529043533304.

Episode 265: Avg Net Energy=327.629, Avg CO2=80767.801, Water Usage=10702668.309
Tasks in Queue=1083329.000, Tasks Dropped=0.000
Evaluation average episode reward is 280.96651082353475.

Episode 265: Avg Net Energy=318.769, Avg CO2=82478.495, Water Usage=7737189.872
Tasks in Queue=85169.000, Tasks Dropped=0.000
Env sustaindc Task ca-discrete Algo happo Exp happo_baseline_ny_medium updates 270/3051 episodes, total num timesteps 2211840/25000000, FPS 313.
Average step reward is 0.20126204192638397.
Some episodes done, average episode reward is 229.05233117556736.

Episode 270: Avg Net Energy=331.054, Avg CO2=90690.257, Water Usage=10804930.177
Tasks in Queue=1151847.000, Tasks Dropped=0.000
Evaluation average episode reward is -187.50981947015953.

Episode 270: Avg Net Energy=324.398, Avg CO2=82245.223, Water Usage=7656190.776
Tasks in Queue=46098.000, Tasks Dropped=0.000
Env sustaindc Task ca-discrete Algo happo Exp happo_baseline_ny_medium updates 275/3051 episodes, total num timesteps 2252800/25000000, FPS 313.
Average step reward is 0.32833221554756165.
Some episodes done, average episode reward is 211.81165899715293.

Episode 275: Avg Net Energy=326.416, Avg CO2=86213.794, Water Usage=10691740.101
Tasks in Queue=1058484.000, Tasks Dropped=0.000
Evaluation average episode reward is 53.311062444011704.

Episode 275: Avg Net Energy=322.394, Avg CO2=78362.047, Water Usage=7878822.803
Tasks in Queue=21005.000, Tasks Dropped=0.000
Env sustaindc Task ca-discrete Algo happo Exp happo_baseline_ny_medium updates 280/3051 episodes, total num timesteps 2293760/25000000, FPS 313.
Average step reward is 0.24719123542308807.
Some episodes done, average episode reward is 240.43212264341483.

Episode 280: Avg Net Energy=333.410, Avg CO2=81597.692, Water Usage=10782171.301
Tasks in Queue=1093542.000, Tasks Dropped=0.000
Evaluation average episode reward is 348.98411414017573.

Episode 280: Avg Net Energy=318.973, Avg CO2=82090.316, Water Usage=7963143.403
Tasks in Queue=56575.000, Tasks Dropped=0.000
Env sustaindc Task ca-discrete Algo happo Exp happo_baseline_ny_medium updates 285/3051 episodes, total num timesteps 2334720/25000000, FPS 314.
Average step reward is 0.20681539177894592.
Some episodes done, average episode reward is 201.55993076356137.

Episode 285: Avg Net Energy=336.585, Avg CO2=70347.012, Water Usage=10889486.279
Tasks in Queue=1114019.000, Tasks Dropped=0.000
Evaluation average episode reward is 258.88437127592397.

Episode 285: Avg Net Energy=321.903, Avg CO2=79782.438, Water Usage=7740251.964
Tasks in Queue=52624.000, Tasks Dropped=0.000
Env sustaindc Task ca-discrete Algo happo Exp happo_baseline_ny_medium updates 290/3051 episodes, total num timesteps 2375680/25000000, FPS 313.
Average step reward is 0.223577082157135.
Some episodes done, average episode reward is 292.25218982618384.

Episode 290: Avg Net Energy=331.030, Avg CO2=83549.427, Water Usage=10795104.884
Tasks in Queue=1178712.000, Tasks Dropped=0.000
Evaluation average episode reward is 286.503641564455.

Episode 290: Avg Net Energy=321.222, Avg CO2=80963.852, Water Usage=7765560.957
Tasks in Queue=112206.000, Tasks Dropped=0.000
Env sustaindc Task ca-discrete Algo happo Exp happo_baseline_ny_medium updates 295/3051 episodes, total num timesteps 2416640/25000000, FPS 314.
Average step reward is 0.1328289657831192.
Some episodes done, average episode reward is 272.60112913336116.

Episode 295: Avg Net Energy=332.141, Avg CO2=89163.396, Water Usage=10851134.981
Tasks in Queue=1247959.000, Tasks Dropped=0.000
Evaluation average episode reward is 192.2862121929435.

Episode 295: Avg Net Energy=320.835, Avg CO2=77690.955, Water Usage=7713794.958
Tasks in Queue=80366.000, Tasks Dropped=0.000
Env sustaindc Task ca-discrete Algo happo Exp happo_baseline_ny_medium updates 300/3051 episodes, total num timesteps 2457600/25000000, FPS 314.
Average step reward is 0.16814672946929932.
Some episodes done, average episode reward is 255.2551324216062.

Episode 300: Avg Net Energy=333.487, Avg CO2=86837.363, Water Usage=10820042.035
Tasks in Queue=1215808.000, Tasks Dropped=0.000
Evaluation average episode reward is 200.5362407349321.

Episode 300: Avg Net Energy=320.761, Avg CO2=77955.024, Water Usage=7673656.295
Tasks in Queue=52921.000, Tasks Dropped=0.000
Env sustaindc Task ca-discrete Algo happo Exp happo_baseline_ny_medium updates 305/3051 episodes, total num timesteps 2498560/25000000, FPS 314.
Average step reward is 0.1756313145160675.
Some episodes done, average episode reward is 141.85405041346698.

Episode 305: Avg Net Energy=336.135, Avg CO2=74238.658, Water Usage=10898146.849
Tasks in Queue=1152148.000, Tasks Dropped=0.000
Evaluation average episode reward is 122.52421034343799.

Episode 305: Avg Net Energy=321.765, Avg CO2=82493.516, Water Usage=7636426.678
Tasks in Queue=25296.000, Tasks Dropped=0.000
Env sustaindc Task ca-discrete Algo happo Exp happo_baseline_ny_medium updates 310/3051 episodes, total num timesteps 2539520/25000000, FPS 314.
Average step reward is 0.23584042489528656.
Some episodes done, average episode reward is 202.87910266084128.

Episode 310: Avg Net Energy=330.664, Avg CO2=80273.070, Water Usage=10779909.349
Tasks in Queue=1163424.000, Tasks Dropped=0.000
Evaluation average episode reward is -74.54632419493178.

Episode 310: Avg Net Energy=324.685, Avg CO2=78869.286, Water Usage=7735040.644
Tasks in Queue=39249.000, Tasks Dropped=0.000
Env sustaindc Task ca-discrete Algo happo Exp happo_baseline_ny_medium updates 315/3051 episodes, total num timesteps 2580480/25000000, FPS 314.
Average step reward is 0.23966266214847565.
Some episodes done, average episode reward is 239.35761562288894.

Episode 315: Avg Net Energy=330.316, Avg CO2=90098.605, Water Usage=10900424.408
Tasks in Queue=1090796.000, Tasks Dropped=0.000
Evaluation average episode reward is 86.50204061976812.

Episode 315: Avg Net Energy=325.069, Avg CO2=81217.040, Water Usage=7746639.211
Tasks in Queue=13685.000, Tasks Dropped=0.000
Env sustaindc Task ca-discrete Algo happo Exp happo_baseline_ny_medium updates 320/3051 episodes, total num timesteps 2621440/25000000, FPS 314.
Average step reward is 0.07035146653652191.
Some episodes done, average episode reward is 210.04927009960292.

Episode 320: Avg Net Energy=338.196, Avg CO2=91030.598, Water Usage=10784447.341
Tasks in Queue=1133746.000, Tasks Dropped=0.000
Evaluation average episode reward is 338.5616866182051.

Episode 320: Avg Net Energy=322.239, Avg CO2=79463.714, Water Usage=7680233.220
Tasks in Queue=21530.000, Tasks Dropped=0.000
Env sustaindc Task ca-discrete Algo happo Exp happo_baseline_ny_medium updates 325/3051 episodes, total num timesteps 2662400/25000000, FPS 314.
Average step reward is 0.2975858449935913.
Some episodes done, average episode reward is 237.91871740275005.

Episode 325: Avg Net Energy=328.861, Avg CO2=85565.114, Water Usage=10865642.101
Tasks in Queue=1093636.000, Tasks Dropped=0.000
Evaluation average episode reward is 467.1453493478534.

Episode 325: Avg Net Energy=319.348, Avg CO2=86798.106, Water Usage=7678061.807
Tasks in Queue=31204.000, Tasks Dropped=0.000
We are saving model weights at episode 325 with average episode reward 467.1453493478534

Env sustaindc Task ca-discrete Algo happo Exp happo_baseline_ny_medium updates 330/3051 episodes, total num timesteps 2703360/25000000, FPS 314.
Average step reward is 0.2685232162475586.
Some episodes done, average episode reward is 299.9573682523593.

Episode 330: Avg Net Energy=330.624, Avg CO2=73252.982, Water Usage=10877775.217
Tasks in Queue=1073772.000, Tasks Dropped=0.000
Evaluation average episode reward is 207.40521953489485.

Episode 330: Avg Net Energy=322.091, Avg CO2=81077.258, Water Usage=7853561.071
Tasks in Queue=9748.000, Tasks Dropped=0.000
Env sustaindc Task ca-discrete Algo happo Exp happo_baseline_ny_medium updates 335/3051 episodes, total num timesteps 2744320/25000000, FPS 314.
Average step reward is 0.199883371591568.
Some episodes done, average episode reward is 199.23749040913754.

Episode 335: Avg Net Energy=329.864, Avg CO2=85127.005, Water Usage=10761886.353
Tasks in Queue=1203231.000, Tasks Dropped=0.000
Evaluation average episode reward is 36.132323235368155.

Episode 335: Avg Net Energy=322.545, Avg CO2=82428.993, Water Usage=7728514.087
Tasks in Queue=74445.000, Tasks Dropped=0.000
Env sustaindc Task ca-discrete Algo happo Exp happo_baseline_ny_medium updates 340/3051 episodes, total num timesteps 2785280/25000000, FPS 315.
Average step reward is 0.08870262652635574.
Some episodes done, average episode reward is 102.99179934770973.

Episode 340: Avg Net Energy=336.422, Avg CO2=90714.482, Water Usage=10712041.646
Tasks in Queue=1138540.000, Tasks Dropped=0.000
Evaluation average episode reward is 45.77903009183291.

Episode 340: Avg Net Energy=323.555, Avg CO2=78436.182, Water Usage=7800627.102
Tasks in Queue=42947.000, Tasks Dropped=0.000
Env sustaindc Task ca-discrete Algo happo Exp happo_baseline_ny_medium updates 345/3051 episodes, total num timesteps 2826240/25000000, FPS 315.
Average step reward is 0.10056348145008087.
Some episodes done, average episode reward is 147.5482627695913.

Episode 345: Avg Net Energy=338.950, Avg CO2=92554.221, Water Usage=10875035.715
Tasks in Queue=1091938.000, Tasks Dropped=0.000
Evaluation average episode reward is 315.3564530018726.

Episode 345: Avg Net Energy=319.628, Avg CO2=86307.446, Water Usage=7776693.006
Tasks in Queue=112024.000, Tasks Dropped=0.000
Env sustaindc Task ca-discrete Algo happo Exp happo_baseline_ny_medium updates 350/3051 episodes, total num timesteps 2867200/25000000, FPS 315.
Average step reward is 0.17759586870670319.
Some episodes done, average episode reward is 295.08291356544055.

Episode 350: Avg Net Energy=336.983, Avg CO2=79318.889, Water Usage=10811659.371
Tasks in Queue=1148064.000, Tasks Dropped=0.000
Evaluation average episode reward is 327.88155480827544.

Episode 350: Avg Net Energy=319.467, Avg CO2=81609.213, Water Usage=7846087.814
Tasks in Queue=93514.000, Tasks Dropped=0.000
Env sustaindc Task ca-discrete Algo happo Exp happo_baseline_ny_medium updates 355/3051 episodes, total num timesteps 2908160/25000000, FPS 315.
Average step reward is 0.14489619433879852.
Some episodes done, average episode reward is 298.235506644488.

Episode 355: Avg Net Energy=335.817, Avg CO2=78840.661, Water Usage=10983174.426
Tasks in Queue=1069249.000, Tasks Dropped=0.000
Evaluation average episode reward is 332.6708221390959.

Episode 355: Avg Net Energy=318.250, Avg CO2=86850.626, Water Usage=7711809.615
Tasks in Queue=37491.000, Tasks Dropped=0.000
Env sustaindc Task ca-discrete Algo happo Exp happo_baseline_ny_medium updates 360/3051 episodes, total num timesteps 2949120/25000000, FPS 315.
Average step reward is 0.25289762020111084.
Some episodes done, average episode reward is 243.42470319000495.

Episode 360: Avg Net Energy=327.485, Avg CO2=88627.045, Water Usage=10855756.181
Tasks in Queue=999289.000, Tasks Dropped=0.000
Evaluation average episode reward is 92.23868957225257.

Episode 360: Avg Net Energy=321.280, Avg CO2=79075.918, Water Usage=7798865.545
Tasks in Queue=102734.000, Tasks Dropped=0.000
Env sustaindc Task ca-discrete Algo happo Exp happo_baseline_ny_medium updates 365/3051 episodes, total num timesteps 2990080/25000000, FPS 315.
Average step reward is 0.1910243034362793.
Some episodes done, average episode reward is 212.91566342896772.

Episode 365: Avg Net Energy=330.619, Avg CO2=88363.590, Water Usage=10761879.819
Tasks in Queue=1055771.000, Tasks Dropped=0.000
Evaluation average episode reward is 58.70923590840209.

Episode 365: Avg Net Energy=321.095, Avg CO2=81663.223, Water Usage=7764464.765
Tasks in Queue=83138.000, Tasks Dropped=0.000
Env sustaindc Task ca-discrete Algo happo Exp happo_baseline_ny_medium updates 370/3051 episodes, total num timesteps 3031040/25000000, FPS 315.
Average step reward is 0.21285173296928406.
Some episodes done, average episode reward is 198.6320268418931.

Episode 370: Avg Net Energy=331.573, Avg CO2=83999.288, Water Usage=10876513.182
Tasks in Queue=1048678.000, Tasks Dropped=0.000
Evaluation average episode reward is 332.50680182950583.

Episode 370: Avg Net Energy=318.082, Avg CO2=82730.697, Water Usage=7716025.034
Tasks in Queue=103133.000, Tasks Dropped=0.000
Env sustaindc Task ca-discrete Algo happo Exp happo_baseline_ny_medium updates 375/3051 episodes, total num timesteps 3072000/25000000, FPS 315.
Average step reward is 0.25515276193618774.
Some episodes done, average episode reward is 186.0379566120248.

Episode 375: Avg Net Energy=329.589, Avg CO2=75572.359, Water Usage=10666345.553
Tasks in Queue=972627.000, Tasks Dropped=0.000
Evaluation average episode reward is 22.285421070318666.

Episode 375: Avg Net Energy=322.328, Avg CO2=80675.972, Water Usage=7846404.172
Tasks in Queue=195357.000, Tasks Dropped=0.000
Env sustaindc Task ca-discrete Algo happo Exp happo_baseline_ny_medium updates 380/3051 episodes, total num timesteps 3112960/25000000, FPS 315.
Average step reward is 0.26815059781074524.
Some episodes done, average episode reward is 213.4244533425313.

Episode 380: Avg Net Energy=326.385, Avg CO2=83366.339, Water Usage=10711647.528
Tasks in Queue=1217181.000, Tasks Dropped=0.000
Evaluation average episode reward is 16.954297668231543.

Episode 380: Avg Net Energy=320.820, Avg CO2=81785.523, Water Usage=7897976.664
Tasks in Queue=581252.000, Tasks Dropped=0.000
Env sustaindc Task ca-discrete Algo happo Exp happo_baseline_ny_medium updates 385/3051 episodes, total num timesteps 3153920/25000000, FPS 315.
Average step reward is 0.11386022716760635.
Some episodes done, average episode reward is 225.81595397107736.

Episode 385: Avg Net Energy=335.603, Avg CO2=91173.410, Water Usage=10968045.218
Tasks in Queue=1338775.000, Tasks Dropped=0.000
Evaluation average episode reward is 351.518091935816.

Episode 385: Avg Net Energy=317.807, Avg CO2=81795.177, Water Usage=7770279.387
Tasks in Queue=475220.000, Tasks Dropped=0.000
Env sustaindc Task ca-discrete Algo happo Exp happo_baseline_ny_medium updates 390/3051 episodes, total num timesteps 3194880/25000000, FPS 315.
Average step reward is 0.2247227430343628.
Some episodes done, average episode reward is 204.6280388286085.

Episode 390: Avg Net Energy=329.979, Avg CO2=86339.254, Water Usage=10812266.108
Tasks in Queue=1307018.000, Tasks Dropped=0.000
Evaluation average episode reward is 245.3976298361265.

Episode 390: Avg Net Energy=318.767, Avg CO2=82093.145, Water Usage=7688702.609
Tasks in Queue=413606.000, Tasks Dropped=0.000
Env sustaindc Task ca-discrete Algo happo Exp happo_baseline_ny_medium updates 395/3051 episodes, total num timesteps 3235840/25000000, FPS 315.
Average step reward is 0.10791053622961044.
Some episodes done, average episode reward is 232.08867099491886.

Episode 395: Avg Net Energy=339.827, Avg CO2=81907.273, Water Usage=10857298.688
Tasks in Queue=1146569.000, Tasks Dropped=0.000
Evaluation average episode reward is -173.37003659729294.

Episode 395: Avg Net Energy=323.367, Avg CO2=85785.697, Water Usage=7714291.118
Tasks in Queue=256683.000, Tasks Dropped=0.000
Env sustaindc Task ca-discrete Algo happo Exp happo_baseline_ny_medium updates 400/3051 episodes, total num timesteps 3276800/25000000, FPS 315.
Average step reward is 0.27831053733825684.
Some episodes done, average episode reward is 215.16606090253597.

Episode 400: Avg Net Energy=329.420, Avg CO2=75656.487, Water Usage=10784307.574
Tasks in Queue=1083005.000, Tasks Dropped=0.000
Evaluation average episode reward is -64.47105360084812.

Episode 400: Avg Net Energy=323.388, Avg CO2=85333.132, Water Usage=7757327.171
Tasks in Queue=367388.000, Tasks Dropped=0.000
Env sustaindc Task ca-discrete Algo happo Exp happo_baseline_ny_medium updates 405/3051 episodes, total num timesteps 3317760/25000000, FPS 315.
Average step reward is 0.3022468686103821.
Some episodes done, average episode reward is 260.92313615697526.

Episode 405: Avg Net Energy=328.106, Avg CO2=89066.537, Water Usage=10685919.690
Tasks in Queue=1114981.000, Tasks Dropped=0.000
Evaluation average episode reward is 198.67662870885673.

Episode 405: Avg Net Energy=320.157, Avg CO2=85807.743, Water Usage=7789162.367
Tasks in Queue=383795.000, Tasks Dropped=0.000
Env sustaindc Task ca-discrete Algo happo Exp happo_baseline_ny_medium updates 410/3051 episodes, total num timesteps 3358720/25000000, FPS 315.
Average step reward is 0.22841191291809082.
Some episodes done, average episode reward is 368.7661384618083.

Episode 410: Avg Net Energy=329.472, Avg CO2=88625.001, Water Usage=10863996.166
Tasks in Queue=1273356.000, Tasks Dropped=0.000
Evaluation average episode reward is 223.50257112490252.

Episode 410: Avg Net Energy=321.064, Avg CO2=78777.476, Water Usage=7774122.238
Tasks in Queue=449704.000, Tasks Dropped=0.000
Env sustaindc Task ca-discrete Algo happo Exp happo_baseline_ny_medium updates 415/3051 episodes, total num timesteps 3399680/25000000, FPS 316.
Average step reward is 0.26927533745765686.
Some episodes done, average episode reward is 226.85643770155679.

Episode 415: Avg Net Energy=329.642, Avg CO2=82195.903, Water Usage=10760944.624
Tasks in Queue=1116874.000, Tasks Dropped=0.000
Evaluation average episode reward is 240.53880706306072.

Episode 415: Avg Net Energy=320.791, Avg CO2=78362.652, Water Usage=7601836.016
Tasks in Queue=421899.000, Tasks Dropped=0.000
Env sustaindc Task ca-discrete Algo happo Exp happo_baseline_ny_medium updates 420/3051 episodes, total num timesteps 3440640/25000000, FPS 316.
Average step reward is 0.16238394379615784.
Some episodes done, average episode reward is 202.71168388939043.

Episode 420: Avg Net Energy=337.607, Avg CO2=75071.417, Water Usage=10945712.400
Tasks in Queue=1173278.000, Tasks Dropped=0.000
Evaluation average episode reward is 256.4758181218085.

Episode 420: Avg Net Energy=320.628, Avg CO2=80191.205, Water Usage=7682734.120
Tasks in Queue=297792.000, Tasks Dropped=0.000
Env sustaindc Task ca-discrete Algo happo Exp happo_baseline_ny_medium updates 425/3051 episodes, total num timesteps 3481600/25000000, FPS 316.
Average step reward is 0.24541449546813965.
Some episodes done, average episode reward is 235.3429544511123.

Episode 425: Avg Net Energy=332.903, Avg CO2=83925.902, Water Usage=10853281.906
Tasks in Queue=1018374.000, Tasks Dropped=0.000
Evaluation average episode reward is 39.14103838261958.

Episode 425: Avg Net Energy=323.038, Avg CO2=79304.942, Water Usage=7654796.726
Tasks in Queue=207115.000, Tasks Dropped=0.000
Env sustaindc Task ca-discrete Algo happo Exp happo_baseline_ny_medium updates 430/3051 episodes, total num timesteps 3522560/25000000, FPS 316.
Average step reward is 0.1974935233592987.
Some episodes done, average episode reward is 326.48869330145044.

Episode 430: Avg Net Energy=331.650, Avg CO2=90472.268, Water Usage=10834232.165
Tasks in Queue=1074562.000, Tasks Dropped=0.000
Evaluation average episode reward is 43.411313991163276.

Episode 430: Avg Net Energy=323.231, Avg CO2=81983.730, Water Usage=7659146.318
Tasks in Queue=100364.000, Tasks Dropped=0.000
Env sustaindc Task ca-discrete Algo happo Exp happo_baseline_ny_medium updates 435/3051 episodes, total num timesteps 3563520/25000000, FPS 316.
Average step reward is 0.22817043960094452.
Some episodes done, average episode reward is 247.81131668294012.

Episode 435: Avg Net Energy=332.132, Avg CO2=84843.266, Water Usage=10756042.196
Tasks in Queue=1088612.000, Tasks Dropped=0.000
Evaluation average episode reward is 59.75881895781962.

Episode 435: Avg Net Energy=322.792, Avg CO2=86720.912, Water Usage=7639300.160
Tasks in Queue=139624.000, Tasks Dropped=0.000
Env sustaindc Task ca-discrete Algo happo Exp happo_baseline_ny_medium updates 440/3051 episodes, total num timesteps 3604480/25000000, FPS 316.
Average step reward is 0.2971336245536804.
Some episodes done, average episode reward is 180.6428522514854.

Episode 440: Avg Net Energy=333.151, Avg CO2=73114.295, Water Usage=10633211.968
Tasks in Queue=1061266.000, Tasks Dropped=0.000
Evaluation average episode reward is 271.21756968923165.

Episode 440: Avg Net Energy=321.100, Avg CO2=82775.669, Water Usage=7780526.341
Tasks in Queue=122089.000, Tasks Dropped=0.000
Env sustaindc Task ca-discrete Algo happo Exp happo_baseline_ny_medium updates 445/3051 episodes, total num timesteps 3645440/25000000, FPS 316.
Average step reward is 0.23135192692279816.
Some episodes done, average episode reward is 200.00016380644695.

Episode 445: Avg Net Energy=335.935, Avg CO2=78803.356, Water Usage=10867007.712
Tasks in Queue=1035569.000, Tasks Dropped=0.000
Evaluation average episode reward is 195.94612249450222.

Episode 445: Avg Net Energy=322.228, Avg CO2=78632.598, Water Usage=7729241.967
Tasks in Queue=46316.000, Tasks Dropped=0.000
Env sustaindc Task ca-discrete Algo happo Exp happo_baseline_ny_medium updates 450/3051 episodes, total num timesteps 3686400/25000000, FPS 315.
Average step reward is 0.23792558908462524.
Some episodes done, average episode reward is 247.76359522382805.

Episode 450: Avg Net Energy=332.333, Avg CO2=89983.097, Water Usage=10783008.468
Tasks in Queue=1044316.000, Tasks Dropped=0.000
Evaluation average episode reward is 121.45706867277976.

Episode 450: Avg Net Energy=323.826, Avg CO2=80279.158, Water Usage=7687338.177
Tasks in Queue=52729.000, Tasks Dropped=0.000
Env sustaindc Task ca-discrete Algo happo Exp happo_baseline_ny_medium updates 455/3051 episodes, total num timesteps 3727360/25000000, FPS 315.
Average step reward is 0.12854814529418945.
Some episodes done, average episode reward is 326.67003435009383.

Episode 455: Avg Net Energy=336.781, Avg CO2=91072.601, Water Usage=10834643.421
Tasks in Queue=1157957.000, Tasks Dropped=0.000
Evaluation average episode reward is 166.81039825804456.

Episode 455: Avg Net Energy=321.920, Avg CO2=81713.648, Water Usage=7823698.460
Tasks in Queue=82303.000, Tasks Dropped=0.000
Env sustaindc Task ca-discrete Algo happo Exp happo_baseline_ny_medium updates 460/3051 episodes, total num timesteps 3768320/25000000, FPS 315.
Average step reward is 0.23114338517189026.
Some episodes done, average episode reward is 166.32080202679845.

Episode 460: Avg Net Energy=333.881, Avg CO2=82917.901, Water Usage=10731630.479
Tasks in Queue=1161412.000, Tasks Dropped=0.000
Evaluation average episode reward is 409.02324216210155.

Episode 460: Avg Net Energy=318.661, Avg CO2=86342.162, Water Usage=7822810.068
Tasks in Queue=124821.000, Tasks Dropped=0.000
Env sustaindc Task ca-discrete Algo happo Exp happo_baseline_ny_medium updates 465/3051 episodes, total num timesteps 3809280/25000000, FPS 315.
Average step reward is 0.25202327966690063.
Some episodes done, average episode reward is 265.2072817950632.

Episode 465: Avg Net Energy=334.375, Avg CO2=72743.838, Water Usage=10620726.247
Tasks in Queue=999659.000, Tasks Dropped=0.000
Evaluation average episode reward is 128.88001252600222.

Episode 465: Avg Net Energy=323.852, Avg CO2=82768.260, Water Usage=7789026.416
Tasks in Queue=113953.000, Tasks Dropped=0.000
Env sustaindc Task ca-discrete Algo happo Exp happo_baseline_ny_medium updates 470/3051 episodes, total num timesteps 3850240/25000000, FPS 315.
Average step reward is 0.23700058460235596.
Some episodes done, average episode reward is 216.74375234096073.

Episode 470: Avg Net Energy=332.567, Avg CO2=85030.488, Water Usage=10795824.285
Tasks in Queue=1153246.000, Tasks Dropped=0.000
Evaluation average episode reward is 230.25591115139125.

Episode 470: Avg Net Energy=320.614, Avg CO2=82448.600, Water Usage=7697204.470
Tasks in Queue=182806.000, Tasks Dropped=0.000
Env sustaindc Task ca-discrete Algo happo Exp happo_baseline_ny_medium updates 475/3051 episodes, total num timesteps 3891200/25000000, FPS 314.
Average step reward is 0.26023125648498535.
Some episodes done, average episode reward is 227.53307010642033.

Episode 475: Avg Net Energy=330.184, Avg CO2=88441.811, Water Usage=10769028.593
Tasks in Queue=1048180.000, Tasks Dropped=0.000
Evaluation average episode reward is 54.36318231078763.

Episode 475: Avg Net Energy=322.551, Avg CO2=82624.043, Water Usage=7742027.215
Tasks in Queue=48329.000, Tasks Dropped=0.000
Env sustaindc Task ca-discrete Algo happo Exp happo_baseline_ny_medium updates 480/3051 episodes, total num timesteps 3932160/25000000, FPS 314.
Average step reward is 0.1590110957622528.
Some episodes done, average episode reward is 324.2298940067405.

Episode 480: Avg Net Energy=335.124, Avg CO2=87244.000, Water Usage=10986112.526
Tasks in Queue=1123949.000, Tasks Dropped=0.000
Evaluation average episode reward is 214.5725240233453.

Episode 480: Avg Net Energy=321.569, Avg CO2=78176.255, Water Usage=7551751.922
Tasks in Queue=63056.000, Tasks Dropped=0.000
Env sustaindc Task ca-discrete Algo happo Exp happo_baseline_ny_medium updates 485/3051 episodes, total num timesteps 3973120/25000000, FPS 314.
Average step reward is 0.24319957196712494.
Some episodes done, average episode reward is 280.0046287848043.

Episode 485: Avg Net Energy=334.019, Avg CO2=72392.629, Water Usage=10827917.011
Tasks in Queue=953816.000, Tasks Dropped=0.000
Evaluation average episode reward is 328.9352713848519.

Episode 485: Avg Net Energy=320.641, Avg CO2=80524.445, Water Usage=7861060.295
Tasks in Queue=34460.000, Tasks Dropped=0.000
Env sustaindc Task ca-discrete Algo happo Exp happo_baseline_ny_medium updates 490/3051 episodes, total num timesteps 4014080/25000000, FPS 314.
Average step reward is 0.32341617345809937.
Some episodes done, average episode reward is 291.42451875645844.

Episode 490: Avg Net Energy=330.961, Avg CO2=79710.084, Water Usage=10686103.317
Tasks in Queue=796708.000, Tasks Dropped=0.000
Evaluation average episode reward is 162.5573209457768.

Episode 490: Avg Net Energy=322.711, Avg CO2=79310.221, Water Usage=7681247.847
Tasks in Queue=25659.000, Tasks Dropped=0.000
Env sustaindc Task ca-discrete Algo happo Exp happo_baseline_ny_medium updates 495/3051 episodes, total num timesteps 4055040/25000000, FPS 314.
Average step reward is 0.06332691013813019.
Some episodes done, average episode reward is 169.07845465964832.

Episode 495: Avg Net Energy=337.549, Avg CO2=91150.346, Water Usage=10937958.829
Tasks in Queue=1023674.000, Tasks Dropped=0.000
Evaluation average episode reward is 126.8296856189924.

Episode 495: Avg Net Energy=322.880, Avg CO2=78052.602, Water Usage=7777948.406
Tasks in Queue=97194.000, Tasks Dropped=0.000
Env sustaindc Task ca-discrete Algo happo Exp happo_baseline_ny_medium updates 500/3051 episodes, total num timesteps 4096000/25000000, FPS 314.
Average step reward is 0.23192666471004486.
Some episodes done, average episode reward is 366.8735057454836.

Episode 500: Avg Net Energy=331.300, Avg CO2=89121.398, Water Usage=10880227.138
Tasks in Queue=1023840.000, Tasks Dropped=0.000
Evaluation average episode reward is 383.5027544909985.

Episode 500: Avg Net Energy=319.273, Avg CO2=83190.875, Water Usage=7656438.127
Tasks in Queue=108789.000, Tasks Dropped=0.000
Env sustaindc Task ca-discrete Algo happo Exp happo_baseline_ny_medium updates 505/3051 episodes, total num timesteps 4136960/25000000, FPS 314.
Average step reward is 0.16374453902244568.
Some episodes done, average episode reward is 210.33612380994444.

Episode 505: Avg Net Energy=336.690, Avg CO2=83844.283, Water Usage=10892127.926
Tasks in Queue=1138806.000, Tasks Dropped=0.000
Evaluation average episode reward is -49.018711852178434.

Episode 505: Avg Net Energy=325.019, Avg CO2=81795.442, Water Usage=7741320.921
Tasks in Queue=108037.000, Tasks Dropped=0.000
Env sustaindc Task ca-discrete Algo happo Exp happo_baseline_ny_medium updates 510/3051 episodes, total num timesteps 4177920/25000000, FPS 314.
Average step reward is 0.30597415566444397.
Some episodes done, average episode reward is 262.66055976821383.

Episode 510: Avg Net Energy=331.061, Avg CO2=72785.918, Water Usage=10735625.840
Tasks in Queue=1162476.000, Tasks Dropped=0.000
Evaluation average episode reward is 141.55517836476113.

Episode 510: Avg Net Energy=323.776, Avg CO2=80300.072, Water Usage=7743704.455
Tasks in Queue=68789.000, Tasks Dropped=0.000
Env sustaindc Task ca-discrete Algo happo Exp happo_baseline_ny_medium updates 515/3051 episodes, total num timesteps 4218880/25000000, FPS 314.
Average step reward is 0.22333508729934692.
Some episodes done, average episode reward is 252.25902254317054.

Episode 515: Avg Net Energy=331.066, Avg CO2=84435.338, Water Usage=10722320.312
Tasks in Queue=1153918.000, Tasks Dropped=0.000
Evaluation average episode reward is 296.54529195023156.

Episode 515: Avg Net Energy=321.365, Avg CO2=77653.604, Water Usage=7710473.227
Tasks in Queue=54410.000, Tasks Dropped=0.000
Env sustaindc Task ca-discrete Algo happo Exp happo_baseline_ny_medium updates 520/3051 episodes, total num timesteps 4259840/25000000, FPS 314.
Average step reward is 0.15778328478336334.
Some episodes done, average episode reward is 254.98429919435745.

Episode 520: Avg Net Energy=334.223, Avg CO2=89755.673, Water Usage=10906859.414
Tasks in Queue=1138099.000, Tasks Dropped=0.000
Evaluation average episode reward is 192.98134769618994.

Episode 520: Avg Net Energy=324.058, Avg CO2=80496.262, Water Usage=7790099.276
Tasks in Queue=24265.000, Tasks Dropped=0.000
Env sustaindc Task ca-discrete Algo happo Exp happo_baseline_ny_medium updates 525/3051 episodes, total num timesteps 4300800/25000000, FPS 314.
Average step reward is 0.27004474401474.
Some episodes done, average episode reward is 283.48979270527764.

Episode 525: Avg Net Energy=329.422, Avg CO2=86695.326, Water Usage=10766869.489
Tasks in Queue=1115343.000, Tasks Dropped=0.000
Evaluation average episode reward is 129.05772814493386.

Episode 525: Avg Net Energy=323.143, Avg CO2=78454.616, Water Usage=7764520.725
Tasks in Queue=53583.000, Tasks Dropped=0.000
Env sustaindc Task ca-discrete Algo happo Exp happo_baseline_ny_medium updates 530/3051 episodes, total num timesteps 4341760/25000000, FPS 314.
Average step reward is 0.20558694005012512.
Some episodes done, average episode reward is 226.798255866523.

Episode 530: Avg Net Energy=333.654, Avg CO2=80758.206, Water Usage=10865412.847
Tasks in Queue=1106571.000, Tasks Dropped=0.000
Evaluation average episode reward is 230.23428103635376.

Episode 530: Avg Net Energy=322.082, Avg CO2=81811.040, Water Usage=7704004.948
Tasks in Queue=0.000, Tasks Dropped=0.000
Env sustaindc Task ca-discrete Algo happo Exp happo_baseline_ny_medium updates 535/3051 episodes, total num timesteps 4382720/25000000, FPS 314.
Average step reward is 0.2628706991672516.
Some episodes done, average episode reward is 286.3652518452362.

Episode 535: Avg Net Energy=333.021, Avg CO2=80038.886, Water Usage=10838144.324
Tasks in Queue=1137843.000, Tasks Dropped=0.000
Evaluation average episode reward is 301.61446111271425.

Episode 535: Avg Net Energy=321.504, Avg CO2=78806.395, Water Usage=7732136.007
Tasks in Queue=7804.000, Tasks Dropped=0.000
Env sustaindc Task ca-discrete Algo happo Exp happo_baseline_ny_medium updates 540/3051 episodes, total num timesteps 4423680/25000000, FPS 314.
Average step reward is 0.22282221913337708.
Some episodes done, average episode reward is 258.11929313463986.

Episode 540: Avg Net Energy=328.982, Avg CO2=89997.254, Water Usage=10799748.829
Tasks in Queue=1161409.000, Tasks Dropped=0.000
Evaluation average episode reward is 76.71754719641199.

Episode 540: Avg Net Energy=323.574, Avg CO2=78872.423, Water Usage=7674017.758
Tasks in Queue=6167.000, Tasks Dropped=0.000
Env sustaindc Task ca-discrete Algo happo Exp happo_baseline_ny_medium updates 545/3051 episodes, total num timesteps 4464640/25000000, FPS 314.
Average step reward is 0.14783446490764618.
Some episodes done, average episode reward is 59.19177859788191.

Episode 545: Avg Net Energy=333.371, Avg CO2=88880.844, Water Usage=10953031.356
Tasks in Queue=1293200.000, Tasks Dropped=0.000
Evaluation average episode reward is 64.50690007735851.

Episode 545: Avg Net Energy=323.694, Avg CO2=82355.005, Water Usage=7687844.228
Tasks in Queue=77979.000, Tasks Dropped=0.000
Env sustaindc Task ca-discrete Algo happo Exp happo_baseline_ny_medium updates 550/3051 episodes, total num timesteps 4505600/25000000, FPS 314.
Average step reward is 0.2458532154560089.
Some episodes done, average episode reward is 254.5268205185265.

Episode 550: Avg Net Energy=332.410, Avg CO2=82002.173, Water Usage=10798884.885
Tasks in Queue=1167614.000, Tasks Dropped=0.000
Evaluation average episode reward is 441.5051730074065.

Episode 550: Avg Net Energy=319.113, Avg CO2=82061.544, Water Usage=7696430.425
Tasks in Queue=65616.000, Tasks Dropped=0.000
Env sustaindc Task ca-discrete Algo happo Exp happo_baseline_ny_medium updates 555/3051 episodes, total num timesteps 4546560/25000000, FPS 314.
Average step reward is 0.21866416931152344.
Some episodes done, average episode reward is 284.87399285634586.

Episode 555: Avg Net Energy=334.489, Avg CO2=76393.597, Water Usage=10863927.684
Tasks in Queue=1175394.000, Tasks Dropped=0.000
Evaluation average episode reward is 498.93120584504595.

Episode 555: Avg Net Energy=317.949, Avg CO2=78306.374, Water Usage=7827178.459
Tasks in Queue=153183.000, Tasks Dropped=0.000
We are saving model weights at episode 555 with average episode reward 498.93120584504595

Env sustaindc Task ca-discrete Algo happo Exp happo_baseline_ny_medium updates 560/3051 episodes, total num timesteps 4587520/25000000, FPS 314.
Average step reward is 0.1472412496805191.
Some episodes done, average episode reward is 224.91651184472494.

Episode 560: Avg Net Energy=335.403, Avg CO2=86094.070, Water Usage=10928305.070
Tasks in Queue=1127377.000, Tasks Dropped=0.000
Evaluation average episode reward is 69.49766017391559.

Episode 560: Avg Net Energy=321.949, Avg CO2=82913.777, Water Usage=7668883.843
Tasks in Queue=181755.000, Tasks Dropped=0.000
Env sustaindc Task ca-discrete Algo happo Exp happo_baseline_ny_medium updates 565/3051 episodes, total num timesteps 4628480/25000000, FPS 314.
Average step reward is 0.15995019674301147.
Some episodes done, average episode reward is 263.2847183674594.

Episode 565: Avg Net Energy=333.001, Avg CO2=90861.467, Water Usage=10971279.999
Tasks in Queue=1235316.000, Tasks Dropped=0.000
Evaluation average episode reward is 166.63450542824236.

Episode 565: Avg Net Energy=320.120, Avg CO2=78268.303, Water Usage=7691404.001
Tasks in Queue=495268.000, Tasks Dropped=0.000
Env sustaindc Task ca-discrete Algo happo Exp happo_baseline_ny_medium updates 570/3051 episodes, total num timesteps 4669440/25000000, FPS 314.
Average step reward is 0.20539438724517822.
Some episodes done, average episode reward is 227.9573075628908.

Episode 570: Avg Net Energy=330.818, Avg CO2=86441.343, Water Usage=10829109.639
Tasks in Queue=1369573.000, Tasks Dropped=0.000
Evaluation average episode reward is 106.84181325509765.

Episode 570: Avg Net Energy=321.068, Avg CO2=78633.618, Water Usage=7734098.989
Tasks in Queue=433899.000, Tasks Dropped=0.000
Env sustaindc Task ca-discrete Algo happo Exp happo_baseline_ny_medium updates 575/3051 episodes, total num timesteps 4710400/25000000, FPS 314.
Average step reward is 0.24371445178985596.
Some episodes done, average episode reward is 159.94801982241563.

Episode 575: Avg Net Energy=334.604, Avg CO2=75528.029, Water Usage=10750584.099
Tasks in Queue=1168404.000, Tasks Dropped=0.000
Evaluation average episode reward is 175.8182374842469.

Episode 575: Avg Net Energy=321.231, Avg CO2=80353.701, Water Usage=7815900.235
Tasks in Queue=466160.000, Tasks Dropped=0.000
Env sustaindc Task ca-discrete Algo happo Exp happo_baseline_ny_medium updates 580/3051 episodes, total num timesteps 4751360/25000000, FPS 314.
Average step reward is 0.2814056873321533.
Some episodes done, average episode reward is 238.19039671363316.

Episode 580: Avg Net Energy=331.464, Avg CO2=76611.220, Water Usage=10725055.544
Tasks in Queue=1242467.000, Tasks Dropped=0.000
Evaluation average episode reward is 245.3418094753562.

Episode 580: Avg Net Energy=319.209, Avg CO2=82625.007, Water Usage=7747257.123
Tasks in Queue=624388.000, Tasks Dropped=0.000
Env sustaindc Task ca-discrete Algo happo Exp happo_baseline_ny_medium updates 585/3051 episodes, total num timesteps 4792320/25000000, FPS 314.
Average step reward is 0.29520782828330994.
Some episodes done, average episode reward is 342.27810155747426.

Episode 585: Avg Net Energy=329.369, Avg CO2=92716.848, Water Usage=10895106.460
Tasks in Queue=1282094.000, Tasks Dropped=0.000
Evaluation average episode reward is 151.1236290021509.

Episode 585: Avg Net Energy=319.212, Avg CO2=86393.529, Water Usage=7766259.225
Tasks in Queue=640125.000, Tasks Dropped=0.000
Env sustaindc Task ca-discrete Algo happo Exp happo_baseline_ny_medium updates 590/3051 episodes, total num timesteps 4833280/25000000, FPS 314.
Average step reward is 0.10161858797073364.
Some episodes done, average episode reward is 364.19930182707503.

Episode 590: Avg Net Energy=334.697, Avg CO2=89079.129, Water Usage=10811845.806
Tasks in Queue=1304847.000, Tasks Dropped=0.000
Evaluation average episode reward is 100.13029345843694.

Episode 590: Avg Net Energy=320.390, Avg CO2=83146.180, Water Usage=7756711.077
Tasks in Queue=656990.000, Tasks Dropped=0.000
Env sustaindc Task ca-discrete Algo happo Exp happo_baseline_ny_medium updates 595/3051 episodes, total num timesteps 4874240/25000000, FPS 314.
Average step reward is 0.24660785496234894.
Some episodes done, average episode reward is 115.20281374858244.

Episode 595: Avg Net Energy=331.411, Avg CO2=83836.023, Water Usage=10903806.518
Tasks in Queue=1370613.000, Tasks Dropped=0.000
Evaluation average episode reward is 287.6835486373144.

Episode 595: Avg Net Energy=318.849, Avg CO2=83451.261, Water Usage=7723606.083
Tasks in Queue=490779.000, Tasks Dropped=0.000
Env sustaindc Task ca-discrete Algo happo Exp happo_baseline_ny_medium updates 600/3051 episodes, total num timesteps 4915200/25000000, FPS 313.
Average step reward is 0.2522580623626709.
Some episodes done, average episode reward is 358.0280714587557.

Episode 600: Avg Net Energy=333.369, Avg CO2=72729.301, Water Usage=10832849.294
Tasks in Queue=1149816.000, Tasks Dropped=0.000
Evaluation average episode reward is 125.80215568716119.

Episode 600: Avg Net Energy=321.181, Avg CO2=79345.288, Water Usage=7686079.113
Tasks in Queue=194573.000, Tasks Dropped=0.000
Env sustaindc Task ca-discrete Algo happo Exp happo_baseline_ny_medium updates 605/3051 episodes, total num timesteps 4956160/25000000, FPS 313.
Average step reward is 0.23049402236938477.
Some episodes done, average episode reward is 240.87054945546254.

Episode 605: Avg Net Energy=329.346, Avg CO2=87604.390, Water Usage=10819906.603
Tasks in Queue=1170466.000, Tasks Dropped=0.000
Evaluation average episode reward is 181.71501344318827.

Episode 605: Avg Net Energy=322.018, Avg CO2=81398.586, Water Usage=7723090.714
Tasks in Queue=294798.000, Tasks Dropped=0.000
Env sustaindc Task ca-discrete Algo happo Exp happo_baseline_ny_medium updates 610/3051 episodes, total num timesteps 4997120/25000000, FPS 313.
Average step reward is 0.23057210445404053.
Some episodes done, average episode reward is 159.43047374936782.

Episode 610: Avg Net Energy=330.647, Avg CO2=90920.763, Water Usage=10926517.686
Tasks in Queue=1245165.000, Tasks Dropped=0.000
Evaluation average episode reward is 237.56090798544005.

Episode 610: Avg Net Energy=319.551, Avg CO2=77424.279, Water Usage=7820564.416
Tasks in Queue=259504.000, Tasks Dropped=0.000
Env sustaindc Task ca-discrete Algo happo Exp happo_baseline_ny_medium updates 615/3051 episodes, total num timesteps 5038080/25000000, FPS 313.
Average step reward is 0.19687917828559875.
Some episodes done, average episode reward is 155.4016530106703.

Episode 615: Avg Net Energy=332.188, Avg CO2=86713.990, Water Usage=10881892.778
Tasks in Queue=1303215.000, Tasks Dropped=0.000
Evaluation average episode reward is 341.58660278907706.

Episode 615: Avg Net Energy=319.424, Avg CO2=79271.675, Water Usage=7652265.616
Tasks in Queue=533296.000, Tasks Dropped=0.000
Env sustaindc Task ca-discrete Algo happo Exp happo_baseline_ny_medium updates 620/3051 episodes, total num timesteps 5079040/25000000, FPS 313.
Average step reward is 0.19331848621368408.
Some episodes done, average episode reward is 254.8257723691366.

Episode 620: Avg Net Energy=336.172, Avg CO2=75488.156, Water Usage=10942189.499
Tasks in Queue=1211744.000, Tasks Dropped=0.000
Evaluation average episode reward is 130.9074929921073.

Episode 620: Avg Net Energy=321.967, Avg CO2=81248.655, Water Usage=7699885.759
Tasks in Queue=401070.000, Tasks Dropped=0.000
Env sustaindc Task ca-discrete Algo happo Exp happo_baseline_ny_medium updates 625/3051 episodes, total num timesteps 5120000/25000000, FPS 313.
Average step reward is 0.2559680938720703.
Some episodes done, average episode reward is 315.31309850919934.

Episode 625: Avg Net Energy=330.428, Avg CO2=78635.794, Water Usage=10779888.041
Tasks in Queue=1183813.000, Tasks Dropped=0.000
Evaluation average episode reward is 338.39194170012945.

Episode 625: Avg Net Energy=319.451, Avg CO2=79109.359, Water Usage=7860701.643
Tasks in Queue=494362.000, Tasks Dropped=0.000
Env sustaindc Task ca-discrete Algo happo Exp happo_baseline_ny_medium updates 630/3051 episodes, total num timesteps 5160960/25000000, FPS 313.
Average step reward is 0.2987064719200134.
Some episodes done, average episode reward is 204.62188810770357.

Episode 630: Avg Net Energy=326.561, Avg CO2=87626.057, Water Usage=10684444.234
Tasks in Queue=1149107.000, Tasks Dropped=0.000
Evaluation average episode reward is 272.5865434265211.

Episode 630: Avg Net Energy=319.660, Avg CO2=78160.627, Water Usage=7607308.749
Tasks in Queue=430967.000, Tasks Dropped=0.000
Env sustaindc Task ca-discrete Algo happo Exp happo_baseline_ny_medium updates 635/3051 episodes, total num timesteps 5201920/25000000, FPS 313.
Average step reward is 0.27934953570365906.
Some episodes done, average episode reward is 213.85836740920374.

Episode 635: Avg Net Energy=328.012, Avg CO2=87263.565, Water Usage=10807545.863
Tasks in Queue=1235317.000, Tasks Dropped=0.000
Evaluation average episode reward is 97.75879284033307.

Episode 635: Avg Net Energy=320.231, Avg CO2=85517.749, Water Usage=7836816.209
Tasks in Queue=637665.000, Tasks Dropped=0.000
Env sustaindc Task ca-discrete Algo happo Exp happo_baseline_ny_medium updates 640/3051 episodes, total num timesteps 5242880/25000000, FPS 313.
Average step reward is 0.2024325281381607.
Some episodes done, average episode reward is 266.150081213509.

Episode 640: Avg Net Energy=333.458, Avg CO2=85097.279, Water Usage=10902117.474
Tasks in Queue=1216386.000, Tasks Dropped=0.000
Evaluation average episode reward is 112.42348018909915.

Episode 640: Avg Net Energy=320.889, Avg CO2=84482.970, Water Usage=7751828.883
Tasks in Queue=744416.000, Tasks Dropped=0.000
Env sustaindc Task ca-discrete Algo happo Exp happo_baseline_ny_medium updates 645/3051 episodes, total num timesteps 5283840/25000000, FPS 313.
Average step reward is 0.36947548389434814.
Some episodes done, average episode reward is 231.33883295248063.

Episode 645: Avg Net Energy=327.690, Avg CO2=73701.654, Water Usage=10612076.589
Tasks in Queue=1112754.000, Tasks Dropped=0.000
Evaluation average episode reward is -37.17605599527616.

Episode 645: Avg Net Energy=323.489, Avg CO2=83770.655, Water Usage=7738967.290
Tasks in Queue=681281.000, Tasks Dropped=0.000
Env sustaindc Task ca-discrete Algo happo Exp happo_baseline_ny_medium updates 650/3051 episodes, total num timesteps 5324800/25000000, FPS 313.
Average step reward is 0.28192850947380066.
Some episodes done, average episode reward is 281.5631558119741.

Episode 650: Avg Net Energy=329.426, Avg CO2=83243.723, Water Usage=10671477.648
Tasks in Queue=1208433.000, Tasks Dropped=0.000
Evaluation average episode reward is -45.06741348159187.

Episode 650: Avg Net Energy=323.995, Avg CO2=82242.423, Water Usage=7778028.942
Tasks in Queue=695274.000, Tasks Dropped=0.000
Env sustaindc Task ca-discrete Algo happo Exp happo_baseline_ny_medium updates 655/3051 episodes, total num timesteps 5365760/25000000, FPS 313.
Average step reward is 0.22245323657989502.
Some episodes done, average episode reward is 248.50609313740142.

Episode 655: Avg Net Energy=330.956, Avg CO2=88620.879, Water Usage=10767574.270
Tasks in Queue=1308234.000, Tasks Dropped=0.000
Evaluation average episode reward is 176.74233715718586.

Episode 655: Avg Net Energy=322.695, Avg CO2=77930.856, Water Usage=7738983.240
Tasks in Queue=624684.000, Tasks Dropped=0.000
Env sustaindc Task ca-discrete Algo happo Exp happo_baseline_ny_medium updates 660/3051 episodes, total num timesteps 5406720/25000000, FPS 313.
Average step reward is 0.18475982546806335.
Some episodes done, average episode reward is 312.18807952272346.

Episode 660: Avg Net Energy=332.665, Avg CO2=87760.106, Water Usage=10735219.384
Tasks in Queue=1274009.000, Tasks Dropped=0.000
Evaluation average episode reward is -13.43405194205213.

Episode 660: Avg Net Energy=324.998, Avg CO2=82733.617, Water Usage=7678560.335
Tasks in Queue=896077.000, Tasks Dropped=0.000
Env sustaindc Task ca-discrete Algo happo Exp happo_baseline_ny_medium updates 665/3051 episodes, total num timesteps 5447680/25000000, FPS 313.
Average step reward is 0.15678060054779053.
Some episodes done, average episode reward is 168.14839957535597.

Episode 665: Avg Net Energy=337.689, Avg CO2=82555.865, Water Usage=10867735.741
Tasks in Queue=1324771.000, Tasks Dropped=0.000
Evaluation average episode reward is 284.0438630558142.

Episode 665: Avg Net Energy=321.137, Avg CO2=86108.516, Water Usage=7722237.979
Tasks in Queue=761692.000, Tasks Dropped=0.000
Env sustaindc Task ca-discrete Algo happo Exp happo_baseline_ny_medium updates 670/3051 episodes, total num timesteps 5488640/25000000, FPS 313.
Average step reward is 0.17526701092720032.
Some episodes done, average episode reward is 281.988572716382.

Episode 670: Avg Net Energy=335.863, Avg CO2=79465.982, Water Usage=10842685.911
Tasks in Queue=1172187.000, Tasks Dropped=0.000
Evaluation average episode reward is 404.5492144553995.

Episode 670: Avg Net Energy=319.980, Avg CO2=79689.097, Water Usage=7720729.973
Tasks in Queue=415177.000, Tasks Dropped=0.000
Env sustaindc Task ca-discrete Algo happo Exp happo_baseline_ny_medium updates 675/3051 episodes, total num timesteps 5529600/25000000, FPS 314.
Average step reward is 0.18907392024993896.
Some episodes done, average episode reward is 229.32352537564708.

Episode 675: Avg Net Energy=332.490, Avg CO2=90378.733, Water Usage=10797160.922
Tasks in Queue=1244789.000, Tasks Dropped=0.000
Evaluation average episode reward is -129.8747251368445.

Episode 675: Avg Net Energy=325.608, Avg CO2=78962.638, Water Usage=7619306.500
Tasks in Queue=421547.000, Tasks Dropped=0.000
Env sustaindc Task ca-discrete Algo happo Exp happo_baseline_ny_medium updates 680/3051 episodes, total num timesteps 5570560/25000000, FPS 314.
Average step reward is 0.17022249102592468.
Some episodes done, average episode reward is 355.3487433403838.

Episode 680: Avg Net Energy=331.889, Avg CO2=88836.345, Water Usage=10921443.491
Tasks in Queue=1345601.000, Tasks Dropped=0.000
Evaluation average episode reward is 227.22462728711412.

Episode 680: Avg Net Energy=322.065, Avg CO2=80275.019, Water Usage=7762305.754
Tasks in Queue=408098.000, Tasks Dropped=0.000
Env sustaindc Task ca-discrete Algo happo Exp happo_baseline_ny_medium updates 685/3051 episodes, total num timesteps 5611520/25000000, FPS 314.
Average step reward is 0.15091845393180847.
Some episodes done, average episode reward is 239.82206143835452.

Episode 685: Avg Net Energy=335.687, Avg CO2=81059.102, Water Usage=10859664.706
Tasks in Queue=1368108.000, Tasks Dropped=0.000
Evaluation average episode reward is 83.22827809270721.

Episode 685: Avg Net Energy=323.452, Avg CO2=78474.594, Water Usage=7749190.420
Tasks in Queue=569278.000, Tasks Dropped=0.000
Env sustaindc Task ca-discrete Algo happo Exp happo_baseline_ny_medium updates 690/3051 episodes, total num timesteps 5652480/25000000, FPS 314.
Average step reward is 0.2353263795375824.
Some episodes done, average episode reward is 202.6136359692767.

Episode 690: Avg Net Energy=332.074, Avg CO2=73067.578, Water Usage=10806561.880
Tasks in Queue=1266394.000, Tasks Dropped=0.000
Evaluation average episode reward is 254.316801916878.

Episode 690: Avg Net Energy=322.179, Avg CO2=81010.864, Water Usage=7704502.816
Tasks in Queue=790983.000, Tasks Dropped=0.000
Env sustaindc Task ca-discrete Algo happo Exp happo_baseline_ny_medium updates 695/3051 episodes, total num timesteps 5693440/25000000, FPS 314.
Average step reward is 0.19060823321342468.
Some episodes done, average episode reward is 271.38080091932784.

Episode 695: Avg Net Energy=330.754, Avg CO2=82645.212, Water Usage=10827156.289
Tasks in Queue=1395945.000, Tasks Dropped=0.000
Evaluation average episode reward is 229.45887037023968.

Episode 695: Avg Net Energy=321.221, Avg CO2=81935.776, Water Usage=7628389.961
Tasks in Queue=850364.000, Tasks Dropped=0.000
Env sustaindc Task ca-discrete Algo happo Exp happo_baseline_ny_medium updates 700/3051 episodes, total num timesteps 5734400/25000000, FPS 314.
Average step reward is 0.09316568821668625.
Some episodes done, average episode reward is 324.6815179660051.

Episode 700: Avg Net Energy=335.142, Avg CO2=91719.156, Water Usage=10926570.998
Tasks in Queue=1491867.000, Tasks Dropped=0.000
Evaluation average episode reward is 381.51168088842087.

Episode 700: Avg Net Energy=320.129, Avg CO2=80453.525, Water Usage=7745919.372
Tasks in Queue=964679.000, Tasks Dropped=0.000
Env sustaindc Task ca-discrete Algo happo Exp happo_baseline_ny_medium updates 705/3051 episodes, total num timesteps 5775360/25000000, FPS 314.
Average step reward is 0.11976907402276993.
Some episodes done, average episode reward is 178.4686173395511.

Episode 705: Avg Net Energy=335.018, Avg CO2=88776.927, Water Usage=10725069.054
Tasks in Queue=1480749.000, Tasks Dropped=0.000
Evaluation average episode reward is 122.2905844011856.

Episode 705: Avg Net Energy=322.325, Avg CO2=85349.778, Water Usage=7703458.030
Tasks in Queue=923465.000, Tasks Dropped=0.000
Env sustaindc Task ca-discrete Algo happo Exp happo_baseline_ny_medium updates 710/3051 episodes, total num timesteps 5816320/25000000, FPS 314.
Average step reward is 0.19185644388198853.
Some episodes done, average episode reward is 167.3230073392184.

Episode 710: Avg Net Energy=336.779, Avg CO2=74508.730, Water Usage=10842993.133
Tasks in Queue=1415340.000, Tasks Dropped=0.000
Evaluation average episode reward is 155.56060341641862.

Episode 710: Avg Net Energy=320.725, Avg CO2=78115.567, Water Usage=7795568.649
Tasks in Queue=1090473.000, Tasks Dropped=0.000
Env sustaindc Task ca-discrete Algo happo Exp happo_baseline_ny_medium updates 715/3051 episodes, total num timesteps 5857280/25000000, FPS 314.
Average step reward is 0.23107188940048218.
Some episodes done, average episode reward is 231.8557654434308.

Episode 715: Avg Net Energy=335.562, Avg CO2=73889.201, Water Usage=10880361.104
Tasks in Queue=1422763.000, Tasks Dropped=0.000
Evaluation average episode reward is 142.57964378642578.

Episode 715: Avg Net Energy=321.596, Avg CO2=79117.543, Water Usage=7694949.047
Tasks in Queue=972687.000, Tasks Dropped=0.000
Env sustaindc Task ca-discrete Algo happo Exp happo_baseline_ny_medium updates 720/3051 episodes, total num timesteps 5898240/25000000, FPS 313.
Average step reward is 0.2677616477012634.
Some episodes done, average episode reward is 303.79165887198724.

Episode 720: Avg Net Energy=328.610, Avg CO2=90001.910, Water Usage=10959606.810
Tasks in Queue=1414084.000, Tasks Dropped=0.000
Evaluation average episode reward is 36.66627268596263.

Episode 720: Avg Net Energy=322.325, Avg CO2=81997.400, Water Usage=7784905.441
Tasks in Queue=713504.000, Tasks Dropped=0.000
Env sustaindc Task ca-discrete Algo happo Exp happo_baseline_ny_medium updates 725/3051 episodes, total num timesteps 5939200/25000000, FPS 313.
Average step reward is 0.0550634041428566.
Some episodes done, average episode reward is 367.1963440983113.

Episode 725: Avg Net Energy=335.663, Avg CO2=90227.867, Water Usage=11006656.151
Tasks in Queue=1519968.000, Tasks Dropped=0.000
Evaluation average episode reward is 141.27471950660353.

Episode 725: Avg Net Energy=322.919, Avg CO2=80412.165, Water Usage=7688460.143
Tasks in Queue=1065583.000, Tasks Dropped=0.000
Env sustaindc Task ca-discrete Algo happo Exp happo_baseline_ny_medium updates 730/3051 episodes, total num timesteps 5980160/25000000, FPS 313.
Average step reward is 0.24236662685871124.
Some episodes done, average episode reward is 223.18395166603727.

Episode 730: Avg Net Energy=330.778, Avg CO2=77425.171, Water Usage=10775754.534
Tasks in Queue=1334921.000, Tasks Dropped=0.000
Evaluation average episode reward is 108.17487750739463.

Episode 730: Avg Net Energy=322.932, Avg CO2=86326.107, Water Usage=7625233.822
Tasks in Queue=934192.000, Tasks Dropped=0.000
Env sustaindc Task ca-discrete Algo happo Exp happo_baseline_ny_medium updates 735/3051 episodes, total num timesteps 6021120/25000000, FPS 313.
Average step reward is 0.27991122007369995.
Some episodes done, average episode reward is 203.36165581113508.

Episode 735: Avg Net Energy=329.629, Avg CO2=70346.858, Water Usage=10705031.624
Tasks in Queue=1238491.000, Tasks Dropped=0.000
Evaluation average episode reward is 163.92030012626228.

Episode 735: Avg Net Energy=322.710, Avg CO2=79509.401, Water Usage=7630692.719
Tasks in Queue=971995.000, Tasks Dropped=0.000
Env sustaindc Task ca-discrete Algo happo Exp happo_baseline_ny_medium updates 740/3051 episodes, total num timesteps 6062080/25000000, FPS 313.
Average step reward is 0.17659065127372742.
Some episodes done, average episode reward is 253.70564286511228.

Episode 740: Avg Net Energy=332.683, Avg CO2=83153.957, Water Usage=10891924.745
Tasks in Queue=1448826.000, Tasks Dropped=0.000
Evaluation average episode reward is 381.4410269103368.

Episode 740: Avg Net Energy=319.809, Avg CO2=78532.689, Water Usage=7743176.783
Tasks in Queue=1187956.000, Tasks Dropped=0.000
Env sustaindc Task ca-discrete Algo happo Exp happo_baseline_ny_medium updates 745/3051 episodes, total num timesteps 6103040/25000000, FPS 313.
Average step reward is 0.04111506789922714.
Some episodes done, average episode reward is 227.34066322351867.

Episode 745: Avg Net Energy=337.604, Avg CO2=91685.956, Water Usage=11050319.178
Tasks in Queue=1493038.000, Tasks Dropped=0.000
Evaluation average episode reward is 225.99789117483454.

Episode 745: Avg Net Energy=320.248, Avg CO2=77865.068, Water Usage=7627526.302
Tasks in Queue=1035130.000, Tasks Dropped=0.000
Env sustaindc Task ca-discrete Algo happo Exp happo_baseline_ny_medium updates 750/3051 episodes, total num timesteps 6144000/25000000, FPS 313.
Average step reward is 0.23730479180812836.
Some episodes done, average episode reward is 253.82713286465324.

Episode 750: Avg Net Energy=329.924, Avg CO2=85356.536, Water Usage=10804969.047
Tasks in Queue=1455701.000, Tasks Dropped=0.000
Evaluation average episode reward is 223.82622303095067.

Episode 750: Avg Net Energy=320.712, Avg CO2=78932.379, Water Usage=7581872.854
Tasks in Queue=763654.000, Tasks Dropped=0.000
Env sustaindc Task ca-discrete Algo happo Exp happo_baseline_ny_medium updates 755/3051 episodes, total num timesteps 6184960/25000000, FPS 313.
Average step reward is 0.13261881470680237.
Some episodes done, average episode reward is 219.24574352556385.

Episode 755: Avg Net Energy=337.177, Avg CO2=79811.665, Water Usage=10937031.811
Tasks in Queue=1361789.000, Tasks Dropped=0.000
Evaluation average episode reward is 198.50158281376977.

Episode 755: Avg Net Energy=319.155, Avg CO2=82885.456, Water Usage=7648611.139
Tasks in Queue=947120.000, Tasks Dropped=0.000
Env sustaindc Task ca-discrete Algo happo Exp happo_baseline_ny_medium updates 760/3051 episodes, total num timesteps 6225920/25000000, FPS 313.
Average step reward is 0.1409616470336914.
Some episodes done, average episode reward is 231.0537783941619.

Episode 760: Avg Net Energy=337.853, Avg CO2=78361.469, Water Usage=10884805.462
Tasks in Queue=1355591.000, Tasks Dropped=0.000
Evaluation average episode reward is -71.06692159076069.

Episode 760: Avg Net Energy=322.340, Avg CO2=83204.146, Water Usage=7641514.612
Tasks in Queue=804260.000, Tasks Dropped=0.000
Env sustaindc Task ca-discrete Algo happo Exp happo_baseline_ny_medium updates 765/3051 episodes, total num timesteps 6266880/25000000, FPS 313.
Average step reward is 0.09516280889511108.
Some episodes done, average episode reward is 221.4654231051623.

Episode 765: Avg Net Energy=335.804, Avg CO2=91512.000, Water Usage=10993444.904
Tasks in Queue=1427227.000, Tasks Dropped=0.000
Evaluation average episode reward is -58.284704004771335.

Episode 765: Avg Net Energy=324.266, Avg CO2=81354.758, Water Usage=7799139.262
Tasks in Queue=944610.000, Tasks Dropped=0.000
Env sustaindc Task ca-discrete Algo happo Exp happo_baseline_ny_medium updates 770/3051 episodes, total num timesteps 6307840/25000000, FPS 313.
Average step reward is 0.2532117962837219.
Some episodes done, average episode reward is 257.4106391810267.

Episode 770: Avg Net Energy=329.626, Avg CO2=89211.734, Water Usage=10877631.107
Tasks in Queue=1379926.000, Tasks Dropped=0.000
Evaluation average episode reward is 37.186118247484536.

Episode 770: Avg Net Energy=324.122, Avg CO2=78426.879, Water Usage=7721853.986
Tasks in Queue=1072525.000, Tasks Dropped=0.000
Env sustaindc Task ca-discrete Algo happo Exp happo_baseline_ny_medium updates 775/3051 episodes, total num timesteps 6348800/25000000, FPS 312.
Average step reward is 0.3094141483306885.
Some episodes done, average episode reward is 223.03013265149588.

Episode 775: Avg Net Energy=328.334, Avg CO2=84904.039, Water Usage=10848474.169
Tasks in Queue=1392176.000, Tasks Dropped=0.000
Evaluation average episode reward is 329.3792345661114.

Episode 775: Avg Net Energy=321.606, Avg CO2=79634.830, Water Usage=7677369.116
Tasks in Queue=1170613.000, Tasks Dropped=0.000
Env sustaindc Task ca-discrete Algo happo Exp happo_baseline_ny_medium updates 780/3051 episodes, total num timesteps 6389760/25000000, FPS 312.
Average step reward is 0.2113933265209198.
Some episodes done, average episode reward is 341.3992699090737.

Episode 780: Avg Net Energy=333.322, Avg CO2=79728.536, Water Usage=10713087.416
Tasks in Queue=1432025.000, Tasks Dropped=0.000
Evaluation average episode reward is 162.94065458081278.

Episode 780: Avg Net Energy=323.010, Avg CO2=84727.980, Water Usage=7701052.134
Tasks in Queue=1208452.000, Tasks Dropped=0.000
Env sustaindc Task ca-discrete Algo happo Exp happo_baseline_ny_medium updates 785/3051 episodes, total num timesteps 6430720/25000000, FPS 312.
Average step reward is 0.22311224043369293.
Some episodes done, average episode reward is 183.16145648019642.

Episode 785: Avg Net Energy=327.988, Avg CO2=86164.972, Water Usage=10802634.278
Tasks in Queue=1541041.000, Tasks Dropped=0.000
Evaluation average episode reward is 100.2767979929004.

Episode 785: Avg Net Energy=322.305, Avg CO2=82333.878, Water Usage=7816008.340
Tasks in Queue=1347008.000, Tasks Dropped=0.000
Env sustaindc Task ca-discrete Algo happo Exp happo_baseline_ny_medium updates 790/3051 episodes, total num timesteps 6471680/25000000, FPS 312.
Average step reward is 0.12154170870780945.
Some episodes done, average episode reward is 216.28752031428962.

Episode 790: Avg Net Energy=333.181, Avg CO2=89481.778, Water Usage=10821594.298
Tasks in Queue=1482646.000, Tasks Dropped=0.000
Evaluation average episode reward is 282.611535346944.

Episode 790: Avg Net Energy=320.395, Avg CO2=78335.851, Water Usage=7715018.695
Tasks in Queue=1032737.000, Tasks Dropped=0.000
Env sustaindc Task ca-discrete Algo happo Exp happo_baseline_ny_medium updates 795/3051 episodes, total num timesteps 6512640/25000000, FPS 312.
Average step reward is 0.048525936901569366.
Some episodes done, average episode reward is 199.18306628914925.

Episode 795: Avg Net Energy=336.210, Avg CO2=90278.338, Water Usage=10879645.961
Tasks in Queue=1575808.000, Tasks Dropped=0.000
Evaluation average episode reward is 178.14869710600382.

Episode 795: Avg Net Energy=320.353, Avg CO2=82245.739, Water Usage=7749247.161
Tasks in Queue=1258678.000, Tasks Dropped=0.000
Env sustaindc Task ca-discrete Algo happo Exp happo_baseline_ny_medium updates 800/3051 episodes, total num timesteps 6553600/25000000, FPS 312.
Average step reward is 0.13435153663158417.
Some episodes done, average episode reward is 130.3718560596123.

Episode 800: Avg Net Energy=336.519, Avg CO2=85312.747, Water Usage=10827662.841
Tasks in Queue=1394845.000, Tasks Dropped=0.000
Evaluation average episode reward is 405.8509655280647.

Episode 800: Avg Net Energy=318.147, Avg CO2=78636.240, Water Usage=7720223.767
Tasks in Queue=931311.000, Tasks Dropped=0.000
Env sustaindc Task ca-discrete Algo happo Exp happo_baseline_ny_medium updates 805/3051 episodes, total num timesteps 6594560/25000000, FPS 312.
Average step reward is 0.19732990860939026.
Some episodes done, average episode reward is 178.12960823235574.

Episode 805: Avg Net Energy=335.106, Avg CO2=79262.359, Water Usage=10849683.344
Tasks in Queue=1359980.000, Tasks Dropped=0.000
Evaluation average episode reward is -154.94935785509574.

Episode 805: Avg Net Energy=324.371, Avg CO2=85243.959, Water Usage=7662790.228
Tasks in Queue=909838.000, Tasks Dropped=0.000
Env sustaindc Task ca-discrete Algo happo Exp happo_baseline_ny_medium updates 810/3051 episodes, total num timesteps 6635520/25000000, FPS 312.
Average step reward is 0.2522628903388977.
Some episodes done, average episode reward is 315.44942512504235.

Episode 810: Avg Net Energy=330.063, Avg CO2=90556.491, Water Usage=10857896.242
Tasks in Queue=1443009.000, Tasks Dropped=0.000
Evaluation average episode reward is -15.08016508826613.

Episode 810: Avg Net Energy=323.525, Avg CO2=80768.577, Water Usage=7854904.365
Tasks in Queue=868892.000, Tasks Dropped=0.000
Env sustaindc Task ca-discrete Algo happo Exp happo_baseline_ny_medium updates 815/3051 episodes, total num timesteps 6676480/25000000, FPS 312.
Average step reward is 0.18857969343662262.
Some episodes done, average episode reward is 289.5177536260392.

Episode 815: Avg Net Energy=332.176, Avg CO2=88269.075, Water Usage=10845147.509
Tasks in Queue=1260852.000, Tasks Dropped=0.000
Evaluation average episode reward is 308.8792547324512.

Episode 815: Avg Net Energy=320.173, Avg CO2=77318.917, Water Usage=7595976.921
Tasks in Queue=652344.000, Tasks Dropped=0.000
Env sustaindc Task ca-discrete Algo happo Exp happo_baseline_ny_medium updates 820/3051 episodes, total num timesteps 6717440/25000000, FPS 312.
Average step reward is 0.17693985998630524.
Some episodes done, average episode reward is 192.7021778656668.

Episode 820: Avg Net Energy=335.518, Avg CO2=84341.935, Water Usage=10898487.867
Tasks in Queue=1282572.000, Tasks Dropped=0.000
Evaluation average episode reward is 177.91869054918595.

Episode 820: Avg Net Energy=321.193, Avg CO2=86477.211, Water Usage=7693359.528
Tasks in Queue=671440.000, Tasks Dropped=0.000
Env sustaindc Task ca-discrete Algo happo Exp happo_baseline_ny_medium updates 825/3051 episodes, total num timesteps 6758400/25000000, FPS 312.
Average step reward is 0.3097083568572998.
Some episodes done, average episode reward is 271.55342761495643.

Episode 825: Avg Net Energy=331.321, Avg CO2=70517.218, Water Usage=10666672.216
Tasks in Queue=1201265.000, Tasks Dropped=0.000
Evaluation average episode reward is 156.3295002748367.

Episode 825: Avg Net Energy=321.113, Avg CO2=81230.998, Water Usage=7722380.952
Tasks in Queue=516499.000, Tasks Dropped=0.000
Env sustaindc Task ca-discrete Algo happo Exp happo_baseline_ny_medium updates 830/3051 episodes, total num timesteps 6799360/25000000, FPS 312.
Average step reward is 0.19894763827323914.
Some episodes done, average episode reward is 276.3355684134749.

Episode 830: Avg Net Energy=333.883, Avg CO2=85051.687, Water Usage=10939160.984
Tasks in Queue=1281147.000, Tasks Dropped=0.000
Evaluation average episode reward is 151.97040286732644.

Episode 830: Avg Net Energy=320.343, Avg CO2=82134.994, Water Usage=7711904.308
Tasks in Queue=610904.000, Tasks Dropped=0.000
Env sustaindc Task ca-discrete Algo happo Exp happo_baseline_ny_medium updates 835/3051 episodes, total num timesteps 6840320/25000000, FPS 312.
Average step reward is 0.12189620733261108.
Some episodes done, average episode reward is 193.69925747853364.

Episode 835: Avg Net Energy=334.768, Avg CO2=90014.016, Water Usage=10832186.873
Tasks in Queue=1358973.000, Tasks Dropped=0.000
Evaluation average episode reward is 207.44947296512066.

Episode 835: Avg Net Energy=320.696, Avg CO2=79112.215, Water Usage=7833886.489
Tasks in Queue=872228.000, Tasks Dropped=0.000
Env sustaindc Task ca-discrete Algo happo Exp happo_baseline_ny_medium updates 840/3051 episodes, total num timesteps 6881280/25000000, FPS 312.
Average step reward is 0.24262413382530212.
Some episodes done, average episode reward is 257.7881595039367.

Episode 840: Avg Net Energy=331.402, Avg CO2=87994.307, Water Usage=10702307.845
Tasks in Queue=1304490.000, Tasks Dropped=0.000
Evaluation average episode reward is 65.91809186477568.

Episode 840: Avg Net Energy=322.065, Avg CO2=81878.104, Water Usage=7653011.045
Tasks in Queue=927149.000, Tasks Dropped=0.000
Env sustaindc Task ca-discrete Algo happo Exp happo_baseline_ny_medium updates 845/3051 episodes, total num timesteps 6922240/25000000, FPS 312.
Average step reward is 0.21407794952392578.
Some episodes done, average episode reward is 193.6999025308382.

Episode 845: Avg Net Energy=334.525, Avg CO2=84688.972, Water Usage=10835510.291
Tasks in Queue=1459396.000, Tasks Dropped=0.000
Evaluation average episode reward is 204.85585696472376.

Episode 845: Avg Net Energy=321.134, Avg CO2=84400.218, Water Usage=7736683.215
Tasks in Queue=1147737.000, Tasks Dropped=0.000
Env sustaindc Task ca-discrete Algo happo Exp happo_baseline_ny_medium updates 850/3051 episodes, total num timesteps 6963200/25000000, FPS 312.
Average step reward is 0.32016298174858093.
Some episodes done, average episode reward is 336.35569080916565.

Episode 850: Avg Net Energy=331.040, Avg CO2=77766.096, Water Usage=10768748.165
Tasks in Queue=1346461.000, Tasks Dropped=0.000
Evaluation average episode reward is 55.89460738037198.

Episode 850: Avg Net Energy=321.840, Avg CO2=86238.914, Water Usage=7655024.875
Tasks in Queue=1166469.000, Tasks Dropped=0.000
Env sustaindc Task ca-discrete Algo happo Exp happo_baseline_ny_medium updates 855/3051 episodes, total num timesteps 7004160/25000000, FPS 312.
Average step reward is 0.29649507999420166.
Some episodes done, average episode reward is 232.06560899862882.

Episode 855: Avg Net Energy=327.549, Avg CO2=88502.129, Water Usage=10695088.235
Tasks in Queue=1380844.000, Tasks Dropped=0.000
Evaluation average episode reward is -50.48543255965996.

Episode 855: Avg Net Energy=324.477, Avg CO2=82529.218, Water Usage=7589523.314
Tasks in Queue=1126999.000, Tasks Dropped=0.000
Env sustaindc Task ca-discrete Algo happo Exp happo_baseline_ny_medium updates 860/3051 episodes, total num timesteps 7045120/25000000, FPS 312.
Average step reward is 0.2106030285358429.
Some episodes done, average episode reward is 151.72746572205662.

Episode 860: Avg Net Energy=331.339, Avg CO2=87803.580, Water Usage=10706100.444
Tasks in Queue=1494168.000, Tasks Dropped=0.000
Evaluation average episode reward is 144.67277503242556.

Episode 860: Avg Net Energy=324.017, Avg CO2=80669.414, Water Usage=7759141.117
Tasks in Queue=1118930.000, Tasks Dropped=0.000
Env sustaindc Task ca-discrete Algo happo Exp happo_baseline_ny_medium updates 865/3051 episodes, total num timesteps 7086080/25000000, FPS 311.
Average step reward is 0.17674747109413147.
Some episodes done, average episode reward is 264.2004582773958.

Episode 865: Avg Net Energy=335.573, Avg CO2=78135.392, Water Usage=10777296.515
Tasks in Queue=1571797.000, Tasks Dropped=0.000
Evaluation average episode reward is 369.65927410592485.

Episode 865: Avg Net Energy=320.134, Avg CO2=77255.362, Water Usage=7650527.625
Tasks in Queue=1179012.000, Tasks Dropped=0.000
Env sustaindc Task ca-discrete Algo happo Exp happo_baseline_ny_medium updates 870/3051 episodes, total num timesteps 7127040/25000000, FPS 311.
Average step reward is 0.33623647689819336.
Some episodes done, average episode reward is 241.00411505582787.

Episode 870: Avg Net Energy=326.752, Avg CO2=72972.652, Water Usage=10604723.883
Tasks in Queue=1262735.000, Tasks Dropped=0.000
Evaluation average episode reward is 522.9195513633699.

Episode 870: Avg Net Energy=317.302, Avg CO2=82736.390, Water Usage=7801897.260
Tasks in Queue=1085695.000, Tasks Dropped=0.000
We are saving model weights at episode 870 with average episode reward 522.9195513633699

Env sustaindc Task ca-discrete Algo happo Exp happo_baseline_ny_medium updates 875/3051 episodes, total num timesteps 7168000/25000000, FPS 311.
Average step reward is 0.16906651854515076.
Some episodes done, average episode reward is 176.54353282997516.

Episode 875: Avg Net Energy=334.999, Avg CO2=82631.831, Water Usage=10786505.954
Tasks in Queue=1448533.000, Tasks Dropped=0.000
Evaluation average episode reward is 93.0096818210313.

Episode 875: Avg Net Energy=320.778, Avg CO2=81341.071, Water Usage=7753963.233
Tasks in Queue=1130472.000, Tasks Dropped=0.000
Env sustaindc Task ca-discrete Algo happo Exp happo_baseline_ny_medium updates 880/3051 episodes, total num timesteps 7208960/25000000, FPS 311.
Average step reward is 0.2060774266719818.
Some episodes done, average episode reward is 244.9980487544313.

Episode 880: Avg Net Energy=331.918, Avg CO2=90443.808, Water Usage=10765366.429
Tasks in Queue=1489924.000, Tasks Dropped=0.000
Evaluation average episode reward is -59.61594549615055.

Episode 880: Avg Net Energy=322.668, Avg CO2=78362.763, Water Usage=7746922.085
Tasks in Queue=1097643.000, Tasks Dropped=0.000
Env sustaindc Task ca-discrete Algo happo Exp happo_baseline_ny_medium updates 885/3051 episodes, total num timesteps 7249920/25000000, FPS 311.
Average step reward is 0.3973459005355835.
Some episodes done, average episode reward is 223.0514928119017.

Episode 885: Avg Net Energy=323.733, Avg CO2=85751.156, Water Usage=10715187.326
Tasks in Queue=1237170.000, Tasks Dropped=0.000
Evaluation average episode reward is 102.46236731360129.

Episode 885: Avg Net Energy=322.180, Avg CO2=85260.265, Water Usage=7741466.854
Tasks in Queue=701111.000, Tasks Dropped=0.000
Env sustaindc Task ca-discrete Algo happo Exp happo_baseline_ny_medium updates 890/3051 episodes, total num timesteps 7290880/25000000, FPS 311.
Average step reward is 0.20419631898403168.
Some episodes done, average episode reward is 233.73544181951152.

Episode 890: Avg Net Energy=335.307, Avg CO2=77155.788, Water Usage=10878986.397
Tasks in Queue=1419408.000, Tasks Dropped=0.000
Evaluation average episode reward is 264.34144288898193.

Episode 890: Avg Net Energy=320.332, Avg CO2=78189.640, Water Usage=7712068.247
Tasks in Queue=913224.000, Tasks Dropped=0.000
Env sustaindc Task ca-discrete Algo happo Exp happo_baseline_ny_medium updates 895/3051 episodes, total num timesteps 7331840/25000000, FPS 311.
Average step reward is 0.2758805751800537.
Some episodes done, average episode reward is 309.12219542808054.

Episode 895: Avg Net Energy=331.373, Avg CO2=76735.432, Water Usage=10811196.037
Tasks in Queue=1297027.000, Tasks Dropped=0.000
Evaluation average episode reward is 209.28158217674297.

Episode 895: Avg Net Energy=320.491, Avg CO2=78152.216, Water Usage=7841321.722
Tasks in Queue=794253.000, Tasks Dropped=0.000
Env sustaindc Task ca-discrete Algo happo Exp happo_baseline_ny_medium updates 900/3051 episodes, total num timesteps 7372800/25000000, FPS 311.
Average step reward is 0.25660133361816406.
Some episodes done, average episode reward is 232.52582516010943.

Episode 900: Avg Net Energy=328.252, Avg CO2=89981.919, Water Usage=10757939.528
Tasks in Queue=1310539.000, Tasks Dropped=0.000
Evaluation average episode reward is 84.64347227799446.

Episode 900: Avg Net Energy=322.823, Avg CO2=79978.160, Water Usage=7764013.868
Tasks in Queue=972569.000, Tasks Dropped=0.000
Env sustaindc Task ca-discrete Algo happo Exp happo_baseline_ny_medium updates 905/3051 episodes, total num timesteps 7413760/25000000, FPS 311.
Average step reward is 0.2139015793800354.
Some episodes done, average episode reward is 287.4016753659014.

Episode 905: Avg Net Energy=330.263, Avg CO2=88099.826, Water Usage=10649743.734
Tasks in Queue=1361730.000, Tasks Dropped=0.000
Evaluation average episode reward is 43.77180052420895.

Episode 905: Avg Net Energy=322.443, Avg CO2=82214.888, Water Usage=7779183.832
Tasks in Queue=764979.000, Tasks Dropped=0.000
Env sustaindc Task ca-discrete Algo happo Exp happo_baseline_ny_medium updates 910/3051 episodes, total num timesteps 7454720/25000000, FPS 311.
Average step reward is 0.1787155270576477.
Some episodes done, average episode reward is 202.23575366749984.

Episode 910: Avg Net Energy=335.136, Avg CO2=82624.520, Water Usage=10816966.173
Tasks in Queue=1326148.000, Tasks Dropped=0.000
Evaluation average episode reward is 402.8055799931814.

Episode 910: Avg Net Energy=318.811, Avg CO2=76883.423, Water Usage=7707607.493
Tasks in Queue=746868.000, Tasks Dropped=0.000
Env sustaindc Task ca-discrete Algo happo Exp happo_baseline_ny_medium updates 915/3051 episodes, total num timesteps 7495680/25000000, FPS 311.
Average step reward is 0.3615710139274597.
Some episodes done, average episode reward is 257.42960498984644.

Episode 915: Avg Net Energy=327.142, Avg CO2=68849.045, Water Usage=10637589.556
Tasks in Queue=1201204.000, Tasks Dropped=0.000
Evaluation average episode reward is 233.06712050272483.

Episode 915: Avg Net Energy=320.938, Avg CO2=78972.339, Water Usage=7754881.356
Tasks in Queue=1020886.000, Tasks Dropped=0.000
Env sustaindc Task ca-discrete Algo happo Exp happo_baseline_ny_medium updates 920/3051 episodes, total num timesteps 7536640/25000000, FPS 311.
Average step reward is 0.1543676108121872.
Some episodes done, average episode reward is 224.16436202561795.

Episode 920: Avg Net Energy=332.421, Avg CO2=86785.993, Water Usage=10780451.985
Tasks in Queue=1488560.000, Tasks Dropped=0.000
Evaluation average episode reward is 147.32974162656498.

Episode 920: Avg Net Energy=320.281, Avg CO2=82639.326, Water Usage=7776684.394
Tasks in Queue=1298195.000, Tasks Dropped=0.000
Env sustaindc Task ca-discrete Algo happo Exp happo_baseline_ny_medium updates 925/3051 episodes, total num timesteps 7577600/25000000, FPS 311.
Average step reward is 0.19552664458751678.
Some episodes done, average episode reward is 123.20406524750408.

Episode 925: Avg Net Energy=330.293, Avg CO2=88877.021, Water Usage=10899766.277
Tasks in Queue=1556723.000, Tasks Dropped=0.000
Evaluation average episode reward is 192.45529531308043.

Episode 925: Avg Net Energy=319.855, Avg CO2=77809.900, Water Usage=7777817.787
Tasks in Queue=920405.000, Tasks Dropped=0.000
Env sustaindc Task ca-discrete Algo happo Exp happo_baseline_ny_medium updates 930/3051 episodes, total num timesteps 7618560/25000000, FPS 311.
Average step reward is 0.14359219372272491.
Some episodes done, average episode reward is 274.426743088826.

Episode 930: Avg Net Energy=334.139, Avg CO2=86561.468, Water Usage=10894094.839
Tasks in Queue=1612605.000, Tasks Dropped=0.000
Evaluation average episode reward is 66.24806815923002.

Episode 930: Avg Net Energy=321.007, Avg CO2=83259.792, Water Usage=7591637.368
Tasks in Queue=1132682.000, Tasks Dropped=0.000
Env sustaindc Task ca-discrete Algo happo Exp happo_baseline_ny_medium updates 935/3051 episodes, total num timesteps 7659520/25000000, FPS 311.
Average step reward is 0.17761370539665222.
Some episodes done, average episode reward is 246.1097576987894.

Episode 935: Avg Net Energy=333.515, Avg CO2=82440.087, Water Usage=10956949.999
Tasks in Queue=1377388.000, Tasks Dropped=0.000
Evaluation average episode reward is 35.267487179598746.

Episode 935: Avg Net Energy=322.931, Avg CO2=80676.910, Water Usage=7707710.583
Tasks in Queue=852869.000, Tasks Dropped=0.000
Env sustaindc Task ca-discrete Algo happo Exp happo_baseline_ny_medium updates 940/3051 episodes, total num timesteps 7700480/25000000, FPS 311.
Average step reward is 0.22222304344177246.
Some episodes done, average episode reward is 217.1221283252319.

Episode 940: Avg Net Energy=332.194, Avg CO2=80198.191, Water Usage=10746886.682
Tasks in Queue=1308270.000, Tasks Dropped=0.000
Evaluation average episode reward is 41.384319491297994.

Episode 940: Avg Net Energy=322.858, Avg CO2=78763.154, Water Usage=7680227.813
Tasks in Queue=977339.000, Tasks Dropped=0.000
Env sustaindc Task ca-discrete Algo happo Exp happo_baseline_ny_medium updates 945/3051 episodes, total num timesteps 7741440/25000000, FPS 311.
Average step reward is 0.2534032464027405.
Some episodes done, average episode reward is 251.98961334056443.

Episode 945: Avg Net Energy=328.860, Avg CO2=91076.547, Water Usage=10755568.345
Tasks in Queue=1609108.000, Tasks Dropped=0.000
Evaluation average episode reward is 502.6062498211518.

Episode 945: Avg Net Energy=317.206, Avg CO2=81579.179, Water Usage=7789784.339
Tasks in Queue=1519690.000, Tasks Dropped=0.000
Env sustaindc Task ca-discrete Algo happo Exp happo_baseline_ny_medium updates 950/3051 episodes, total num timesteps 7782400/25000000, FPS 311.
Average step reward is 0.10742832720279694.
Some episodes done, average episode reward is 356.1580230518009.

Episode 950: Avg Net Energy=333.899, Avg CO2=89961.535, Water Usage=10840751.461
Tasks in Queue=1659440.000, Tasks Dropped=0.000
Evaluation average episode reward is -16.440054263523418.

Episode 950: Avg Net Energy=323.830, Avg CO2=81615.784, Water Usage=7640485.310
Tasks in Queue=1379156.000, Tasks Dropped=0.000
Env sustaindc Task ca-discrete Algo happo Exp happo_baseline_ny_medium updates 955/3051 episodes, total num timesteps 7823360/25000000, FPS 311.
Average step reward is 0.10555034875869751.
Some episodes done, average episode reward is 166.26271231738244.

Episode 955: Avg Net Energy=338.176, Avg CO2=87176.855, Water Usage=10881088.127
Tasks in Queue=1636059.000, Tasks Dropped=0.000
Evaluation average episode reward is -29.904323952497446.

Episode 955: Avg Net Energy=322.642, Avg CO2=82616.879, Water Usage=7751904.674
Tasks in Queue=1575317.000, Tasks Dropped=0.000
Env sustaindc Task ca-discrete Algo happo Exp happo_baseline_ny_medium updates 960/3051 episodes, total num timesteps 7864320/25000000, FPS 311.
Average step reward is 0.21193696558475494.
Some episodes done, average episode reward is 178.51425361422204.

Episode 960: Avg Net Energy=335.004, Avg CO2=73808.981, Water Usage=10837626.351
Tasks in Queue=1549174.000, Tasks Dropped=0.000
Evaluation average episode reward is 175.38040553119012.

Episode 960: Avg Net Energy=321.088, Avg CO2=78690.478, Water Usage=7703545.743
Tasks in Queue=1279136.000, Tasks Dropped=0.000
Env sustaindc Task ca-discrete Algo happo Exp happo_baseline_ny_medium updates 965/3051 episodes, total num timesteps 7905280/25000000, FPS 311.
Average step reward is 0.19444063305854797.
Some episodes done, average episode reward is 321.24448157438405.

Episode 965: Avg Net Energy=333.483, Avg CO2=83026.213, Water Usage=10868406.108
Tasks in Queue=1579204.000, Tasks Dropped=0.000
Evaluation average episode reward is 281.44887191418053.

Episode 965: Avg Net Energy=320.010, Avg CO2=78564.661, Water Usage=7784473.250
Tasks in Queue=1159527.000, Tasks Dropped=0.000
Env sustaindc Task ca-discrete Algo happo Exp happo_baseline_ny_medium updates 970/3051 episodes, total num timesteps 7946240/25000000, FPS 311.
Average step reward is 0.14283905923366547.
Some episodes done, average episode reward is 295.84880497467145.

Episode 970: Avg Net Energy=332.124, Avg CO2=90750.252, Water Usage=10919826.881
Tasks in Queue=1626199.000, Tasks Dropped=0.000
Evaluation average episode reward is 232.40556077299428.

Episode 970: Avg Net Energy=319.874, Avg CO2=82199.923, Water Usage=7716218.911
Tasks in Queue=1043733.000, Tasks Dropped=0.000
Env sustaindc Task ca-discrete Algo happo Exp happo_baseline_ny_medium updates 975/3051 episodes, total num timesteps 7987200/25000000, FPS 311.
Average step reward is 0.2980698347091675.
Some episodes done, average episode reward is 171.74122390440897.

Episode 975: Avg Net Energy=325.620, Avg CO2=86126.235, Water Usage=10757020.013
Tasks in Queue=1254229.000, Tasks Dropped=0.000
Evaluation average episode reward is 19.830391863000944.

Episode 975: Avg Net Energy=322.205, Avg CO2=81257.064, Water Usage=7745651.522
Tasks in Queue=620779.000, Tasks Dropped=0.000
Env sustaindc Task ca-discrete Algo happo Exp happo_baseline_ny_medium updates 980/3051 episodes, total num timesteps 8028160/25000000, FPS 311.
Average step reward is 0.22271287441253662.
Some episodes done, average episode reward is 262.9096445069656.

Episode 980: Avg Net Energy=331.721, Avg CO2=78393.113, Water Usage=10853926.921
Tasks in Queue=1326220.000, Tasks Dropped=0.000
Evaluation average episode reward is 143.26775419317198.

Episode 980: Avg Net Energy=320.915, Avg CO2=83208.181, Water Usage=7527936.772
Tasks in Queue=584731.000, Tasks Dropped=0.000
Env sustaindc Task ca-discrete Algo happo Exp happo_baseline_ny_medium updates 985/3051 episodes, total num timesteps 8069120/25000000, FPS 311.
Average step reward is 0.20041866600513458.
Some episodes done, average episode reward is 247.27652006803632.

Episode 985: Avg Net Energy=331.012, Avg CO2=79475.553, Water Usage=10801447.090
Tasks in Queue=1351379.000, Tasks Dropped=0.000
Evaluation average episode reward is 5.623268222821935.

Episode 985: Avg Net Energy=323.810, Avg CO2=81341.903, Water Usage=7745029.048
Tasks in Queue=805909.000, Tasks Dropped=0.000
Env sustaindc Task ca-discrete Algo happo Exp happo_baseline_ny_medium updates 990/3051 episodes, total num timesteps 8110080/25000000, FPS 311.
Average step reward is 0.13749821484088898.
Some episodes done, average episode reward is 103.13677191766034.

Episode 990: Avg Net Energy=332.791, Avg CO2=91253.888, Water Usage=10886023.849
Tasks in Queue=1544753.000, Tasks Dropped=0.000
Evaluation average episode reward is 453.0151529462648.

Episode 990: Avg Net Energy=318.538, Avg CO2=76749.913, Water Usage=7739886.275
Tasks in Queue=694351.000, Tasks Dropped=0.000
Env sustaindc Task ca-discrete Algo happo Exp happo_baseline_ny_medium updates 995/3051 episodes, total num timesteps 8151040/25000000, FPS 311.
Average step reward is 0.13458234071731567.
Some episodes done, average episode reward is 191.54913298414812.

Episode 995: Avg Net Energy=333.337, Avg CO2=90200.105, Water Usage=11036845.467
Tasks in Queue=1592400.000, Tasks Dropped=0.000
Evaluation average episode reward is 312.8283389438095.

Episode 995: Avg Net Energy=318.727, Avg CO2=81901.179, Water Usage=7687927.108
Tasks in Queue=773126.000, Tasks Dropped=0.000
Env sustaindc Task ca-discrete Algo happo Exp happo_baseline_ny_medium updates 1000/3051 episodes, total num timesteps 8192000/25000000, FPS 311.
Average step reward is 0.17314442992210388.
Some episodes done, average episode reward is 269.880408639585.

Episode 1000: Avg Net Energy=333.553, Avg CO2=83079.336, Water Usage=10705678.314
Tasks in Queue=1362927.000, Tasks Dropped=0.000
Evaluation average episode reward is 249.21640151509897.

Episode 1000: Avg Net Energy=319.270, Avg CO2=82905.372, Water Usage=7654697.167
Tasks in Queue=536121.000, Tasks Dropped=0.000
Env sustaindc Task ca-discrete Algo happo Exp happo_baseline_ny_medium updates 1005/3051 episodes, total num timesteps 8232960/25000000, FPS 311.
Average step reward is 0.24795886874198914.
Some episodes done, average episode reward is 178.6009340510383.

Episode 1005: Avg Net Energy=335.656, Avg CO2=69542.681, Water Usage=10739009.126
Tasks in Queue=1371935.000, Tasks Dropped=0.000
Evaluation average episode reward is 8.695604929477353.

Episode 1005: Avg Net Energy=321.300, Avg CO2=78157.257, Water Usage=7664393.820
Tasks in Queue=689686.000, Tasks Dropped=0.000
Env sustaindc Task ca-discrete Algo happo Exp happo_baseline_ny_medium updates 1010/3051 episodes, total num timesteps 8273920/25000000, FPS 311.
Average step reward is 0.2639549970626831.
Some episodes done, average episode reward is 332.47856612663634.

Episode 1010: Avg Net Energy=330.785, Avg CO2=86198.750, Water Usage=10788184.801
Tasks in Queue=1533312.000, Tasks Dropped=0.000
Evaluation average episode reward is -257.49324653277193.

Episode 1010: Avg Net Energy=325.286, Avg CO2=82567.140, Water Usage=7642898.176
Tasks in Queue=943611.000, Tasks Dropped=0.000
Env sustaindc Task ca-discrete Algo happo Exp happo_baseline_ny_medium updates 1015/3051 episodes, total num timesteps 8314880/25000000, FPS 311.
Average step reward is 0.040035851299762726.
Some episodes done, average episode reward is 189.6018960318445.

Episode 1015: Avg Net Energy=336.394, Avg CO2=91410.252, Water Usage=11102796.463
Tasks in Queue=1561043.000, Tasks Dropped=0.000
Evaluation average episode reward is 321.69836341708816.

Episode 1015: Avg Net Energy=319.118, Avg CO2=81962.173, Water Usage=7690024.504
Tasks in Queue=731282.000, Tasks Dropped=0.000
Env sustaindc Task ca-discrete Algo happo Exp happo_baseline_ny_medium updates 1020/3051 episodes, total num timesteps 8355840/25000000, FPS 311.
Average step reward is 0.15477202832698822.
Some episodes done, average episode reward is 264.11313102050184.

Episode 1020: Avg Net Energy=332.882, Avg CO2=86745.016, Water Usage=10823586.318
Tasks in Queue=1489335.000, Tasks Dropped=0.000
Evaluation average episode reward is 47.83219022218017.

Episode 1020: Avg Net Energy=322.188, Avg CO2=82005.243, Water Usage=7725293.297
Tasks in Queue=942709.000, Tasks Dropped=0.000
Env sustaindc Task ca-discrete Algo happo Exp happo_baseline_ny_medium updates 1025/3051 episodes, total num timesteps 8396800/25000000, FPS 311.
Average step reward is 0.14901134371757507.
Some episodes done, average episode reward is 168.6549735050283.

Episode 1025: Avg Net Energy=336.084, Avg CO2=78530.228, Water Usage=10902152.855
Tasks in Queue=1503634.000, Tasks Dropped=0.000
Evaluation average episode reward is 209.5399657716728.

Episode 1025: Avg Net Energy=321.657, Avg CO2=78102.964, Water Usage=7538024.751
Tasks in Queue=953401.000, Tasks Dropped=0.000
Env sustaindc Task ca-discrete Algo happo Exp happo_baseline_ny_medium updates 1030/3051 episodes, total num timesteps 8437760/25000000, FPS 311.
Average step reward is 0.21348384022712708.
Some episodes done, average episode reward is 213.88491863270102.

Episode 1030: Avg Net Energy=331.990, Avg CO2=74453.537, Water Usage=10793534.399
Tasks in Queue=1496994.000, Tasks Dropped=0.000
Evaluation average episode reward is 68.77137970955145.

Episode 1030: Avg Net Energy=321.935, Avg CO2=82820.198, Water Usage=7645334.640
Tasks in Queue=1024286.000, Tasks Dropped=0.000
Env sustaindc Task ca-discrete Algo happo Exp happo_baseline_ny_medium updates 1035/3051 episodes, total num timesteps 8478720/25000000, FPS 311.
Average step reward is 0.28382474184036255.
Some episodes done, average episode reward is 201.1651927532939.

Episode 1035: Avg Net Energy=327.728, Avg CO2=90199.470, Water Usage=10765746.734
Tasks in Queue=1437852.000, Tasks Dropped=0.000
Evaluation average episode reward is 203.07718146220054.

Episode 1035: Avg Net Energy=321.464, Avg CO2=80051.577, Water Usage=7823013.755
Tasks in Queue=1080075.000, Tasks Dropped=0.000
Env sustaindc Task ca-discrete Algo happo Exp happo_baseline_ny_medium updates 1040/3051 episodes, total num timesteps 8519680/25000000, FPS 311.
Average step reward is 0.11868590116500854.
Some episodes done, average episode reward is 301.8376188685605.

Episode 1040: Avg Net Energy=334.674, Avg CO2=90359.779, Water Usage=10964801.527
Tasks in Queue=1495099.000, Tasks Dropped=0.000
Evaluation average episode reward is 371.73396677487534.

Episode 1040: Avg Net Energy=319.542, Avg CO2=78990.672, Water Usage=7791305.281
Tasks in Queue=774628.000, Tasks Dropped=0.000
Env sustaindc Task ca-discrete Algo happo Exp happo_baseline_ny_medium updates 1045/3051 episodes, total num timesteps 8560640/25000000, FPS 311.
Average step reward is 0.2630903720855713.
Some episodes done, average episode reward is 206.47409557762631.

Episode 1045: Avg Net Energy=327.806, Avg CO2=82875.914, Water Usage=10794933.003
Tasks in Queue=1360676.000, Tasks Dropped=0.000
Evaluation average episode reward is 31.561166013970205.

Episode 1045: Avg Net Energy=321.826, Avg CO2=82030.970, Water Usage=7738668.506
Tasks in Queue=789073.000, Tasks Dropped=0.000
Env sustaindc Task ca-discrete Algo happo Exp happo_baseline_ny_medium updates 1050/3051 episodes, total num timesteps 8601600/25000000, FPS 311.
Average step reward is 0.26974302530288696.
Some episodes done, average episode reward is 248.83237730610352.

Episode 1050: Avg Net Energy=331.268, Avg CO2=73419.728, Water Usage=10690785.915
Tasks in Queue=1350346.000, Tasks Dropped=0.000
Evaluation average episode reward is 185.1556845571155.

Episode 1050: Avg Net Energy=320.792, Avg CO2=83914.740, Water Usage=7680108.582
Tasks in Queue=859114.000, Tasks Dropped=0.000
Env sustaindc Task ca-discrete Algo happo Exp happo_baseline_ny_medium updates 1055/3051 episodes, total num timesteps 8642560/25000000, FPS 311.
Average step reward is 0.2175135314464569.
Some episodes done, average episode reward is 182.78352943175446.

Episode 1055: Avg Net Energy=330.619, Avg CO2=84853.546, Water Usage=10864193.979
Tasks in Queue=1380411.000, Tasks Dropped=0.000
Evaluation average episode reward is 253.85719700884275.

Episode 1055: Avg Net Energy=319.145, Avg CO2=77518.385, Water Usage=7743193.628
Tasks in Queue=741407.000, Tasks Dropped=0.000
Env sustaindc Task ca-discrete Algo happo Exp happo_baseline_ny_medium updates 1060/3051 episodes, total num timesteps 8683520/25000000, FPS 311.
Average step reward is 0.2691725194454193.
Some episodes done, average episode reward is 263.88195333665277.

Episode 1060: Avg Net Energy=327.173, Avg CO2=87674.406, Water Usage=10816460.369
Tasks in Queue=1368663.000, Tasks Dropped=0.000
Evaluation average episode reward is -52.27158035812022.

Episode 1060: Avg Net Energy=323.455, Avg CO2=81579.920, Water Usage=7851499.731
Tasks in Queue=720209.000, Tasks Dropped=0.000
Env sustaindc Task ca-discrete Algo happo Exp happo_baseline_ny_medium updates 1065/3051 episodes, total num timesteps 8724480/25000000, FPS 311.
Average step reward is 0.206120103597641.
Some episodes done, average episode reward is 236.97092815851585.

Episode 1065: Avg Net Energy=330.436, Avg CO2=88558.620, Water Usage=10806829.138
Tasks in Queue=1324653.000, Tasks Dropped=0.000
Evaluation average episode reward is 155.48153273662572.

Episode 1065: Avg Net Energy=320.570, Avg CO2=82655.106, Water Usage=7724940.577
Tasks in Queue=698562.000, Tasks Dropped=0.000
Env sustaindc Task ca-discrete Algo happo Exp happo_baseline_ny_medium updates 1070/3051 episodes, total num timesteps 8765440/25000000, FPS 311.
Average step reward is 0.2530331611633301.
Some episodes done, average episode reward is 245.84122170494084.

Episode 1070: Avg Net Energy=330.793, Avg CO2=77240.338, Water Usage=10778358.984
Tasks in Queue=1402462.000, Tasks Dropped=0.000
Evaluation average episode reward is 218.3096059995221.

Episode 1070: Avg Net Energy=320.719, Avg CO2=81054.369, Water Usage=7759913.273
Tasks in Queue=698267.000, Tasks Dropped=0.000
Env sustaindc Task ca-discrete Algo happo Exp happo_baseline_ny_medium updates 1075/3051 episodes, total num timesteps 8806400/25000000, FPS 311.
Average step reward is 0.27355095744132996.
Some episodes done, average episode reward is 208.63951995791825.

Episode 1075: Avg Net Energy=332.031, Avg CO2=74116.931, Water Usage=10723646.880
Tasks in Queue=1315438.000, Tasks Dropped=0.000
Evaluation average episode reward is 152.46877936592423.

Episode 1075: Avg Net Energy=320.752, Avg CO2=81768.830, Water Usage=7669290.903
Tasks in Queue=750318.000, Tasks Dropped=0.000
Env sustaindc Task ca-discrete Algo happo Exp happo_baseline_ny_medium updates 1080/3051 episodes, total num timesteps 8847360/25000000, FPS 311.
Average step reward is 0.2547505497932434.
Some episodes done, average episode reward is 201.7298011374304.

Episode 1080: Avg Net Energy=329.669, Avg CO2=92650.125, Water Usage=10830625.117
Tasks in Queue=1295845.000, Tasks Dropped=0.000
Evaluation average episode reward is -2.33335815426229.

Episode 1080: Avg Net Energy=323.974, Avg CO2=80513.504, Water Usage=7761691.637
Tasks in Queue=689413.000, Tasks Dropped=0.000
Env sustaindc Task ca-discrete Algo happo Exp happo_baseline_ny_medium updates 1085/3051 episodes, total num timesteps 8888320/25000000, FPS 311.
Average step reward is 0.24116243422031403.
Some episodes done, average episode reward is 172.92558050615156.

Episode 1085: Avg Net Energy=328.782, Avg CO2=87877.877, Water Usage=10876826.353
Tasks in Queue=1382620.000, Tasks Dropped=0.000
Evaluation average episode reward is 275.943735720358.

Episode 1085: Avg Net Energy=320.053, Avg CO2=82583.354, Water Usage=7709043.850
Tasks in Queue=762270.000, Tasks Dropped=0.000
Env sustaindc Task ca-discrete Algo happo Exp happo_baseline_ny_medium updates 1090/3051 episodes, total num timesteps 8929280/25000000, FPS 311.
Average step reward is 0.2125648409128189.
Some episodes done, average episode reward is 299.6571210432563.

Episode 1090: Avg Net Energy=332.775, Avg CO2=75300.309, Water Usage=10797281.628
Tasks in Queue=1390909.000, Tasks Dropped=0.000
Evaluation average episode reward is 219.5831158807582.

Episode 1090: Avg Net Energy=320.240, Avg CO2=78106.349, Water Usage=7804528.600
Tasks in Queue=752823.000, Tasks Dropped=0.000
Env sustaindc Task ca-discrete Algo happo Exp happo_baseline_ny_medium updates 1095/3051 episodes, total num timesteps 8970240/25000000, FPS 311.
Average step reward is 0.13654308021068573.
Some episodes done, average episode reward is 167.42042590933545.

Episode 1095: Avg Net Energy=337.515, Avg CO2=73136.902, Water Usage=10914292.891
Tasks in Queue=1661405.000, Tasks Dropped=0.000
Evaluation average episode reward is 60.98812900702443.

Episode 1095: Avg Net Energy=321.967, Avg CO2=81314.762, Water Usage=7642890.749
Tasks in Queue=1379362.000, Tasks Dropped=0.000
Env sustaindc Task ca-discrete Algo happo Exp happo_baseline_ny_medium updates 1100/3051 episodes, total num timesteps 9011200/25000000, FPS 311.
Average step reward is 0.1987442970275879.
Some episodes done, average episode reward is 245.53418538789384.

Episode 1100: Avg Net Energy=332.434, Avg CO2=85597.070, Water Usage=10869490.426
Tasks in Queue=1555492.000, Tasks Dropped=0.000
Evaluation average episode reward is 197.7766259669926.

Episode 1100: Avg Net Energy=319.785, Avg CO2=82506.119, Water Usage=7713420.611
Tasks in Queue=1295462.000, Tasks Dropped=0.000
Env sustaindc Task ca-discrete Algo happo Exp happo_baseline_ny_medium updates 1105/3051 episodes, total num timesteps 9052160/25000000, FPS 311.
Average step reward is 0.11995100975036621.
Some episodes done, average episode reward is 219.24942094708578.

Episode 1105: Avg Net Energy=333.928, Avg CO2=90949.272, Water Usage=10882809.697
Tasks in Queue=1722309.000, Tasks Dropped=0.000
Evaluation average episode reward is 38.25854627924134.

Episode 1105: Avg Net Energy=323.025, Avg CO2=78604.075, Water Usage=7653525.235
Tasks in Queue=1169271.000, Tasks Dropped=0.000
Env sustaindc Task ca-discrete Algo happo Exp happo_baseline_ny_medium updates 1110/3051 episodes, total num timesteps 9093120/25000000, FPS 311.
Average step reward is 0.07050037384033203.
Some episodes done, average episode reward is 152.13136217389282.

Episode 1110: Avg Net Energy=338.109, Avg CO2=87972.660, Water Usage=10878213.702
Tasks in Queue=1583329.000, Tasks Dropped=0.000
Evaluation average episode reward is 242.96315678133865.

Episode 1110: Avg Net Energy=320.036, Avg CO2=82210.887, Water Usage=7622502.310
Tasks in Queue=1064425.000, Tasks Dropped=0.000
Env sustaindc Task ca-discrete Algo happo Exp happo_baseline_ny_medium updates 1115/3051 episodes, total num timesteps 9134080/25000000, FPS 311.
Average step reward is 0.2121194750070572.
Some episodes done, average episode reward is 211.21805618967846.

Episode 1115: Avg Net Energy=334.351, Avg CO2=75836.838, Water Usage=10858803.756
Tasks in Queue=1517208.000, Tasks Dropped=0.000
Evaluation average episode reward is 188.2308388603816.

Episode 1115: Avg Net Energy=320.540, Avg CO2=77695.472, Water Usage=7786877.704
Tasks in Queue=942854.000, Tasks Dropped=0.000
Env sustaindc Task ca-discrete Algo happo Exp happo_baseline_ny_medium updates 1120/3051 episodes, total num timesteps 9175040/25000000, FPS 311.
Average step reward is 0.3240227699279785.
Some episodes done, average episode reward is 311.94880441067653.

Episode 1120: Avg Net Energy=328.504, Avg CO2=77414.552, Water Usage=10710999.723
Tasks in Queue=1195312.000, Tasks Dropped=0.000
Evaluation average episode reward is 80.70873956087839.

Episode 1120: Avg Net Energy=322.548, Avg CO2=79490.388, Water Usage=7699324.778
Tasks in Queue=732102.000, Tasks Dropped=0.000
Env sustaindc Task ca-discrete Algo happo Exp happo_baseline_ny_medium updates 1125/3051 episodes, total num timesteps 9216000/25000000, FPS 311.
Average step reward is 0.19045710563659668.
Some episodes done, average episode reward is 179.56777315128608.

Episode 1125: Avg Net Energy=330.624, Avg CO2=89864.863, Water Usage=10788050.367
Tasks in Queue=1477173.000, Tasks Dropped=0.000
Evaluation average episode reward is 20.008447994737804.

Episode 1125: Avg Net Energy=323.193, Avg CO2=81537.999, Water Usage=7804288.797
Tasks in Queue=1155697.000, Tasks Dropped=0.000
Env sustaindc Task ca-discrete Algo happo Exp happo_baseline_ny_medium updates 1130/3051 episodes, total num timesteps 9256960/25000000, FPS 311.
Average step reward is 0.2741153836250305.
Some episodes done, average episode reward is 325.9930923745055.

Episode 1130: Avg Net Energy=327.543, Avg CO2=87304.560, Water Usage=10621956.350
Tasks in Queue=1504526.000, Tasks Dropped=0.000
Evaluation average episode reward is 70.79039623288661.

Episode 1130: Avg Net Energy=323.436, Avg CO2=80586.095, Water Usage=7819963.414
Tasks in Queue=1482252.000, Tasks Dropped=71.000
Env sustaindc Task ca-discrete Algo happo Exp happo_baseline_ny_medium updates 1135/3051 episodes, total num timesteps 9297920/25000000, FPS 311.
Average step reward is 0.17796559631824493.
Some episodes done, average episode reward is 227.60920263556213.

Episode 1135: Avg Net Energy=333.031, Avg CO2=83143.606, Water Usage=10749928.549
Tasks in Queue=1613486.000, Tasks Dropped=0.000
Evaluation average episode reward is 355.0456847840132.

Episode 1135: Avg Net Energy=318.837, Avg CO2=86631.264, Water Usage=7731000.610
Tasks in Queue=1438774.000, Tasks Dropped=139.000
Env sustaindc Task ca-discrete Algo happo Exp happo_baseline_ny_medium updates 1140/3051 episodes, total num timesteps 9338880/25000000, FPS 311.
Average step reward is 0.20809540152549744.
Some episodes done, average episode reward is 195.0421730274565.

Episode 1140: Avg Net Energy=335.024, Avg CO2=71732.676, Water Usage=10763405.248
Tasks in Queue=1377257.000, Tasks Dropped=0.000
Evaluation average episode reward is 162.33818535480918.

Episode 1140: Avg Net Energy=321.551, Avg CO2=77956.367, Water Usage=7725063.603
Tasks in Queue=1242308.000, Tasks Dropped=0.000
Env sustaindc Task ca-discrete Algo happo Exp happo_baseline_ny_medium updates 1145/3051 episodes, total num timesteps 9379840/25000000, FPS 310.
Average step reward is 0.258302241563797.
Some episodes done, average episode reward is 172.76738195619095.

Episode 1145: Avg Net Energy=326.980, Avg CO2=85485.685, Water Usage=10766965.328
Tasks in Queue=1477603.000, Tasks Dropped=0.000
Evaluation average episode reward is 76.0528323633792.

Episode 1145: Avg Net Energy=323.203, Avg CO2=83481.983, Water Usage=7803836.756
Tasks in Queue=1323126.000, Tasks Dropped=173.000
Env sustaindc Task ca-discrete Algo happo Exp happo_baseline_ny_medium updates 1150/3051 episodes, total num timesteps 9420800/25000000, FPS 310.
Average step reward is 0.25448083877563477.
Some episodes done, average episode reward is 154.11594692876918.

Episode 1150: Avg Net Energy=328.895, Avg CO2=89982.507, Water Usage=10799450.158
Tasks in Queue=1261581.000, Tasks Dropped=0.000
Evaluation average episode reward is 166.78806996748978.

Episode 1150: Avg Net Energy=321.861, Avg CO2=84578.387, Water Usage=7788793.901
Tasks in Queue=558708.000, Tasks Dropped=0.000
Env sustaindc Task ca-discrete Algo happo Exp happo_baseline_ny_medium updates 1155/3051 episodes, total num timesteps 9461760/25000000, FPS 310.
Average step reward is 0.09404949098825455.
Some episodes done, average episode reward is 261.1808606847271.

Episode 1155: Avg Net Energy=336.623, Avg CO2=90000.062, Water Usage=11055561.647
Tasks in Queue=1275373.000, Tasks Dropped=0.000
Evaluation average episode reward is 359.76068513508375.

Episode 1155: Avg Net Energy=318.546, Avg CO2=82045.094, Water Usage=7688330.992
Tasks in Queue=492959.000, Tasks Dropped=0.000
Env sustaindc Task ca-discrete Algo happo Exp happo_baseline_ny_medium updates 1160/3051 episodes, total num timesteps 9502720/25000000, FPS 310.
Average step reward is 0.19176515936851501.
Some episodes done, average episode reward is 331.0457728636793.

Episode 1160: Avg Net Energy=337.648, Avg CO2=70487.107, Water Usage=10812179.861
Tasks in Queue=1156154.000, Tasks Dropped=0.000
Evaluation average episode reward is 241.13861861349778.

Episode 1160: Avg Net Energy=319.998, Avg CO2=83143.736, Water Usage=7849983.873
Tasks in Queue=734307.000, Tasks Dropped=0.000
Env sustaindc Task ca-discrete Algo happo Exp happo_baseline_ny_medium updates 1165/3051 episodes, total num timesteps 9543680/25000000, FPS 310.
Average step reward is 0.11847493052482605.
Some episodes done, average episode reward is 140.73493584140414.

Episode 1165: Avg Net Energy=335.947, Avg CO2=82945.022, Water Usage=10870830.370
Tasks in Queue=1465198.000, Tasks Dropped=0.000
Evaluation average episode reward is -184.24878957428515.

Episode 1165: Avg Net Energy=324.491, Avg CO2=82152.855, Water Usage=7745825.102
Tasks in Queue=1168266.000, Tasks Dropped=0.000
Env sustaindc Task ca-discrete Algo happo Exp happo_baseline_ny_medium updates 1170/3051 episodes, total num timesteps 9584640/25000000, FPS 310.
Average step reward is 0.2778812646865845.
Some episodes done, average episode reward is 213.79158068075895.

Episode 1170: Avg Net Energy=328.985, Avg CO2=92416.355, Water Usage=10766623.369
Tasks in Queue=1546502.000, Tasks Dropped=0.000
Evaluation average episode reward is 323.4476933796553.

Episode 1170: Avg Net Energy=318.224, Avg CO2=86655.037, Water Usage=7724344.009
Tasks in Queue=1511992.000, Tasks Dropped=170.000
Env sustaindc Task ca-discrete Algo happo Exp happo_baseline_ny_medium updates 1175/3051 episodes, total num timesteps 9625600/25000000, FPS 310.
Average step reward is 0.19888439774513245.
Some episodes done, average episode reward is 236.78819538369498.

Episode 1175: Avg Net Energy=331.174, Avg CO2=87921.238, Water Usage=10750100.071
Tasks in Queue=1558480.000, Tasks Dropped=0.000
Evaluation average episode reward is -79.52160944101185.

Episode 1175: Avg Net Energy=323.241, Avg CO2=81968.449, Water Usage=7722929.963
Tasks in Queue=1204013.000, Tasks Dropped=0.000
Env sustaindc Task ca-discrete Algo happo Exp happo_baseline_ny_medium updates 1180/3051 episodes, total num timesteps 9666560/25000000, FPS 310.
Average step reward is 0.08468099683523178.
Some episodes done, average episode reward is 249.14778502373693.

Episode 1180: Avg Net Energy=339.477, Avg CO2=87719.724, Water Usage=10949315.255
Tasks in Queue=1570640.000, Tasks Dropped=0.000
Evaluation average episode reward is 240.07813938661351.

Episode 1180: Avg Net Energy=319.705, Avg CO2=77884.456, Water Usage=7659292.984
Tasks in Queue=1169236.000, Tasks Dropped=156.000
Env sustaindc Task ca-discrete Algo happo Exp happo_baseline_ny_medium updates 1185/3051 episodes, total num timesteps 9707520/25000000, FPS 310.
Average step reward is 0.22935234010219574.
Some episodes done, average episode reward is 168.1517237986518.

Episode 1185: Avg Net Energy=335.306, Avg CO2=72927.497, Water Usage=10689879.160
Tasks in Queue=1476192.000, Tasks Dropped=0.000
Evaluation average episode reward is -34.0653553947239.

Episode 1185: Avg Net Energy=322.575, Avg CO2=83337.219, Water Usage=7689271.420
Tasks in Queue=1222254.000, Tasks Dropped=324.000
Env sustaindc Task ca-discrete Algo happo Exp happo_baseline_ny_medium updates 1190/3051 episodes, total num timesteps 9748480/25000000, FPS 310.
Average step reward is 0.22672083973884583.
Some episodes done, average episode reward is 280.8165253946591.

Episode 1190: Avg Net Energy=330.194, Avg CO2=83851.209, Water Usage=10764594.106
Tasks in Queue=1520283.000, Tasks Dropped=0.000
Evaluation average episode reward is 103.25833708785392.

Episode 1190: Avg Net Energy=322.420, Avg CO2=80954.291, Water Usage=7666276.496
Tasks in Queue=1069660.000, Tasks Dropped=63.000
Env sustaindc Task ca-discrete Algo happo Exp happo_baseline_ny_medium updates 1195/3051 episodes, total num timesteps 9789440/25000000, FPS 310.
Average step reward is 0.16183963418006897.
Some episodes done, average episode reward is 238.20553711276915.

Episode 1195: Avg Net Energy=332.547, Avg CO2=90615.456, Water Usage=10937074.964
Tasks in Queue=1577994.000, Tasks Dropped=0.000
Evaluation average episode reward is 18.212758889395644.

Episode 1195: Avg Net Energy=322.772, Avg CO2=82700.796, Water Usage=7747894.495
Tasks in Queue=1151032.000, Tasks Dropped=563.000
Env sustaindc Task ca-discrete Algo happo Exp happo_baseline_ny_medium updates 1200/3051 episodes, total num timesteps 9830400/25000000, FPS 310.
Average step reward is 0.10991727560758591.
Some episodes done, average episode reward is 255.0790341314859.

Episode 1200: Avg Net Energy=333.518, Avg CO2=87945.448, Water Usage=10899920.231
Tasks in Queue=1565173.000, Tasks Dropped=0.000
Evaluation average episode reward is 93.84710486715142.

Episode 1200: Avg Net Energy=321.929, Avg CO2=78004.694, Water Usage=7807591.271
Tasks in Queue=1192796.000, Tasks Dropped=221.000
Env sustaindc Task ca-discrete Algo happo Exp happo_baseline_ny_medium updates 1205/3051 episodes, total num timesteps 9871360/25000000, FPS 310.
Average step reward is 0.08956699073314667.
Some episodes done, average episode reward is 181.0506430581156.

Episode 1205: Avg Net Energy=337.942, Avg CO2=83939.924, Water Usage=10951923.021
Tasks in Queue=1673566.000, Tasks Dropped=0.000
Evaluation average episode reward is 306.16250914427064.

Episode 1205: Avg Net Energy=318.725, Avg CO2=82640.762, Water Usage=7720518.395
Tasks in Queue=1267297.000, Tasks Dropped=122.000
Env sustaindc Task ca-discrete Algo happo Exp happo_baseline_ny_medium updates 1210/3051 episodes, total num timesteps 9912320/25000000, FPS 310.
Average step reward is 0.22741585969924927.
Some episodes done, average episode reward is 210.484103001076.

Episode 1210: Avg Net Energy=330.757, Avg CO2=75204.847, Water Usage=10786789.722
Tasks in Queue=1445376.000, Tasks Dropped=0.000
Evaluation average episode reward is -37.23125149333138.

Episode 1210: Avg Net Energy=322.714, Avg CO2=82756.141, Water Usage=7688218.970
Tasks in Queue=1142309.000, Tasks Dropped=125.000
Env sustaindc Task ca-discrete Algo happo Exp happo_baseline_ny_medium updates 1215/3051 episodes, total num timesteps 9953280/25000000, FPS 310.
Average step reward is 0.20785081386566162.
Some episodes done, average episode reward is 230.60286668254884.

Episode 1215: Avg Net Energy=328.756, Avg CO2=92351.305, Water Usage=10903857.121
Tasks in Queue=1567486.000, Tasks Dropped=0.000
Evaluation average episode reward is -20.54772532546922.

Episode 1215: Avg Net Energy=325.062, Avg CO2=83231.573, Water Usage=7711019.022
Tasks in Queue=1276352.000, Tasks Dropped=63.000
Env sustaindc Task ca-discrete Algo happo Exp happo_baseline_ny_medium updates 1220/3051 episodes, total num timesteps 9994240/25000000, FPS 310.
Average step reward is 0.10974666476249695.
Some episodes done, average episode reward is 131.29205346390796.

Episode 1220: Avg Net Energy=332.067, Avg CO2=89550.132, Water Usage=10867048.286
Tasks in Queue=1612417.000, Tasks Dropped=0.000
Evaluation average episode reward is 145.74475622152391.

Episode 1220: Avg Net Energy=321.544, Avg CO2=78007.589, Water Usage=7706169.680
Tasks in Queue=1420294.000, Tasks Dropped=105.000
Env sustaindc Task ca-discrete Algo happo Exp happo_baseline_ny_medium updates 1225/3051 episodes, total num timesteps 10035200/25000000, FPS 310.
Average step reward is 0.16020260751247406.
Some episodes done, average episode reward is 156.59238068577505.

Episode 1225: Avg Net Energy=335.220, Avg CO2=79615.974, Water Usage=10853003.651
Tasks in Queue=1597406.000, Tasks Dropped=0.000
Evaluation average episode reward is 292.9883618024971.

Episode 1225: Avg Net Energy=320.008, Avg CO2=83016.953, Water Usage=7647815.428
Tasks in Queue=1222035.000, Tasks Dropped=57.000
Env sustaindc Task ca-discrete Algo happo Exp happo_baseline_ny_medium updates 1230/3051 episodes, total num timesteps 10076160/25000000, FPS 310.
Average step reward is 0.24564513564109802.
Some episodes done, average episode reward is 246.51326062391047.

Episode 1230: Avg Net Energy=331.472, Avg CO2=72708.342, Water Usage=10773894.165
Tasks in Queue=1480137.000, Tasks Dropped=0.000
Evaluation average episode reward is 61.20246917496811.

Episode 1230: Avg Net Energy=323.118, Avg CO2=80813.620, Water Usage=7879026.881
Tasks in Queue=1138364.000, Tasks Dropped=60.000
Env sustaindc Task ca-discrete Algo happo Exp happo_baseline_ny_medium updates 1235/3051 episodes, total num timesteps 10117120/25000000, FPS 310.
Average step reward is 0.18530812859535217.
Some episodes done, average episode reward is 199.2311132924217.

Episode 1235: Avg Net Energy=331.646, Avg CO2=86403.836, Water Usage=10791793.368
Tasks in Queue=1683630.000, Tasks Dropped=0.000
Evaluation average episode reward is 125.20361633604402.

Episode 1235: Avg Net Energy=321.805, Avg CO2=83551.523, Water Usage=7486015.927
Tasks in Queue=1072606.000, Tasks Dropped=0.000
Env sustaindc Task ca-discrete Algo happo Exp happo_baseline_ny_medium updates 1240/3051 episodes, total num timesteps 10158080/25000000, FPS 310.
Average step reward is 0.22252970933914185.
Some episodes done, average episode reward is 137.54655143933863.

Episode 1240: Avg Net Energy=327.557, Avg CO2=88191.582, Water Usage=10873291.235
Tasks in Queue=1687555.000, Tasks Dropped=0.000
Evaluation average episode reward is 211.2594216402678.

Episode 1240: Avg Net Energy=320.820, Avg CO2=77894.489, Water Usage=7649769.484
Tasks in Queue=1010803.000, Tasks Dropped=522.000
Env sustaindc Task ca-discrete Algo happo Exp happo_baseline_ny_medium updates 1245/3051 episodes, total num timesteps 10199040/25000000, FPS 310.
Average step reward is 0.2858908772468567.
Some episodes done, average episode reward is 197.89615148056947.

Episode 1245: Avg Net Energy=326.363, Avg CO2=85560.804, Water Usage=10649503.049
Tasks in Queue=1483876.000, Tasks Dropped=0.000
Evaluation average episode reward is 131.77534323901085.

Episode 1245: Avg Net Energy=320.329, Avg CO2=86524.364, Water Usage=7732020.455
Tasks in Queue=1125228.000, Tasks Dropped=668.000
Env sustaindc Task ca-discrete Algo happo Exp happo_baseline_ny_medium updates 1250/3051 episodes, total num timesteps 10240000/25000000, FPS 310.
Average step reward is 0.1408061981201172.
Some episodes done, average episode reward is 130.95361029208004.

Episode 1250: Avg Net Energy=335.916, Avg CO2=75769.522, Water Usage=10923719.562
Tasks in Queue=1694579.000, Tasks Dropped=0.000
Evaluation average episode reward is 46.83801138386165.

Episode 1250: Avg Net Energy=321.631, Avg CO2=78008.379, Water Usage=7741300.962
Tasks in Queue=1151557.000, Tasks Dropped=15.000
Env sustaindc Task ca-discrete Algo happo Exp happo_baseline_ny_medium updates 1255/3051 episodes, total num timesteps 10280960/25000000, FPS 310.
Average step reward is 0.15915356576442719.
Some episodes done, average episode reward is 241.2971865411794.

Episode 1255: Avg Net Energy=331.833, Avg CO2=81060.701, Water Usage=10884540.162
Tasks in Queue=1672325.000, Tasks Dropped=0.000
Evaluation average episode reward is 217.10041997501858.

Episode 1255: Avg Net Energy=319.674, Avg CO2=77977.591, Water Usage=7823088.742
Tasks in Queue=1036230.000, Tasks Dropped=123.000
Env sustaindc Task ca-discrete Algo happo Exp happo_baseline_ny_medium updates 1260/3051 episodes, total num timesteps 10321920/25000000, FPS 310.
Average step reward is 0.15667413175106049.
Some episodes done, average episode reward is 146.17333468604903.

Episode 1260: Avg Net Energy=331.041, Avg CO2=89867.893, Water Usage=10778636.167
Tasks in Queue=1664787.000, Tasks Dropped=0.000
Evaluation average episode reward is -12.530096549048997.

Episode 1260: Avg Net Energy=322.680, Avg CO2=79828.567, Water Usage=7622837.316
Tasks in Queue=1444462.000, Tasks Dropped=373.000
Env sustaindc Task ca-discrete Algo happo Exp happo_baseline_ny_medium updates 1265/3051 episodes, total num timesteps 10362880/25000000, FPS 310.
Average step reward is 0.1555226445198059.
Some episodes done, average episode reward is 281.5277898632852.

Episode 1265: Avg Net Energy=332.808, Avg CO2=89498.208, Water Usage=10798988.596
Tasks in Queue=1728567.000, Tasks Dropped=0.000
Evaluation average episode reward is 80.92622074455306.

Episode 1265: Avg Net Energy=322.765, Avg CO2=79725.347, Water Usage=7685703.373
Tasks in Queue=1234803.000, Tasks Dropped=165.000
Env sustaindc Task ca-discrete Algo happo Exp happo_baseline_ny_medium updates 1270/3051 episodes, total num timesteps 10403840/25000000, FPS 310.
Average step reward is 0.12223084270954132.
Some episodes done, average episode reward is 178.00245594322152.

Episode 1270: Avg Net Energy=335.904, Avg CO2=84815.386, Water Usage=10835175.593
Tasks in Queue=1863724.000, Tasks Dropped=0.000
Evaluation average episode reward is 100.6259603387369.

Episode 1270: Avg Net Energy=320.744, Avg CO2=82613.901, Water Usage=7751486.984
Tasks in Queue=1627196.000, Tasks Dropped=753.000
Env sustaindc Task ca-discrete Algo happo Exp happo_baseline_ny_medium updates 1275/3051 episodes, total num timesteps 10444800/25000000, FPS 310.
Average step reward is 0.18601784110069275.
Some episodes done, average episode reward is 251.5026414954792.

Episode 1275: Avg Net Energy=335.647, Avg CO2=72953.806, Water Usage=10838002.398
Tasks in Queue=1739333.000, Tasks Dropped=0.000
Evaluation average episode reward is 197.25279710967288.

Episode 1275: Avg Net Energy=321.013, Avg CO2=81257.949, Water Usage=7787987.030
Tasks in Queue=1545280.000, Tasks Dropped=106.000
Env sustaindc Task ca-discrete Algo happo Exp happo_baseline_ny_medium updates 1280/3051 episodes, total num timesteps 10485760/25000000, FPS 310.
Average step reward is 0.18390882015228271.
Some episodes done, average episode reward is 171.49172741771065.

Episode 1280: Avg Net Energy=331.344, Avg CO2=87183.877, Water Usage=10914066.776
Tasks in Queue=2033190.000, Tasks Dropped=0.000
Evaluation average episode reward is 194.8597079495311.

Episode 1280: Avg Net Energy=319.783, Avg CO2=77324.869, Water Usage=7744534.211
Tasks in Queue=1526346.000, Tasks Dropped=101.000
Env sustaindc Task ca-discrete Algo happo Exp happo_baseline_ny_medium updates 1285/3051 episodes, total num timesteps 10526720/25000000, FPS 310.
Average step reward is 0.2062896490097046.
Some episodes done, average episode reward is 213.24316230329032.

Episode 1285: Avg Net Energy=329.144, Avg CO2=89940.612, Water Usage=10704573.604
Tasks in Queue=1684744.000, Tasks Dropped=0.000
Evaluation average episode reward is -42.91858057345751.

Episode 1285: Avg Net Energy=323.439, Avg CO2=81330.502, Water Usage=7766480.825
Tasks in Queue=1378804.000, Tasks Dropped=624.000
Env sustaindc Task ca-discrete Algo happo Exp happo_baseline_ny_medium updates 1290/3051 episodes, total num timesteps 10567680/25000000, FPS 310.
Average step reward is 0.1925489455461502.
Some episodes done, average episode reward is 194.05751065808911.

Episode 1290: Avg Net Energy=330.607, Avg CO2=85589.232, Water Usage=10873178.560
Tasks in Queue=1567868.000, Tasks Dropped=0.000
Evaluation average episode reward is 354.31016923727356.

Episode 1290: Avg Net Energy=318.407, Avg CO2=78845.390, Water Usage=7711205.818
Tasks in Queue=1195330.000, Tasks Dropped=16.000
Env sustaindc Task ca-discrete Algo happo Exp happo_baseline_ny_medium updates 1295/3051 episodes, total num timesteps 10608640/25000000, FPS 310.
Average step reward is 0.2973092198371887.
Some episodes done, average episode reward is 140.17836537874706.

Episode 1295: Avg Net Energy=329.194, Avg CO2=78304.415, Water Usage=10693618.860
Tasks in Queue=1510249.000, Tasks Dropped=0.000
Evaluation average episode reward is -53.82287152767962.

Episode 1295: Avg Net Energy=322.354, Avg CO2=82913.724, Water Usage=7687196.219
Tasks in Queue=1245567.000, Tasks Dropped=375.000
Env sustaindc Task ca-discrete Algo happo Exp happo_baseline_ny_medium updates 1300/3051 episodes, total num timesteps 10649600/25000000, FPS 310.
Average step reward is 0.2729259729385376.
Some episodes done, average episode reward is 227.99777712872117.

Episode 1300: Avg Net Energy=332.830, Avg CO2=76157.142, Water Usage=10824395.056
Tasks in Queue=1625843.000, Tasks Dropped=0.000
Evaluation average episode reward is 376.8108487379716.

Episode 1300: Avg Net Energy=317.977, Avg CO2=83014.915, Water Usage=7758416.193
Tasks in Queue=1331726.000, Tasks Dropped=0.000
Env sustaindc Task ca-discrete Algo happo Exp happo_baseline_ny_medium updates 1305/3051 episodes, total num timesteps 10690560/25000000, FPS 310.
Average step reward is 0.23422759771347046.
Some episodes done, average episode reward is 286.49980334551884.

Episode 1305: Avg Net Energy=329.797, Avg CO2=90186.224, Water Usage=10979225.599
Tasks in Queue=1900619.000, Tasks Dropped=0.000
Evaluation average episode reward is 275.5405227100305.

Episode 1305: Avg Net Energy=318.989, Avg CO2=82614.706, Water Usage=7738243.735
Tasks in Queue=1651252.000, Tasks Dropped=23.000
Env sustaindc Task ca-discrete Algo happo Exp happo_baseline_ny_medium updates 1310/3051 episodes, total num timesteps 10731520/25000000, FPS 310.
Average step reward is -0.005648009479045868.
Some episodes done, average episode reward is 172.53252737876102.

Episode 1310: Avg Net Energy=339.768, Avg CO2=91747.185, Water Usage=10884576.914
Tasks in Queue=2059789.000, Tasks Dropped=0.000
Evaluation average episode reward is -20.107502309918356.

Episode 1310: Avg Net Energy=320.965, Avg CO2=78429.504, Water Usage=7723395.657
Tasks in Queue=1328839.000, Tasks Dropped=26.000
Env sustaindc Task ca-discrete Algo happo Exp happo_baseline_ny_medium updates 1315/3051 episodes, total num timesteps 10772480/25000000, FPS 310.
Average step reward is 0.13596123456954956.
Some episodes done, average episode reward is 152.03892762991757.

Episode 1315: Avg Net Energy=336.674, Avg CO2=82973.844, Water Usage=10847445.392
Tasks in Queue=1768879.000, Tasks Dropped=0.000
Evaluation average episode reward is 31.301264499505653.

Episode 1315: Avg Net Energy=320.506, Avg CO2=82024.062, Water Usage=7740535.237
Tasks in Queue=1042978.000, Tasks Dropped=691.000
Env sustaindc Task ca-discrete Algo happo Exp happo_baseline_ny_medium updates 1320/3051 episodes, total num timesteps 10813440/25000000, FPS 310.
Average step reward is 0.2656620740890503.
Some episodes done, average episode reward is 249.36315589190139.

Episode 1320: Avg Net Energy=331.732, Avg CO2=69541.114, Water Usage=10809969.591
Tasks in Queue=1657710.000, Tasks Dropped=0.000
Evaluation average episode reward is -4.228137116607665.

Episode 1320: Avg Net Energy=322.444, Avg CO2=81628.202, Water Usage=7691546.967
Tasks in Queue=1015851.000, Tasks Dropped=660.000
Env sustaindc Task ca-discrete Algo happo Exp happo_baseline_ny_medium updates 1325/3051 episodes, total num timesteps 10854400/25000000, FPS 310.
Average step reward is 0.23914116621017456.
Some episodes done, average episode reward is 281.3544434196807.

Episode 1325: Avg Net Energy=331.211, Avg CO2=81527.656, Water Usage=10885757.306
Tasks in Queue=1610112.000, Tasks Dropped=0.000
Evaluation average episode reward is -38.69596878357975.

Episode 1325: Avg Net Energy=324.187, Avg CO2=84006.294, Water Usage=7678063.979
Tasks in Queue=1275667.000, Tasks Dropped=246.000
Env sustaindc Task ca-discrete Algo happo Exp happo_baseline_ny_medium updates 1330/3051 episodes, total num timesteps 10895360/25000000, FPS 310.
Average step reward is 0.20221279561519623.
Some episodes done, average episode reward is 253.64367649657515.

Episode 1330: Avg Net Energy=328.984, Avg CO2=87892.821, Water Usage=10783811.766
Tasks in Queue=1633794.000, Tasks Dropped=0.000
Evaluation average episode reward is 136.19404699780821.

Episode 1330: Avg Net Energy=321.205, Avg CO2=82339.611, Water Usage=7819631.670
Tasks in Queue=1277614.000, Tasks Dropped=487.000
Env sustaindc Task ca-discrete Algo happo Exp happo_baseline_ny_medium updates 1335/3051 episodes, total num timesteps 10936320/25000000, FPS 310.
Average step reward is 0.11383628100156784.
Some episodes done, average episode reward is 162.21618981070765.

Episode 1335: Avg Net Energy=334.632, Avg CO2=87890.499, Water Usage=10769267.624
Tasks in Queue=1766459.000, Tasks Dropped=0.000
Evaluation average episode reward is 339.20682967221734.

Episode 1335: Avg Net Energy=319.478, Avg CO2=78168.268, Water Usage=7632461.762
Tasks in Queue=1169291.000, Tasks Dropped=505.000
Env sustaindc Task ca-discrete Algo happo Exp happo_baseline_ny_medium updates 1340/3051 episodes, total num timesteps 10977280/25000000, FPS 310.
Average step reward is 0.22258709371089935.
Some episodes done, average episode reward is 150.2464640427427.

Episode 1340: Avg Net Energy=334.730, Avg CO2=72493.466, Water Usage=10872005.351
Tasks in Queue=1744263.000, Tasks Dropped=0.000
Evaluation average episode reward is 198.02310819368213.

Episode 1340: Avg Net Energy=320.762, Avg CO2=78729.306, Water Usage=7693730.685
Tasks in Queue=1300476.000, Tasks Dropped=536.000
Env sustaindc Task ca-discrete Algo happo Exp happo_baseline_ny_medium updates 1345/3051 episodes, total num timesteps 11018240/25000000, FPS 310.
Average step reward is 0.14269456267356873.
Some episodes done, average episode reward is 281.41277141844057.

Episode 1345: Avg Net Energy=335.609, Avg CO2=80938.029, Water Usage=10769699.110
Tasks in Queue=1893834.000, Tasks Dropped=0.000
Evaluation average episode reward is -82.40801786588398.

Episode 1345: Avg Net Energy=323.978, Avg CO2=84580.209, Water Usage=7765541.582
Tasks in Queue=1500640.000, Tasks Dropped=476.000
Env sustaindc Task ca-discrete Algo happo Exp happo_baseline_ny_medium updates 1350/3051 episodes, total num timesteps 11059200/25000000, FPS 310.
Average step reward is 0.30528348684310913.
Some episodes done, average episode reward is 283.23858046867906.

Episode 1350: Avg Net Energy=326.402, Avg CO2=93667.762, Water Usage=10753984.408
Tasks in Queue=1836231.000, Tasks Dropped=0.000
Evaluation average episode reward is 15.486467746587048.

Episode 1350: Avg Net Energy=322.410, Avg CO2=82453.505, Water Usage=7798319.671
Tasks in Queue=1540406.000, Tasks Dropped=444.000
Env sustaindc Task ca-discrete Algo happo Exp happo_baseline_ny_medium updates 1355/3051 episodes, total num timesteps 11100160/25000000, FPS 310.
Average step reward is 0.15840041637420654.
Some episodes done, average episode reward is 123.09466773652845.

Episode 1355: Avg Net Energy=332.823, Avg CO2=90091.166, Water Usage=10821715.821
Tasks in Queue=1836462.000, Tasks Dropped=0.000
Evaluation average episode reward is -91.34352000897893.

Episode 1355: Avg Net Energy=324.596, Avg CO2=82295.367, Water Usage=7689967.475
Tasks in Queue=1360836.000, Tasks Dropped=111.000
Env sustaindc Task ca-discrete Algo happo Exp happo_baseline_ny_medium updates 1360/3051 episodes, total num timesteps 11141120/25000000, FPS 310.
Average step reward is 0.25987404584884644.
Some episodes done, average episode reward is 168.58056152700368.

Episode 1360: Avg Net Energy=329.841, Avg CO2=78542.010, Water Usage=10769283.929
Tasks in Queue=1678952.000, Tasks Dropped=0.000
Evaluation average episode reward is 393.46391363517995.

Episode 1360: Avg Net Energy=319.377, Avg CO2=78586.980, Water Usage=7669634.596
Tasks in Queue=1316485.000, Tasks Dropped=204.000
Env sustaindc Task ca-discrete Algo happo Exp happo_baseline_ny_medium updates 1365/3051 episodes, total num timesteps 11182080/25000000, FPS 310.
Average step reward is 0.2704101800918579.
Some episodes done, average episode reward is 204.51593505601883.

Episode 1365: Avg Net Energy=331.340, Avg CO2=73788.350, Water Usage=10675524.372
Tasks in Queue=1670723.000, Tasks Dropped=0.000
Evaluation average episode reward is 140.23600996841256.

Episode 1365: Avg Net Energy=322.189, Avg CO2=86016.253, Water Usage=7710691.652
Tasks in Queue=1245083.000, Tasks Dropped=343.000
Env sustaindc Task ca-discrete Algo happo Exp happo_baseline_ny_medium updates 1370/3051 episodes, total num timesteps 11223040/25000000, FPS 310.
Average step reward is 0.16519558429718018.
Some episodes done, average episode reward is 256.8175769793162.

Episode 1370: Avg Net Energy=333.264, Avg CO2=86551.897, Water Usage=10846773.301
Tasks in Queue=1660426.000, Tasks Dropped=0.000
Evaluation average episode reward is -105.13192005947083.

Episode 1370: Avg Net Energy=324.911, Avg CO2=85523.385, Water Usage=7660427.270
Tasks in Queue=1231642.000, Tasks Dropped=90.000
Env sustaindc Task ca-discrete Algo happo Exp happo_baseline_ny_medium updates 1375/3051 episodes, total num timesteps 11264000/25000000, FPS 310.
Average step reward is 0.20412081480026245.
Some episodes done, average episode reward is 229.88926156922594.

Episode 1375: Avg Net Energy=329.257, Avg CO2=89361.146, Water Usage=10867335.446
Tasks in Queue=1716747.000, Tasks Dropped=0.000
Evaluation average episode reward is 155.12864934223603.

Episode 1375: Avg Net Energy=323.302, Avg CO2=80801.362, Water Usage=7835954.109
Tasks in Queue=1103434.000, Tasks Dropped=0.000
Env sustaindc Task ca-discrete Algo happo Exp happo_baseline_ny_medium updates 1380/3051 episodes, total num timesteps 11304960/25000000, FPS 310.
Average step reward is 0.18116047978401184.
Some episodes done, average episode reward is 231.80382161013273.

Episode 1380: Avg Net Energy=332.618, Avg CO2=81650.200, Water Usage=10821402.669
Tasks in Queue=1832459.000, Tasks Dropped=0.000
Evaluation average episode reward is 300.9414950940732.

Episode 1380: Avg Net Energy=319.848, Avg CO2=86327.265, Water Usage=7765560.801
Tasks in Queue=1384321.000, Tasks Dropped=77.000
Env sustaindc Task ca-discrete Algo happo Exp happo_baseline_ny_medium updates 1385/3051 episodes, total num timesteps 11345920/25000000, FPS 310.
Average step reward is 0.14763428270816803.
Some episodes done, average episode reward is 142.90664468507407.

Episode 1385: Avg Net Energy=335.243, Avg CO2=72847.863, Water Usage=10805681.145
Tasks in Queue=2094034.000, Tasks Dropped=0.000
Evaluation average episode reward is -44.40451862838999.

Episode 1385: Avg Net Energy=325.457, Avg CO2=81662.259, Water Usage=7706820.995
Tasks in Queue=1662097.000, Tasks Dropped=614.000
Env sustaindc Task ca-discrete Algo happo Exp happo_baseline_ny_medium updates 1390/3051 episodes, total num timesteps 11386880/25000000, FPS 310.
Average step reward is 0.21494191884994507.
Some episodes done, average episode reward is 237.85121054282462.

Episode 1390: Avg Net Energy=329.962, Avg CO2=82564.233, Water Usage=10782401.299
Tasks in Queue=1809263.000, Tasks Dropped=0.000
Evaluation average episode reward is 239.71008094678723.

Episode 1390: Avg Net Energy=320.883, Avg CO2=83366.037, Water Usage=7673689.921
Tasks in Queue=1670220.000, Tasks Dropped=34.000
Env sustaindc Task ca-discrete Algo happo Exp happo_baseline_ny_medium updates 1395/3051 episodes, total num timesteps 11427840/25000000, FPS 310.
Average step reward is 0.2902757227420807.
Some episodes done, average episode reward is 193.40466611420433.

Episode 1395: Avg Net Energy=326.218, Avg CO2=89687.994, Water Usage=10760364.172
Tasks in Queue=1774325.000, Tasks Dropped=0.000
Evaluation average episode reward is 79.524569378487.

Episode 1395: Avg Net Energy=322.046, Avg CO2=81658.734, Water Usage=7824800.357
Tasks in Queue=1472685.000, Tasks Dropped=24.000
Env sustaindc Task ca-discrete Algo happo Exp happo_baseline_ny_medium updates 1400/3051 episodes, total num timesteps 11468800/25000000, FPS 310.
Average step reward is 0.2335442304611206.
Some episodes done, average episode reward is 161.910058201302.

Episode 1400: Avg Net Energy=328.089, Avg CO2=88102.373, Water Usage=10725858.014
Tasks in Queue=1724799.000, Tasks Dropped=0.000
Evaluation average episode reward is 92.23181228297877.

Episode 1400: Avg Net Energy=323.856, Avg CO2=78397.154, Water Usage=7757322.568
Tasks in Queue=1726916.000, Tasks Dropped=509.000
Env sustaindc Task ca-discrete Algo happo Exp happo_baseline_ny_medium updates 1405/3051 episodes, total num timesteps 11509760/25000000, FPS 310.
Average step reward is 0.13041003048419952.
Some episodes done, average episode reward is 262.2222749946811.

Episode 1405: Avg Net Energy=335.607, Avg CO2=78357.666, Water Usage=10869294.578
Tasks in Queue=1989009.000, Tasks Dropped=0.000
Evaluation average episode reward is -16.383318308102275.

Episode 1405: Avg Net Energy=323.183, Avg CO2=82690.048, Water Usage=7767486.940
Tasks in Queue=1500560.000, Tasks Dropped=229.000
Env sustaindc Task ca-discrete Algo happo Exp happo_baseline_ny_medium updates 1410/3051 episodes, total num timesteps 11550720/25000000, FPS 310.
Average step reward is 0.15351273119449615.
Some episodes done, average episode reward is 140.33708572369682.

Episode 1410: Avg Net Energy=334.285, Avg CO2=77215.163, Water Usage=10860663.121
Tasks in Queue=1950146.000, Tasks Dropped=0.000
Evaluation average episode reward is 56.475588387593326.

Episode 1410: Avg Net Energy=325.539, Avg CO2=83652.322, Water Usage=7675312.889
Tasks in Queue=1763462.000, Tasks Dropped=305.000
Env sustaindc Task ca-discrete Algo happo Exp happo_baseline_ny_medium updates 1415/3051 episodes, total num timesteps 11591680/25000000, FPS 310.
Average step reward is 0.12954583764076233.
Some episodes done, average episode reward is 174.2335965897549.

Episode 1415: Avg Net Energy=335.218, Avg CO2=84234.616, Water Usage=10800666.723
Tasks in Queue=1930749.000, Tasks Dropped=0.000
Evaluation average episode reward is 33.22837678190955.

Episode 1415: Avg Net Energy=325.356, Avg CO2=78941.723, Water Usage=7727639.840
Tasks in Queue=1785623.000, Tasks Dropped=369.000
Env sustaindc Task ca-discrete Algo happo Exp happo_baseline_ny_medium updates 1420/3051 episodes, total num timesteps 11632640/25000000, FPS 310.
Average step reward is 0.09653116762638092.
Some episodes done, average episode reward is 117.8824949697704.

Episode 1420: Avg Net Energy=333.503, Avg CO2=90470.526, Water Usage=10858028.309
Tasks in Queue=1943441.000, Tasks Dropped=0.000
Evaluation average episode reward is 342.73164236554504.

Episode 1420: Avg Net Energy=320.506, Avg CO2=82682.764, Water Usage=7827254.682
Tasks in Queue=1665288.000, Tasks Dropped=379.000
Env sustaindc Task ca-discrete Algo happo Exp happo_baseline_ny_medium updates 1425/3051 episodes, total num timesteps 11673600/25000000, FPS 310.
Average step reward is 0.18802371621131897.
Some episodes done, average episode reward is 257.5902696285084.

Episode 1425: Avg Net Energy=333.615, Avg CO2=83625.691, Water Usage=10819948.324
Tasks in Queue=1752158.000, Tasks Dropped=0.000
Evaluation average episode reward is 414.49642845172707.

Episode 1425: Avg Net Energy=320.371, Avg CO2=84994.959, Water Usage=7816098.087
Tasks in Queue=1357699.000, Tasks Dropped=0.000
Env sustaindc Task ca-discrete Algo happo Exp happo_baseline_ny_medium updates 1430/3051 episodes, total num timesteps 11714560/25000000, FPS 310.
Average step reward is 0.1582518368959427.
Some episodes done, average episode reward is 210.48267356397457.

Episode 1430: Avg Net Energy=335.142, Avg CO2=75400.055, Water Usage=10870074.929
Tasks in Queue=2005150.000, Tasks Dropped=0.000
Evaluation average episode reward is 165.8586431949704.

Episode 1430: Avg Net Energy=320.795, Avg CO2=82789.657, Water Usage=7699168.004
Tasks in Queue=1616778.000, Tasks Dropped=203.000
Env sustaindc Task ca-discrete Algo happo Exp happo_baseline_ny_medium updates 1435/3051 episodes, total num timesteps 11755520/25000000, FPS 310.
Average step reward is 0.21593010425567627.
Some episodes done, average episode reward is 218.58765549745937.

Episode 1435: Avg Net Energy=331.954, Avg CO2=76786.750, Water Usage=10702548.576
Tasks in Queue=1846595.000, Tasks Dropped=0.000
Evaluation average episode reward is -70.69733038078657.

Episode 1435: Avg Net Energy=324.106, Avg CO2=81205.145, Water Usage=7757431.698
Tasks in Queue=1839667.000, Tasks Dropped=354.000
Env sustaindc Task ca-discrete Algo happo Exp happo_baseline_ny_medium updates 1440/3051 episodes, total num timesteps 11796480/25000000, FPS 310.
Average step reward is 0.1795971393585205.
Some episodes done, average episode reward is 150.90088004195354.

Episode 1440: Avg Net Energy=329.352, Avg CO2=89804.130, Water Usage=10786749.551
Tasks in Queue=2037813.000, Tasks Dropped=0.000
Evaluation average episode reward is 306.55576101032136.

Episode 1440: Avg Net Energy=319.773, Avg CO2=78678.135, Water Usage=7686414.756
Tasks in Queue=1770537.000, Tasks Dropped=372.000
Env sustaindc Task ca-discrete Algo happo Exp happo_baseline_ny_medium updates 1445/3051 episodes, total num timesteps 11837440/25000000, FPS 310.
Average step reward is 0.07227298617362976.
Some episodes done, average episode reward is 137.8737439652208.

Episode 1445: Avg Net Energy=336.040, Avg CO2=89469.317, Water Usage=10718781.509
Tasks in Queue=2193507.000, Tasks Dropped=0.000
Evaluation average episode reward is -32.35669120598649.

Episode 1445: Avg Net Energy=323.754, Avg CO2=83277.542, Water Usage=7593662.917
Tasks in Queue=1840716.000, Tasks Dropped=160.000
Env sustaindc Task ca-discrete Algo happo Exp happo_baseline_ny_medium updates 1450/3051 episodes, total num timesteps 11878400/25000000, FPS 310.
Average step reward is 0.18348820507526398.
Some episodes done, average episode reward is 127.26231054709186.

Episode 1450: Avg Net Energy=334.145, Avg CO2=81646.557, Water Usage=10874971.633
Tasks in Queue=2209914.000, Tasks Dropped=0.000
Evaluation average episode reward is 153.77969784023975.

Episode 1450: Avg Net Energy=321.376, Avg CO2=83024.467, Water Usage=7713083.907
Tasks in Queue=1790878.000, Tasks Dropped=338.000
Env sustaindc Task ca-discrete Algo happo Exp happo_baseline_ny_medium updates 1455/3051 episodes, total num timesteps 11919360/25000000, FPS 310.
Average step reward is 0.1882716566324234.
Some episodes done, average episode reward is 302.15429021318414.

Episode 1455: Avg Net Energy=334.517, Avg CO2=76830.090, Water Usage=10826669.836
Tasks in Queue=1894572.000, Tasks Dropped=0.000
Evaluation average episode reward is 92.8188837672642.

Episode 1455: Avg Net Energy=323.101, Avg CO2=85383.129, Water Usage=7651809.084
Tasks in Queue=1777328.000, Tasks Dropped=341.000
Env sustaindc Task ca-discrete Algo happo Exp happo_baseline_ny_medium updates 1460/3051 episodes, total num timesteps 11960320/25000000, FPS 310.
Average step reward is 0.2589764893054962.
Some episodes done, average episode reward is 193.20068256836592.

Episode 1460: Avg Net Energy=328.238, Avg CO2=83575.625, Water Usage=10814135.223
Tasks in Queue=1818775.000, Tasks Dropped=0.000
Evaluation average episode reward is 115.58076728988999.

Episode 1460: Avg Net Energy=323.075, Avg CO2=79816.365, Water Usage=7708489.547
Tasks in Queue=1610705.000, Tasks Dropped=431.000
Env sustaindc Task ca-discrete Algo happo Exp happo_baseline_ny_medium updates 1465/3051 episodes, total num timesteps 12001280/25000000, FPS 310.
Average step reward is 0.14775261282920837.
Some episodes done, average episode reward is 306.13696861099424.

Episode 1465: Avg Net Energy=331.934, Avg CO2=91362.310, Water Usage=10810923.120
Tasks in Queue=1956499.000, Tasks Dropped=0.000
Evaluation average episode reward is 190.39232856827493.

Episode 1465: Avg Net Energy=322.491, Avg CO2=82485.881, Water Usage=7661475.298
Tasks in Queue=1553462.000, Tasks Dropped=0.000
Env sustaindc Task ca-discrete Algo happo Exp happo_baseline_ny_medium updates 1470/3051 episodes, total num timesteps 12042240/25000000, FPS 310.
Average step reward is 0.07584363967180252.
Some episodes done, average episode reward is 104.21618681106318.

Episode 1470: Avg Net Energy=336.925, Avg CO2=85947.982, Water Usage=10939373.760
Tasks in Queue=2097701.000, Tasks Dropped=0.000
Evaluation average episode reward is 218.78479065832053.

Episode 1470: Avg Net Energy=319.978, Avg CO2=78208.167, Water Usage=7803707.556
Tasks in Queue=1596659.000, Tasks Dropped=444.000
Env sustaindc Task ca-discrete Algo happo Exp happo_baseline_ny_medium updates 1475/3051 episodes, total num timesteps 12083200/25000000, FPS 310.
Average step reward is 0.11011914908885956.
Some episodes done, average episode reward is 278.748096954257.

Episode 1475: Avg Net Energy=337.206, Avg CO2=76400.395, Water Usage=10850858.831
Tasks in Queue=2111297.000, Tasks Dropped=0.000
Evaluation average episode reward is 50.32507208531809.

Episode 1475: Avg Net Energy=322.537, Avg CO2=78201.081, Water Usage=7609547.595
Tasks in Queue=1787497.000, Tasks Dropped=100.000
Env sustaindc Task ca-discrete Algo happo Exp happo_baseline_ny_medium updates 1480/3051 episodes, total num timesteps 12124160/25000000, FPS 310.
Average step reward is 0.0611114464700222.
Some episodes done, average episode reward is 209.52182352350263.

Episode 1480: Avg Net Energy=335.146, Avg CO2=83786.040, Water Usage=10883442.774
Tasks in Queue=2181560.000, Tasks Dropped=0.000
Evaluation average episode reward is 286.94264801531557.

Episode 1480: Avg Net Energy=319.777, Avg CO2=77963.913, Water Usage=7616519.102
Tasks in Queue=1817349.000, Tasks Dropped=114.000
Env sustaindc Task ca-discrete Algo happo Exp happo_baseline_ny_medium updates 1485/3051 episodes, total num timesteps 12165120/25000000, FPS 310.
Average step reward is 0.12491068989038467.
Some episodes done, average episode reward is 188.07823149283902.

Episode 1485: Avg Net Energy=330.149, Avg CO2=89880.164, Water Usage=10935177.977
Tasks in Queue=2133744.000, Tasks Dropped=0.000
Evaluation average episode reward is 210.42942948903024.

Episode 1485: Avg Net Energy=321.019, Avg CO2=84757.839, Water Usage=7742398.809
Tasks in Queue=1696470.000, Tasks Dropped=280.000
Env sustaindc Task ca-discrete Algo happo Exp happo_baseline_ny_medium updates 1490/3051 episodes, total num timesteps 12206080/25000000, FPS 310.
Average step reward is 0.06913907825946808.
Some episodes done, average episode reward is 108.42876841979391.

Episode 1490: Avg Net Energy=331.388, Avg CO2=88439.801, Water Usage=10970389.833
Tasks in Queue=2307136.000, Tasks Dropped=0.000
Evaluation average episode reward is 7.079187018859595.

Episode 1490: Avg Net Energy=322.556, Avg CO2=81849.601, Water Usage=7763063.679
Tasks in Queue=1831331.000, Tasks Dropped=16.000
Env sustaindc Task ca-discrete Algo happo Exp happo_baseline_ny_medium updates 1495/3051 episodes, total num timesteps 12247040/25000000, FPS 310.
Average step reward is 0.13690024614334106.
Some episodes done, average episode reward is 150.3096114288404.

Episode 1495: Avg Net Energy=332.611, Avg CO2=79783.194, Water Usage=10802398.479
Tasks in Queue=2290937.000, Tasks Dropped=0.000
Evaluation average episode reward is 336.33316973129394.

Episode 1495: Avg Net Energy=318.340, Avg CO2=81764.432, Water Usage=7722949.553
Tasks in Queue=1764431.000, Tasks Dropped=0.000
Env sustaindc Task ca-discrete Algo happo Exp happo_baseline_ny_medium updates 1500/3051 episodes, total num timesteps 12288000/25000000, FPS 310.
Average step reward is 0.24915824830532074.
Some episodes done, average episode reward is 176.32705843009674.

Episode 1500: Avg Net Energy=326.827, Avg CO2=72671.253, Water Usage=10822812.315
Tasks in Queue=2193575.000, Tasks Dropped=0.000
Evaluation average episode reward is -1.498472775006822.

Episode 1500: Avg Net Energy=321.159, Avg CO2=86242.485, Water Usage=7759037.828
Tasks in Queue=1956379.000, Tasks Dropped=11.000
Env sustaindc Task ca-discrete Algo happo Exp happo_baseline_ny_medium updates 1505/3051 episodes, total num timesteps 12328960/25000000, FPS 310.
Average step reward is 0.12201337516307831.
Some episodes done, average episode reward is 214.29015729580482.

Episode 1505: Avg Net Energy=331.489, Avg CO2=85653.326, Water Usage=10945024.724
Tasks in Queue=2174313.000, Tasks Dropped=0.000
Evaluation average episode reward is 218.59304773998076.

Episode 1505: Avg Net Energy=319.671, Avg CO2=83441.416, Water Usage=7698118.490
Tasks in Queue=1819149.000, Tasks Dropped=0.000
Env sustaindc Task ca-discrete Algo happo Exp happo_baseline_ny_medium updates 1510/3051 episodes, total num timesteps 12369920/25000000, FPS 310.
Average step reward is 0.1299336552619934.
Some episodes done, average episode reward is 46.44680124450903.

Episode 1510: Avg Net Energy=330.661, Avg CO2=90325.879, Water Usage=11038812.070
Tasks in Queue=2313820.000, Tasks Dropped=0.000
Evaluation average episode reward is 239.13069293455473.

Episode 1510: Avg Net Energy=318.931, Avg CO2=78435.213, Water Usage=7708594.095
Tasks in Queue=1737063.000, Tasks Dropped=105.000
Env sustaindc Task ca-discrete Algo happo Exp happo_baseline_ny_medium updates 1515/3051 episodes, total num timesteps 12410880/25000000, FPS 310.
Average step reward is 0.1283445954322815.
Some episodes done, average episode reward is 197.81152504290498.

Episode 1515: Avg Net Energy=329.656, Avg CO2=87494.292, Water Usage=10837067.360
Tasks in Queue=2201343.000, Tasks Dropped=0.000
Evaluation average episode reward is 254.58057277417342.

Episode 1515: Avg Net Energy=318.786, Avg CO2=79047.515, Water Usage=7688344.336
Tasks in Queue=1852962.000, Tasks Dropped=0.000
Env sustaindc Task ca-discrete Algo happo Exp happo_baseline_ny_medium updates 1520/3051 episodes, total num timesteps 12451840/25000000, FPS 310.
Average step reward is 0.04902411624789238.
Some episodes done, average episode reward is 127.79125069191159.

Episode 1520: Avg Net Energy=337.081, Avg CO2=79121.821, Water Usage=10864597.226
Tasks in Queue=2503841.000, Tasks Dropped=0.000
Evaluation average episode reward is 108.24087794271195.

Episode 1520: Avg Net Energy=319.929, Avg CO2=82192.290, Water Usage=7679208.408
Tasks in Queue=1869728.000, Tasks Dropped=156.000
Env sustaindc Task ca-discrete Algo happo Exp happo_baseline_ny_medium updates 1525/3051 episodes, total num timesteps 12492800/25000000, FPS 310.
Average step reward is 0.18392300605773926.
Some episodes done, average episode reward is 120.57119048213835.

Episode 1525: Avg Net Energy=332.038, Avg CO2=77516.231, Water Usage=10901653.769
Tasks in Queue=2115870.000, Tasks Dropped=0.000
Evaluation average episode reward is -64.04870744218715.

Episode 1525: Avg Net Energy=322.892, Avg CO2=85037.047, Water Usage=7612015.743
Tasks in Queue=1908012.000, Tasks Dropped=0.000
Env sustaindc Task ca-discrete Algo happo Exp happo_baseline_ny_medium updates 1530/3051 episodes, total num timesteps 12533760/25000000, FPS 310.
Average step reward is 0.10641089081764221.
Some episodes done, average episode reward is 121.4582693204898.

Episode 1530: Avg Net Energy=332.226, Avg CO2=91931.144, Water Usage=10883425.647
Tasks in Queue=2290524.000, Tasks Dropped=0.000
Evaluation average episode reward is 97.44035760595428.

Episode 1530: Avg Net Energy=321.353, Avg CO2=81356.708, Water Usage=7685124.617
Tasks in Queue=1840180.000, Tasks Dropped=0.000
Env sustaindc Task ca-discrete Algo happo Exp happo_baseline_ny_medium updates 1535/3051 episodes, total num timesteps 12574720/25000000, FPS 310.
Average step reward is 0.12475050240755081.
Some episodes done, average episode reward is 108.65864099079238.

Episode 1535: Avg Net Energy=333.175, Avg CO2=89386.579, Water Usage=10861652.874
Tasks in Queue=2103840.000, Tasks Dropped=0.000
Evaluation average episode reward is -114.34313602817427.

Episode 1535: Avg Net Energy=325.325, Avg CO2=79034.361, Water Usage=7729114.179
Tasks in Queue=1903080.000, Tasks Dropped=64.000
Env sustaindc Task ca-discrete Algo happo Exp happo_baseline_ny_medium updates 1540/3051 episodes, total num timesteps 12615680/25000000, FPS 310.
Average step reward is 0.04370348900556564.
Some episodes done, average episode reward is 223.7446322897384.

Episode 1540: Avg Net Energy=344.456, Avg CO2=81065.469, Water Usage=10944205.923
Tasks in Queue=2109874.000, Tasks Dropped=0.000
Evaluation average episode reward is 153.47331136896267.

Episode 1540: Avg Net Energy=323.508, Avg CO2=81234.456, Water Usage=7622366.206
Tasks in Queue=1688887.000, Tasks Dropped=1.000
Env sustaindc Task ca-discrete Algo happo Exp happo_baseline_ny_medium updates 1545/3051 episodes, total num timesteps 12656640/25000000, FPS 310.
Average step reward is 0.2090817391872406.
Some episodes done, average episode reward is 137.1407926145134.

Episode 1545: Avg Net Energy=337.081, Avg CO2=74172.946, Water Usage=10655342.111
Tasks in Queue=2028014.000, Tasks Dropped=0.000
Evaluation average episode reward is 222.58795639040204.

Episode 1545: Avg Net Energy=321.492, Avg CO2=82895.138, Water Usage=7737042.822
Tasks in Queue=1709883.000, Tasks Dropped=102.000
Env sustaindc Task ca-discrete Algo happo Exp happo_baseline_ny_medium updates 1550/3051 episodes, total num timesteps 12697600/25000000, FPS 310.
Average step reward is 0.21845772862434387.
Some episodes done, average episode reward is 266.53566459143036.

Episode 1550: Avg Net Energy=335.455, Avg CO2=84253.031, Water Usage=10955112.824
Tasks in Queue=2112043.000, Tasks Dropped=0.000
Evaluation average episode reward is 342.19338367457993.

Episode 1550: Avg Net Energy=319.595, Avg CO2=82006.230, Water Usage=7678714.788
Tasks in Queue=1735890.000, Tasks Dropped=102.000
Env sustaindc Task ca-discrete Algo happo Exp happo_baseline_ny_medium updates 1555/3051 episodes, total num timesteps 12738560/25000000, FPS 310.
Average step reward is 0.18218418955802917.
Some episodes done, average episode reward is 312.6742176589778.

Episode 1555: Avg Net Energy=329.913, Avg CO2=88062.310, Water Usage=10874467.496
Tasks in Queue=2169624.000, Tasks Dropped=0.000
Evaluation average episode reward is 173.40448700404087.

Episode 1555: Avg Net Energy=321.432, Avg CO2=78883.438, Water Usage=7627933.998
Tasks in Queue=1741079.000, Tasks Dropped=0.000
Env sustaindc Task ca-discrete Algo happo Exp happo_baseline_ny_medium updates 1560/3051 episodes, total num timesteps 12779520/25000000, FPS 310.
Average step reward is 0.1723228394985199.
Some episodes done, average episode reward is 247.2530792677445.

Episode 1560: Avg Net Energy=329.543, Avg CO2=85497.447, Water Usage=10788808.912
Tasks in Queue=2140509.000, Tasks Dropped=0.000
Evaluation average episode reward is 28.229120033352576.

Episode 1560: Avg Net Energy=322.233, Avg CO2=81183.105, Water Usage=7816581.858
Tasks in Queue=1853111.000, Tasks Dropped=1.000
Env sustaindc Task ca-discrete Algo happo Exp happo_baseline_ny_medium updates 1565/3051 episodes, total num timesteps 12820480/25000000, FPS 310.
Average step reward is 0.18031010031700134.
Some episodes done, average episode reward is 214.4261410955164.

Episode 1565: Avg Net Energy=333.066, Avg CO2=75869.471, Water Usage=10836210.792
Tasks in Queue=2209262.000, Tasks Dropped=0.000
Evaluation average episode reward is 88.75906944030078.

Episode 1565: Avg Net Energy=322.202, Avg CO2=80943.032, Water Usage=7680674.393
Tasks in Queue=1847856.000, Tasks Dropped=24.000
Env sustaindc Task ca-discrete Algo happo Exp happo_baseline_ny_medium updates 1570/3051 episodes, total num timesteps 12861440/25000000, FPS 310.
Average step reward is 0.23710814118385315.
Some episodes done, average episode reward is 157.99504062635123.

Episode 1570: Avg Net Energy=333.431, Avg CO2=75594.461, Water Usage=10704914.621
Tasks in Queue=2197712.000, Tasks Dropped=0.000
Evaluation average episode reward is 101.76315601502402.

Episode 1570: Avg Net Energy=322.057, Avg CO2=78580.253, Water Usage=7712131.664
Tasks in Queue=1860981.000, Tasks Dropped=0.000
Env sustaindc Task ca-discrete Algo happo Exp happo_baseline_ny_medium updates 1575/3051 episodes, total num timesteps 12902400/25000000, FPS 310.
Average step reward is 0.17933298647403717.
Some episodes done, average episode reward is 149.24850189385882.

Episode 1575: Avg Net Energy=330.534, Avg CO2=92575.026, Water Usage=10838891.577
Tasks in Queue=2219257.000, Tasks Dropped=0.000
Evaluation average episode reward is 226.5577390809605.

Episode 1575: Avg Net Energy=320.354, Avg CO2=81256.317, Water Usage=7829080.824
Tasks in Queue=1882440.000, Tasks Dropped=4.000
Env sustaindc Task ca-discrete Algo happo Exp happo_baseline_ny_medium updates 1580/3051 episodes, total num timesteps 12943360/25000000, FPS 310.
Average step reward is 0.09251726418733597.
Some episodes done, average episode reward is 186.92204482873038.

Episode 1580: Avg Net Energy=335.283, Avg CO2=90260.623, Water Usage=10873003.333
Tasks in Queue=2164759.000, Tasks Dropped=0.000
Evaluation average episode reward is 144.35135061030832.

Episode 1580: Avg Net Energy=321.456, Avg CO2=78938.428, Water Usage=7705880.527
Tasks in Queue=1862653.000, Tasks Dropped=45.000
Env sustaindc Task ca-discrete Algo happo Exp happo_baseline_ny_medium updates 1585/3051 episodes, total num timesteps 12984320/25000000, FPS 310.
Average step reward is 0.20022745430469513.
Some episodes done, average episode reward is 206.4987413543741.

Episode 1585: Avg Net Energy=328.553, Avg CO2=85834.933, Water Usage=10717458.697
Tasks in Queue=2250715.000, Tasks Dropped=0.000
Evaluation average episode reward is 237.46817619801686.

Episode 1585: Avg Net Energy=319.836, Avg CO2=78255.477, Water Usage=7805157.264
Tasks in Queue=1921061.000, Tasks Dropped=47.000
Env sustaindc Task ca-discrete Algo happo Exp happo_baseline_ny_medium updates 1590/3051 episodes, total num timesteps 13025280/25000000, FPS 309.
Average step reward is 0.18156389892101288.
Some episodes done, average episode reward is 152.056556294558.

Episode 1590: Avg Net Energy=330.447, Avg CO2=76097.033, Water Usage=10851144.539
Tasks in Queue=2244122.000, Tasks Dropped=0.000
Evaluation average episode reward is 24.63000798149174.

Episode 1590: Avg Net Energy=322.752, Avg CO2=78420.808, Water Usage=7699008.866
Tasks in Queue=1914394.000, Tasks Dropped=0.000
Env sustaindc Task ca-discrete Algo happo Exp happo_baseline_ny_medium updates 1595/3051 episodes, total num timesteps 13066240/25000000, FPS 309.
Average step reward is 0.19500327110290527.
Some episodes done, average episode reward is 191.1805762939896.

Episode 1595: Avg Net Energy=332.144, Avg CO2=83122.314, Water Usage=10942282.452
Tasks in Queue=2130711.000, Tasks Dropped=0.000
Evaluation average episode reward is 254.7825226967411.

Episode 1595: Avg Net Energy=319.993, Avg CO2=78936.553, Water Usage=7647054.556
Tasks in Queue=1784057.000, Tasks Dropped=0.000
Env sustaindc Task ca-discrete Algo happo Exp happo_baseline_ny_medium updates 1600/3051 episodes, total num timesteps 13107200/25000000, FPS 309.
Average step reward is 0.061441995203495026.
Some episodes done, average episode reward is 138.09664063282258.

Episode 1600: Avg Net Energy=333.617, Avg CO2=90307.037, Water Usage=10874857.060
Tasks in Queue=2269196.000, Tasks Dropped=0.000
Evaluation average episode reward is 332.7008580207609.

Episode 1600: Avg Net Energy=318.424, Avg CO2=82748.487, Water Usage=7719284.975
Tasks in Queue=1756423.000, Tasks Dropped=0.000
Env sustaindc Task ca-discrete Algo happo Exp happo_baseline_ny_medium updates 1605/3051 episodes, total num timesteps 13148160/25000000, FPS 309.
Average step reward is 0.12363021075725555.
Some episodes done, average episode reward is 130.37877971133378.

Episode 1605: Avg Net Energy=334.132, Avg CO2=86702.283, Water Usage=10943435.480
Tasks in Queue=2354549.000, Tasks Dropped=0.000
Evaluation average episode reward is 130.78323128916938.

Episode 1605: Avg Net Energy=321.728, Avg CO2=81096.541, Water Usage=7744725.453
Tasks in Queue=1872442.000, Tasks Dropped=0.000
Env sustaindc Task ca-discrete Algo happo Exp happo_baseline_ny_medium updates 1610/3051 episodes, total num timesteps 13189120/25000000, FPS 309.
Average step reward is 0.17652684450149536.
Some episodes done, average episode reward is 196.26095073247762.

Episode 1610: Avg Net Energy=332.535, Avg CO2=74793.595, Water Usage=10815748.532
Tasks in Queue=2274992.000, Tasks Dropped=0.000
Evaluation average episode reward is 40.978275937470755.

Episode 1610: Avg Net Energy=320.872, Avg CO2=86581.862, Water Usage=7691512.614
Tasks in Queue=1854578.000, Tasks Dropped=75.000
Env sustaindc Task ca-discrete Algo happo Exp happo_baseline_ny_medium updates 1615/3051 episodes, total num timesteps 13230080/25000000, FPS 309.
Average step reward is 0.14598149061203003.
Some episodes done, average episode reward is 168.67798048501606.

Episode 1615: Avg Net Energy=334.805, Avg CO2=79987.796, Water Usage=10935458.014
Tasks in Queue=2315795.000, Tasks Dropped=0.000
Evaluation average episode reward is 128.83077517957688.

Episode 1615: Avg Net Energy=320.757, Avg CO2=81079.358, Water Usage=7735480.557
Tasks in Queue=1798965.000, Tasks Dropped=0.000
Env sustaindc Task ca-discrete Algo happo Exp happo_baseline_ny_medium updates 1620/3051 episodes, total num timesteps 13271040/25000000, FPS 309.
Average step reward is 0.08346806466579437.
Some episodes done, average episode reward is 157.46419481453484.

Episode 1620: Avg Net Energy=333.773, Avg CO2=92018.237, Water Usage=10771169.417
Tasks in Queue=2405574.000, Tasks Dropped=0.000
Evaluation average episode reward is 308.1879073103421.

Episode 1620: Avg Net Energy=318.210, Avg CO2=83517.223, Water Usage=7830801.978
Tasks in Queue=1910907.000, Tasks Dropped=0.000
Env sustaindc Task ca-discrete Algo happo Exp happo_baseline_ny_medium updates 1625/3051 episodes, total num timesteps 13312000/25000000, FPS 309.
Average step reward is 0.23027847707271576.
Some episodes done, average episode reward is 188.54104863924144.

Episode 1625: Avg Net Energy=327.527, Avg CO2=87233.399, Water Usage=10633906.782
Tasks in Queue=2314849.000, Tasks Dropped=0.000
Evaluation average episode reward is 41.48265370836677.

Episode 1625: Avg Net Energy=321.139, Avg CO2=82304.688, Water Usage=7694609.819
Tasks in Queue=1971920.000, Tasks Dropped=0.000
Env sustaindc Task ca-discrete Algo happo Exp happo_baseline_ny_medium updates 1630/3051 episodes, total num timesteps 13352960/25000000, FPS 309.
Average step reward is 0.22357261180877686.
Some episodes done, average episode reward is 230.14203647408317.

Episode 1630: Avg Net Energy=327.606, Avg CO2=78210.387, Water Usage=10890622.599
Tasks in Queue=2358794.000, Tasks Dropped=0.000
Evaluation average episode reward is -135.80549051882062.

Episode 1630: Avg Net Energy=324.331, Avg CO2=84595.245, Water Usage=7702054.934
Tasks in Queue=1936947.000, Tasks Dropped=0.000
Env sustaindc Task ca-discrete Algo happo Exp happo_baseline_ny_medium updates 1635/3051 episodes, total num timesteps 13393920/25000000, FPS 309.
Average step reward is 0.2801288962364197.
Some episodes done, average episode reward is 268.69773835801686.

Episode 1635: Avg Net Energy=322.920, Avg CO2=79967.592, Water Usage=10562377.351
Tasks in Queue=2157057.000, Tasks Dropped=0.000
Evaluation average episode reward is -16.363779059437082.

Episode 1635: Avg Net Energy=322.132, Avg CO2=82637.917, Water Usage=7732075.048
Tasks in Queue=1978545.000, Tasks Dropped=0.000
Env sustaindc Task ca-discrete Algo happo Exp happo_baseline_ny_medium updates 1640/3051 episodes, total num timesteps 13434880/25000000, FPS 309.
Average step reward is 0.050756167620420456.
Some episodes done, average episode reward is 127.7618006057962.

Episode 1640: Avg Net Energy=336.442, Avg CO2=87419.439, Water Usage=10882410.871
Tasks in Queue=2209307.000, Tasks Dropped=0.000
Evaluation average episode reward is 252.13516346147904.

Episode 1640: Avg Net Energy=320.991, Avg CO2=79891.569, Water Usage=7641527.844
Tasks in Queue=1873192.000, Tasks Dropped=0.000
Env sustaindc Task ca-discrete Algo happo Exp happo_baseline_ny_medium updates 1645/3051 episodes, total num timesteps 13475840/25000000, FPS 309.
Average step reward is 0.1122610867023468.
Some episodes done, average episode reward is 18.9230536705561.

Episode 1645: Avg Net Energy=332.832, Avg CO2=90437.200, Water Usage=10978859.481
Tasks in Queue=2372584.000, Tasks Dropped=0.000
Evaluation average episode reward is 192.38630782129954.

Episode 1645: Avg Net Energy=322.248, Avg CO2=79778.016, Water Usage=7679297.695
Tasks in Queue=1828869.000, Tasks Dropped=0.000
Env sustaindc Task ca-discrete Algo happo Exp happo_baseline_ny_medium updates 1650/3051 episodes, total num timesteps 13516800/25000000, FPS 309.
Average step reward is 0.040769174695014954.
Some episodes done, average episode reward is 242.7716182729702.

Episode 1650: Avg Net Energy=337.615, Avg CO2=87437.961, Water Usage=10862145.606
Tasks in Queue=2262991.000, Tasks Dropped=0.000
Evaluation average episode reward is 201.58449128456917.

Episode 1650: Avg Net Energy=320.634, Avg CO2=78324.940, Water Usage=7736685.383
Tasks in Queue=1720195.000, Tasks Dropped=0.000
Env sustaindc Task ca-discrete Algo happo Exp happo_baseline_ny_medium updates 1655/3051 episodes, total num timesteps 13557760/25000000, FPS 309.
Average step reward is 0.1720089614391327.
Some episodes done, average episode reward is 112.99019271449548.

Episode 1655: Avg Net Energy=333.889, Avg CO2=72817.781, Water Usage=10746765.473
Tasks in Queue=2302290.000, Tasks Dropped=0.000
Evaluation average episode reward is 213.1782740547463.

Episode 1655: Avg Net Energy=321.772, Avg CO2=80086.182, Water Usage=7776917.870
Tasks in Queue=1725135.000, Tasks Dropped=0.000
Env sustaindc Task ca-discrete Algo happo Exp happo_baseline_ny_medium updates 1660/3051 episodes, total num timesteps 13598720/25000000, FPS 309.
Average step reward is 0.26196426153182983.
Some episodes done, average episode reward is 213.22717336587357.

Episode 1660: Avg Net Energy=326.218, Avg CO2=73933.823, Water Usage=10822871.953
Tasks in Queue=2096197.000, Tasks Dropped=0.000
Evaluation average episode reward is 138.7412121127644.

Episode 1660: Avg Net Energy=322.775, Avg CO2=80831.166, Water Usage=7606798.609
Tasks in Queue=1752643.000, Tasks Dropped=0.000
Env sustaindc Task ca-discrete Algo happo Exp happo_baseline_ny_medium updates 1665/3051 episodes, total num timesteps 13639680/25000000, FPS 309.
Average step reward is 0.08685998618602753.
Some episodes done, average episode reward is 212.34461052794245.

Episode 1665: Avg Net Energy=331.288, Avg CO2=91532.105, Water Usage=10880898.763
Tasks in Queue=2346101.000, Tasks Dropped=0.000
Evaluation average episode reward is 369.9842686510317.

Episode 1665: Avg Net Energy=319.925, Avg CO2=79632.952, Water Usage=7632779.250
Tasks in Queue=1719612.000, Tasks Dropped=0.000
Env sustaindc Task ca-discrete Algo happo Exp happo_baseline_ny_medium updates 1670/3051 episodes, total num timesteps 13680640/25000000, FPS 309.
Average step reward is 0.10759042948484421.
Some episodes done, average episode reward is 55.40729178729447.

Episode 1670: Avg Net Energy=332.342, Avg CO2=89473.595, Water Usage=10787333.375
Tasks in Queue=2313231.000, Tasks Dropped=0.000
Evaluation average episode reward is 148.55223163357508.

Episode 1670: Avg Net Energy=321.243, Avg CO2=78738.950, Water Usage=7683167.194
Tasks in Queue=1691741.000, Tasks Dropped=0.000
Env sustaindc Task ca-discrete Algo happo Exp happo_baseline_ny_medium updates 1675/3051 episodes, total num timesteps 13721600/25000000, FPS 309.
Average step reward is 0.2201625555753708.
Some episodes done, average episode reward is 87.86914000934584.

Episode 1675: Avg Net Energy=330.784, Avg CO2=81028.982, Water Usage=10805255.493
Tasks in Queue=2228583.000, Tasks Dropped=0.000
Evaluation average episode reward is -0.5639359420270201.

Episode 1675: Avg Net Energy=322.176, Avg CO2=81699.055, Water Usage=7834696.447
Tasks in Queue=1793749.000, Tasks Dropped=0.000
Env sustaindc Task ca-discrete Algo happo Exp happo_baseline_ny_medium updates 1680/3051 episodes, total num timesteps 13762560/25000000, FPS 309.
Average step reward is 0.20419946312904358.
Some episodes done, average episode reward is 271.6382111077553.

Episode 1680: Avg Net Energy=333.586, Avg CO2=71192.883, Water Usage=10823315.560
Tasks in Queue=2250811.000, Tasks Dropped=0.000
Evaluation average episode reward is 318.8105439342264.

Episode 1680: Avg Net Energy=318.048, Avg CO2=86720.730, Water Usage=7735231.370
Tasks in Queue=1759406.000, Tasks Dropped=0.000
Env sustaindc Task ca-discrete Algo happo Exp happo_baseline_ny_medium updates 1685/3051 episodes, total num timesteps 13803520/25000000, FPS 309.
Average step reward is 0.11162081360816956.
Some episodes done, average episode reward is 133.28070497814116.

Episode 1685: Avg Net Energy=333.992, Avg CO2=85901.097, Water Usage=10861519.559
Tasks in Queue=2321230.000, Tasks Dropped=0.000
Evaluation average episode reward is 4.053664862512051.

Episode 1685: Avg Net Energy=321.425, Avg CO2=82040.463, Water Usage=7617495.979
Tasks in Queue=1882852.000, Tasks Dropped=0.000
Env sustaindc Task ca-discrete Algo happo Exp happo_baseline_ny_medium updates 1690/3051 episodes, total num timesteps 13844480/25000000, FPS 309.
Average step reward is 0.21174445748329163.
Some episodes done, average episode reward is 189.85030898644465.

Episode 1690: Avg Net Energy=326.208, Avg CO2=87559.929, Water Usage=10757822.045
Tasks in Queue=2495402.000, Tasks Dropped=0.000
Evaluation average episode reward is -77.88720552959377.

Episode 1690: Avg Net Energy=322.433, Avg CO2=85261.733, Water Usage=7807979.512
Tasks in Queue=2160751.000, Tasks Dropped=0.000
Env sustaindc Task ca-discrete Algo happo Exp happo_baseline_ny_medium updates 1695/3051 episodes, total num timesteps 13885440/25000000, FPS 309.
Average step reward is 0.01489704754203558.
Some episodes done, average episode reward is 196.67499046956124.

Episode 1695: Avg Net Energy=334.549, Avg CO2=86459.047, Water Usage=10900328.046
Tasks in Queue=2577101.000, Tasks Dropped=0.000
Evaluation average episode reward is 60.63139288776561.

Episode 1695: Avg Net Energy=321.081, Avg CO2=78362.887, Water Usage=7764402.560
Tasks in Queue=1983299.000, Tasks Dropped=0.000
Env sustaindc Task ca-discrete Algo happo Exp happo_baseline_ny_medium updates 1700/3051 episodes, total num timesteps 13926400/25000000, FPS 309.
Average step reward is 0.15382340550422668.
Some episodes done, average episode reward is 144.6263255954225.

Episode 1700: Avg Net Energy=331.883, Avg CO2=74236.362, Water Usage=10827528.451
Tasks in Queue=2489234.000, Tasks Dropped=0.000
Evaluation average episode reward is 185.9244607363597.

Episode 1700: Avg Net Energy=320.463, Avg CO2=82555.742, Water Usage=7765015.038
Tasks in Queue=1912559.000, Tasks Dropped=0.000
Env sustaindc Task ca-discrete Algo happo Exp happo_baseline_ny_medium updates 1705/3051 episodes, total num timesteps 13967360/25000000, FPS 309.
Average step reward is 0.10161759704351425.
Some episodes done, average episode reward is 146.59756844890046.

Episode 1705: Avg Net Energy=331.284, Avg CO2=82484.084, Water Usage=10772245.981
Tasks in Queue=2200108.000, Tasks Dropped=0.000
Evaluation average episode reward is 322.9436456732182.

Episode 1705: Avg Net Energy=319.475, Avg CO2=78464.875, Water Usage=7811427.268
Tasks in Queue=1795448.000, Tasks Dropped=8.000
Env sustaindc Task ca-discrete Algo happo Exp happo_baseline_ny_medium updates 1710/3051 episodes, total num timesteps 14008320/25000000, FPS 309.
Average step reward is 0.16637490689754486.
Some episodes done, average episode reward is 94.78329874835445.

Episode 1710: Avg Net Energy=328.142, Avg CO2=89337.579, Water Usage=10730874.818
Tasks in Queue=2099826.000, Tasks Dropped=0.000
Evaluation average episode reward is 133.36910942501245.

Episode 1710: Avg Net Energy=320.661, Avg CO2=78367.649, Water Usage=7697485.142
Tasks in Queue=1749319.000, Tasks Dropped=0.000
Env sustaindc Task ca-discrete Algo happo Exp happo_baseline_ny_medium updates 1715/3051 episodes, total num timesteps 14049280/25000000, FPS 309.
Average step reward is 0.20566502213478088.
Some episodes done, average episode reward is 191.18687876278915.

Episode 1715: Avg Net Energy=327.588, Avg CO2=87324.255, Water Usage=10634168.667
Tasks in Queue=1947519.000, Tasks Dropped=0.000
Evaluation average episode reward is -32.19125070007758.

Episode 1715: Avg Net Energy=322.602, Avg CO2=83168.539, Water Usage=7679429.161
Tasks in Queue=1585903.000, Tasks Dropped=0.000
Env sustaindc Task ca-discrete Algo happo Exp happo_baseline_ny_medium updates 1720/3051 episodes, total num timesteps 14090240/25000000, FPS 309.
Average step reward is 0.07616230845451355.
Some episodes done, average episode reward is 189.01348004857653.

Episode 1720: Avg Net Energy=336.830, Avg CO2=85860.728, Water Usage=10983944.131
Tasks in Queue=2195517.000, Tasks Dropped=0.000
Evaluation average episode reward is 341.6479677073671.

Episode 1720: Avg Net Energy=318.920, Avg CO2=78272.257, Water Usage=7713601.112
Tasks in Queue=1740024.000, Tasks Dropped=0.000
Env sustaindc Task ca-discrete Algo happo Exp happo_baseline_ny_medium updates 1725/3051 episodes, total num timesteps 14131200/25000000, FPS 309.
Average step reward is 0.1925581395626068.
Some episodes done, average episode reward is 145.38009559483186.

Episode 1725: Avg Net Energy=333.781, Avg CO2=74309.690, Water Usage=10700310.990
Tasks in Queue=2131048.000, Tasks Dropped=0.000
Evaluation average episode reward is -6.924669097965729.

Episode 1725: Avg Net Energy=323.160, Avg CO2=78151.219, Water Usage=7711556.838
Tasks in Queue=1762617.000, Tasks Dropped=0.000
Env sustaindc Task ca-discrete Algo happo Exp happo_baseline_ny_medium updates 1730/3051 episodes, total num timesteps 14172160/25000000, FPS 309.
Average step reward is 0.21699604392051697.
Some episodes done, average episode reward is 228.37644570200732.

Episode 1730: Avg Net Energy=330.207, Avg CO2=87685.559, Water Usage=10747912.445
Tasks in Queue=2011237.000, Tasks Dropped=0.000
Evaluation average episode reward is 256.2846224199945.

Episode 1730: Avg Net Energy=320.497, Avg CO2=80188.690, Water Usage=7739050.804
Tasks in Queue=1693028.000, Tasks Dropped=0.000
Env sustaindc Task ca-discrete Algo happo Exp happo_baseline_ny_medium updates 1735/3051 episodes, total num timesteps 14213120/25000000, FPS 309.
Average step reward is 0.11662755906581879.
Some episodes done, average episode reward is 230.3470494352749.

Episode 1735: Avg Net Energy=332.278, Avg CO2=90227.148, Water Usage=10789962.941
Tasks in Queue=2172098.000, Tasks Dropped=0.000
Evaluation average episode reward is -15.862941103394954.

Episode 1735: Avg Net Energy=322.553, Avg CO2=82405.649, Water Usage=7642450.081
Tasks in Queue=1705590.000, Tasks Dropped=0.000
Env sustaindc Task ca-discrete Algo happo Exp happo_baseline_ny_medium updates 1740/3051 episodes, total num timesteps 14254080/25000000, FPS 309.
Average step reward is 0.0606609471142292.
Some episodes done, average episode reward is 140.89390535227358.

Episode 1740: Avg Net Energy=339.325, Avg CO2=82761.674, Water Usage=11055467.480
Tasks in Queue=2366570.000, Tasks Dropped=0.000
Evaluation average episode reward is 189.73117646400064.

Episode 1740: Avg Net Energy=321.253, Avg CO2=78941.222, Water Usage=7761332.360
Tasks in Queue=1773875.000, Tasks Dropped=0.000
Env sustaindc Task ca-discrete Algo happo Exp happo_baseline_ny_medium updates 1745/3051 episodes, total num timesteps 14295040/25000000, FPS 309.
Average step reward is 0.1797659993171692.
Some episodes done, average episode reward is 207.64681969498446.

Episode 1745: Avg Net Energy=334.718, Avg CO2=77247.433, Water Usage=10831237.591
Tasks in Queue=2234723.000, Tasks Dropped=0.000
Evaluation average episode reward is -4.327397143249111.

Episode 1745: Avg Net Energy=323.293, Avg CO2=83259.366, Water Usage=7618795.889
Tasks in Queue=1680387.000, Tasks Dropped=0.000
Env sustaindc Task ca-discrete Algo happo Exp happo_baseline_ny_medium updates 1750/3051 episodes, total num timesteps 14336000/25000000, FPS 309.
Average step reward is 0.2942235767841339.
Some episodes done, average episode reward is 285.44385592397424.

Episode 1750: Avg Net Energy=327.593, Avg CO2=77268.251, Water Usage=10808780.075
Tasks in Queue=2167079.000, Tasks Dropped=0.000
Evaluation average episode reward is -42.587136851073296.

Episode 1750: Avg Net Energy=325.081, Avg CO2=78918.883, Water Usage=7705766.084
Tasks in Queue=1843640.000, Tasks Dropped=9.000
Env sustaindc Task ca-discrete Algo happo Exp happo_baseline_ny_medium updates 1755/3051 episodes, total num timesteps 14376960/25000000, FPS 309.
Average step reward is 0.11563646793365479.
Some episodes done, average episode reward is 186.75961066952817.

Episode 1755: Avg Net Energy=332.753, Avg CO2=90091.525, Water Usage=10751773.477
Tasks in Queue=1956915.000, Tasks Dropped=0.000
Evaluation average episode reward is 308.6737693179307.

Episode 1755: Avg Net Energy=320.043, Avg CO2=82123.392, Water Usage=7609605.126
Tasks in Queue=1702761.000, Tasks Dropped=0.000
Env sustaindc Task ca-discrete Algo happo Exp happo_baseline_ny_medium updates 1760/3051 episodes, total num timesteps 14417920/25000000, FPS 309.
Average step reward is 0.14946621656417847.
Some episodes done, average episode reward is 190.59609552144556.

Episode 1760: Avg Net Energy=330.451, Avg CO2=89005.179, Water Usage=10891561.605
Tasks in Queue=1963791.000, Tasks Dropped=0.000
Evaluation average episode reward is 98.03658484665372.

Episode 1760: Avg Net Energy=323.320, Avg CO2=78250.133, Water Usage=7641723.081
Tasks in Queue=1663313.000, Tasks Dropped=0.000
Env sustaindc Task ca-discrete Algo happo Exp happo_baseline_ny_medium updates 1765/3051 episodes, total num timesteps 14458880/25000000, FPS 309.
Average step reward is 0.09202206879854202.
Some episodes done, average episode reward is 243.32020208765556.

Episode 1765: Avg Net Energy=334.658, Avg CO2=82136.805, Water Usage=10988588.609
Tasks in Queue=2353896.000, Tasks Dropped=0.000
Evaluation average episode reward is 118.20676442437168.

Episode 1765: Avg Net Energy=323.081, Avg CO2=81165.852, Water Usage=7833073.423
Tasks in Queue=1730524.000, Tasks Dropped=0.000
Env sustaindc Task ca-discrete Algo happo Exp happo_baseline_ny_medium updates 1770/3051 episodes, total num timesteps 14499840/25000000, FPS 309.
Average step reward is 0.23697125911712646.
Some episodes done, average episode reward is 124.45794132698013.

Episode 1770: Avg Net Energy=328.024, Avg CO2=74643.306, Water Usage=10822362.158
Tasks in Queue=2346726.000, Tasks Dropped=0.000
Evaluation average episode reward is 257.1043063980964.

Episode 1770: Avg Net Energy=319.365, Avg CO2=86609.131, Water Usage=7748067.646
Tasks in Queue=1800520.000, Tasks Dropped=0.000
Env sustaindc Task ca-discrete Algo happo Exp happo_baseline_ny_medium updates 1775/3051 episodes, total num timesteps 14540800/25000000, FPS 309.
Average step reward is 0.12765374779701233.
Some episodes done, average episode reward is 153.55778897280905.

Episode 1775: Avg Net Energy=331.739, Avg CO2=85967.309, Water Usage=10838649.352
Tasks in Queue=2296048.000, Tasks Dropped=0.000
Evaluation average episode reward is 43.49978314948127.

Episode 1775: Avg Net Energy=322.967, Avg CO2=81438.773, Water Usage=7793408.307
Tasks in Queue=1905836.000, Tasks Dropped=0.000
Env sustaindc Task ca-discrete Algo happo Exp happo_baseline_ny_medium updates 1780/3051 episodes, total num timesteps 14581760/25000000, FPS 309.
Average step reward is 0.08036710321903229.
Some episodes done, average episode reward is 26.289710935237053.

Episode 1780: Avg Net Energy=332.677, Avg CO2=89051.804, Water Usage=10946124.715
Tasks in Queue=2399605.000, Tasks Dropped=0.000
Evaluation average episode reward is -74.01806356906805.

Episode 1780: Avg Net Energy=324.015, Avg CO2=85238.816, Water Usage=7744157.280
Tasks in Queue=1820157.000, Tasks Dropped=0.000
Env sustaindc Task ca-discrete Algo happo Exp happo_baseline_ny_medium updates 1785/3051 episodes, total num timesteps 14622720/25000000, FPS 309.
Average step reward is 0.09469881653785706.
Some episodes done, average episode reward is 223.44116810670945.

Episode 1785: Avg Net Energy=336.005, Avg CO2=86041.708, Water Usage=10801898.644
Tasks in Queue=2387769.000, Tasks Dropped=0.000
Evaluation average episode reward is 178.39528193669923.

Episode 1785: Avg Net Energy=322.073, Avg CO2=77958.352, Water Usage=7709619.631
Tasks in Queue=1859064.000, Tasks Dropped=0.000
Env sustaindc Task ca-discrete Algo happo Exp happo_baseline_ny_medium updates 1790/3051 episodes, total num timesteps 14663680/25000000, FPS 309.
Average step reward is 0.1215459555387497.
Some episodes done, average episode reward is 160.07028847149493.

Episode 1790: Avg Net Energy=336.619, Avg CO2=75578.944, Water Usage=10830126.231
Tasks in Queue=2474577.000, Tasks Dropped=0.000
Evaluation average episode reward is 420.22912968914983.

Episode 1790: Avg Net Energy=318.908, Avg CO2=83538.754, Water Usage=7759773.982
Tasks in Queue=1991115.000, Tasks Dropped=0.000
Env sustaindc Task ca-discrete Algo happo Exp happo_baseline_ny_medium updates 1795/3051 episodes, total num timesteps 14704640/25000000, FPS 309.
Average step reward is 0.22338536381721497.
Some episodes done, average episode reward is 185.1273572877006.

Episode 1795: Avg Net Energy=330.930, Avg CO2=77953.934, Water Usage=10799610.351
Tasks in Queue=2460080.000, Tasks Dropped=0.000
Evaluation average episode reward is 67.88222853264362.

Episode 1795: Avg Net Energy=322.431, Avg CO2=81634.493, Water Usage=7627270.963
Tasks in Queue=2018543.000, Tasks Dropped=0.000
Env sustaindc Task ca-discrete Algo happo Exp happo_baseline_ny_medium updates 1800/3051 episodes, total num timesteps 14745600/25000000, FPS 309.
Average step reward is 0.19474723935127258.
Some episodes done, average episode reward is 215.86413201446044.

Episode 1800: Avg Net Energy=328.146, Avg CO2=90621.223, Water Usage=10802430.255
Tasks in Queue=2329200.000, Tasks Dropped=0.000
Evaluation average episode reward is 85.6625663885808.

Episode 1800: Avg Net Energy=322.860, Avg CO2=80246.364, Water Usage=7746332.726
Tasks in Queue=1897478.000, Tasks Dropped=0.000
Env sustaindc Task ca-discrete Algo happo Exp happo_baseline_ny_medium updates 1805/3051 episodes, total num timesteps 14786560/25000000, FPS 309.
Average step reward is 0.2222743183374405.
Some episodes done, average episode reward is 144.91971568534075.

Episode 1805: Avg Net Energy=327.814, Avg CO2=88098.164, Water Usage=10744792.329
Tasks in Queue=2178529.000, Tasks Dropped=0.000
Evaluation average episode reward is 378.38038233099365.

Episode 1805: Avg Net Energy=318.245, Avg CO2=78671.880, Water Usage=7769975.870
Tasks in Queue=1832512.000, Tasks Dropped=0.000
Env sustaindc Task ca-discrete Algo happo Exp happo_baseline_ny_medium updates 1810/3051 episodes, total num timesteps 14827520/25000000, FPS 309.
Average step reward is 0.17867937684059143.
Some episodes done, average episode reward is 189.05762627395444.

Episode 1810: Avg Net Energy=330.105, Avg CO2=82567.137, Water Usage=10807310.334
Tasks in Queue=2371367.000, Tasks Dropped=0.000
Evaluation average episode reward is 19.4393002464961.

Episode 1810: Avg Net Energy=322.064, Avg CO2=82213.224, Water Usage=7826500.755
Tasks in Queue=1885364.000, Tasks Dropped=0.000
Env sustaindc Task ca-discrete Algo happo Exp happo_baseline_ny_medium updates 1815/3051 episodes, total num timesteps 14868480/25000000, FPS 309.
Average step reward is 0.261314332485199.
Some episodes done, average episode reward is 193.26144937264985.

Episode 1815: Avg Net Energy=328.871, Avg CO2=69744.503, Water Usage=10708217.874
Tasks in Queue=2229933.000, Tasks Dropped=0.000
Evaluation average episode reward is 244.42134015116338.

Episode 1815: Avg Net Energy=319.613, Avg CO2=77835.760, Water Usage=7663884.070
Tasks in Queue=1723042.000, Tasks Dropped=0.000
Env sustaindc Task ca-discrete Algo happo Exp happo_baseline_ny_medium updates 1820/3051 episodes, total num timesteps 14909440/25000000, FPS 309.
Average step reward is 0.14334437251091003.
Some episodes done, average episode reward is 158.36961643679678.

Episode 1820: Avg Net Energy=333.269, Avg CO2=86826.851, Water Usage=10846720.597
Tasks in Queue=2289737.000, Tasks Dropped=0.000
Evaluation average episode reward is 49.81111834043849.

Episode 1820: Avg Net Energy=321.410, Avg CO2=82771.423, Water Usage=7687798.168
Tasks in Queue=1783748.000, Tasks Dropped=0.000
Env sustaindc Task ca-discrete Algo happo Exp happo_baseline_ny_medium updates 1825/3051 episodes, total num timesteps 14950400/25000000, FPS 309.
Average step reward is 0.09212221950292587.
Some episodes done, average episode reward is 95.39374583315288.

Episode 1825: Avg Net Energy=333.669, Avg CO2=90578.930, Water Usage=10876712.571
Tasks in Queue=2253767.000, Tasks Dropped=0.000
Evaluation average episode reward is 242.15455718238277.

Episode 1825: Avg Net Energy=318.721, Avg CO2=82946.349, Water Usage=7729891.948
Tasks in Queue=1665479.000, Tasks Dropped=0.000
Env sustaindc Task ca-discrete Algo happo Exp happo_baseline_ny_medium updates 1830/3051 episodes, total num timesteps 14991360/25000000, FPS 309.
Average step reward is 0.19760677218437195.
Some episodes done, average episode reward is 191.72404360793965.

Episode 1830: Avg Net Energy=328.513, Avg CO2=86295.154, Water Usage=10734281.140
Tasks in Queue=2254428.000, Tasks Dropped=0.000
Evaluation average episode reward is 131.83941917120433.

Episode 1830: Avg Net Energy=319.930, Avg CO2=80944.973, Water Usage=7812188.110
Tasks in Queue=1842101.000, Tasks Dropped=0.000
Env sustaindc Task ca-discrete Algo happo Exp happo_baseline_ny_medium updates 1835/3051 episodes, total num timesteps 15032320/25000000, FPS 309.
Average step reward is 0.23153680562973022.
Some episodes done, average episode reward is 155.24371833857506.

Episode 1835: Avg Net Energy=330.525, Avg CO2=72129.945, Water Usage=10679286.292
Tasks in Queue=2257896.000, Tasks Dropped=0.000
Evaluation average episode reward is 81.96975138429049.

Episode 1835: Avg Net Energy=320.821, Avg CO2=82128.105, Water Usage=7761880.655
Tasks in Queue=1785433.000, Tasks Dropped=0.000
Env sustaindc Task ca-discrete Algo happo Exp happo_baseline_ny_medium updates 1840/3051 episodes, total num timesteps 15073280/25000000, FPS 309.
Average step reward is 0.2252884954214096.
Some episodes done, average episode reward is 167.0581725328342.

Episode 1840: Avg Net Energy=327.680, Avg CO2=78860.978, Water Usage=10702202.667
Tasks in Queue=2148637.000, Tasks Dropped=0.000
Evaluation average episode reward is 14.545059744359548.

Episode 1840: Avg Net Energy=322.163, Avg CO2=78061.034, Water Usage=7655542.493
Tasks in Queue=1781462.000, Tasks Dropped=0.000
Env sustaindc Task ca-discrete Algo happo Exp happo_baseline_ny_medium updates 1845/3051 episodes, total num timesteps 15114240/25000000, FPS 309.
Average step reward is 0.2080078125.
Some episodes done, average episode reward is 50.48037581805058.

Episode 1845: Avg Net Energy=328.454, Avg CO2=89862.274, Water Usage=10713768.645
Tasks in Queue=2217637.000, Tasks Dropped=0.000
Evaluation average episode reward is 127.77679245170775.

Episode 1845: Avg Net Energy=321.330, Avg CO2=79482.456, Water Usage=7702687.015
Tasks in Queue=1850084.000, Tasks Dropped=0.000
Env sustaindc Task ca-discrete Algo happo Exp happo_baseline_ny_medium updates 1850/3051 episodes, total num timesteps 15155200/25000000, FPS 309.
Average step reward is 0.18701912462711334.
Some episodes done, average episode reward is 204.07146660995772.

Episode 1850: Avg Net Energy=330.717, Avg CO2=88619.554, Water Usage=10931935.455
Tasks in Queue=2254008.000, Tasks Dropped=0.000
Evaluation average episode reward is 82.76821394222027.

Episode 1850: Avg Net Energy=322.375, Avg CO2=77968.304, Water Usage=7700725.373
Tasks in Queue=1956804.000, Tasks Dropped=0.000
Env sustaindc Task ca-discrete Algo happo Exp happo_baseline_ny_medium updates 1855/3051 episodes, total num timesteps 15196160/25000000, FPS 309.
Average step reward is 0.18246890604496002.
Some episodes done, average episode reward is 212.30284321034742.

Episode 1855: Avg Net Energy=329.430, Avg CO2=78542.006, Water Usage=10829049.963
Tasks in Queue=2571506.000, Tasks Dropped=0.000
Evaluation average episode reward is 126.0964173266771.

Episode 1855: Avg Net Energy=320.591, Avg CO2=77303.528, Water Usage=7578590.062
Tasks in Queue=1998306.000, Tasks Dropped=0.000
Env sustaindc Task ca-discrete Algo happo Exp happo_baseline_ny_medium updates 1860/3051 episodes, total num timesteps 15237120/25000000, FPS 309.
Average step reward is 0.2178591936826706.
Some episodes done, average episode reward is 285.95888724487895.

Episode 1860: Avg Net Energy=329.077, Avg CO2=71327.290, Water Usage=10735285.054
Tasks in Queue=2283825.000, Tasks Dropped=0.000
Evaluation average episode reward is 74.08207120711002.

Episode 1860: Avg Net Energy=321.684, Avg CO2=77847.947, Water Usage=7670524.862
Tasks in Queue=1876485.000, Tasks Dropped=0.000
Env sustaindc Task ca-discrete Algo happo Exp happo_baseline_ny_medium updates 1865/3051 episodes, total num timesteps 15278080/25000000, FPS 309.
Average step reward is 0.07981525361537933.
Some episodes done, average episode reward is 100.9896148441127.

Episode 1865: Avg Net Energy=331.385, Avg CO2=85214.250, Water Usage=10884610.335
Tasks in Queue=2363842.000, Tasks Dropped=0.000
Evaluation average episode reward is 101.65045105858125.

Episode 1865: Avg Net Energy=320.947, Avg CO2=83250.384, Water Usage=7602255.422
Tasks in Queue=1771803.000, Tasks Dropped=0.000
Env sustaindc Task ca-discrete Algo happo Exp happo_baseline_ny_medium updates 1870/3051 episodes, total num timesteps 15319040/25000000, FPS 309.
Average step reward is 0.057535670697689056.
Some episodes done, average episode reward is 144.29589397915865.

Episode 1870: Avg Net Energy=331.583, Avg CO2=88697.898, Water Usage=10866834.202
Tasks in Queue=2405214.000, Tasks Dropped=0.000
Evaluation average episode reward is -73.21992670805525.

Episode 1870: Avg Net Energy=322.206, Avg CO2=78368.643, Water Usage=7804149.100
Tasks in Queue=1980190.000, Tasks Dropped=0.000
Env sustaindc Task ca-discrete Algo happo Exp happo_baseline_ny_medium updates 1875/3051 episodes, total num timesteps 15360000/25000000, FPS 309.
Average step reward is 0.18867307901382446.
Some episodes done, average episode reward is 149.79565882004172.

Episode 1875: Avg Net Energy=328.325, Avg CO2=83270.413, Water Usage=10806769.677
Tasks in Queue=2364279.000, Tasks Dropped=0.000
Evaluation average episode reward is -87.57478008430724.

Episode 1875: Avg Net Energy=322.955, Avg CO2=82025.849, Water Usage=7812089.447
Tasks in Queue=1778095.000, Tasks Dropped=0.000
Env sustaindc Task ca-discrete Algo happo Exp happo_baseline_ny_medium updates 1880/3051 episodes, total num timesteps 15400960/25000000, FPS 309.
Average step reward is 0.14809387922286987.
Some episodes done, average episode reward is 156.22032638281684.

Episode 1880: Avg Net Energy=331.106, Avg CO2=78325.277, Water Usage=10832380.341
Tasks in Queue=2422461.000, Tasks Dropped=0.000
Evaluation average episode reward is 4.266013436607561.

Episode 1880: Avg Net Energy=322.793, Avg CO2=82990.238, Water Usage=7707420.412
Tasks in Queue=1539139.000, Tasks Dropped=0.000
Env sustaindc Task ca-discrete Algo happo Exp happo_baseline_ny_medium updates 1885/3051 episodes, total num timesteps 15441920/25000000, FPS 309.
Average step reward is 0.2016509473323822.
Some episodes done, average episode reward is 133.9653141658232.

Episode 1885: Avg Net Energy=330.129, Avg CO2=81806.631, Water Usage=10807317.830
Tasks in Queue=2107735.000, Tasks Dropped=0.000
Evaluation average episode reward is 166.82967480501904.

Episode 1885: Avg Net Energy=322.183, Avg CO2=77935.370, Water Usage=7738279.871
Tasks in Queue=1641755.000, Tasks Dropped=0.000
Env sustaindc Task ca-discrete Algo happo Exp happo_baseline_ny_medium updates 1890/3051 episodes, total num timesteps 15482880/25000000, FPS 309.
Average step reward is 0.13445626199245453.
Some episodes done, average episode reward is 190.16525398729132.

Episode 1890: Avg Net Energy=330.385, Avg CO2=89782.198, Water Usage=10802794.129
Tasks in Queue=2211920.000, Tasks Dropped=0.000
Evaluation average episode reward is 191.99679396225034.

Episode 1890: Avg Net Energy=322.318, Avg CO2=81634.206, Water Usage=7737763.146
Tasks in Queue=1634492.000, Tasks Dropped=0.000
Env sustaindc Task ca-discrete Algo happo Exp happo_baseline_ny_medium updates 1895/3051 episodes, total num timesteps 15523840/25000000, FPS 309.
Average step reward is 0.226703479886055.
Some episodes done, average episode reward is 206.14905271943437.

Episode 1895: Avg Net Energy=325.387, Avg CO2=85457.967, Water Usage=10671231.723
Tasks in Queue=2181824.000, Tasks Dropped=0.000
Evaluation average episode reward is 308.7864712156891.

Episode 1895: Avg Net Energy=318.820, Avg CO2=87075.721, Water Usage=7687060.316
Tasks in Queue=1666292.000, Tasks Dropped=0.000
Env sustaindc Task ca-discrete Algo happo Exp happo_baseline_ny_medium updates 1900/3051 episodes, total num timesteps 15564800/25000000, FPS 309.
Average step reward is 0.10456006228923798.
Some episodes done, average episode reward is 189.93405875991067.

Episode 1900: Avg Net Energy=331.009, Avg CO2=85867.949, Water Usage=10805477.492
Tasks in Queue=2320355.000, Tasks Dropped=0.000
Evaluation average episode reward is -51.44310919856712.

Episode 1900: Avg Net Energy=322.844, Avg CO2=78636.726, Water Usage=7695499.030
Tasks in Queue=1918396.000, Tasks Dropped=0.000
Env sustaindc Task ca-discrete Algo happo Exp happo_baseline_ny_medium updates 1905/3051 episodes, total num timesteps 15605760/25000000, FPS 309.
Average step reward is 0.08473285287618637.
Some episodes done, average episode reward is 93.06158614462367.

Episode 1905: Avg Net Energy=334.923, Avg CO2=77432.059, Water Usage=10735706.386
Tasks in Queue=2351670.000, Tasks Dropped=0.000
Evaluation average episode reward is 69.93809676109062.

Episode 1905: Avg Net Energy=321.652, Avg CO2=85412.195, Water Usage=7737647.098
Tasks in Queue=1758823.000, Tasks Dropped=0.000
Env sustaindc Task ca-discrete Algo happo Exp happo_baseline_ny_medium updates 1910/3051 episodes, total num timesteps 15646720/25000000, FPS 309.
Average step reward is 0.12980669736862183.
Some episodes done, average episode reward is 138.1670015322445.

Episode 1910: Avg Net Energy=331.814, Avg CO2=85888.302, Water Usage=10860320.031
Tasks in Queue=2341813.000, Tasks Dropped=0.000
Evaluation average episode reward is 276.22974216925724.

Episode 1910: Avg Net Energy=318.635, Avg CO2=77585.342, Water Usage=7697857.082
Tasks in Queue=1875699.000, Tasks Dropped=0.000
Env sustaindc Task ca-discrete Algo happo Exp happo_baseline_ny_medium updates 1915/3051 episodes, total num timesteps 15687680/25000000, FPS 309.
Average step reward is 0.14398729801177979.
Some episodes done, average episode reward is 114.0366345189619.

Episode 1915: Avg Net Energy=330.214, Avg CO2=89224.157, Water Usage=10880151.180
Tasks in Queue=2385189.000, Tasks Dropped=0.000
Evaluation average episode reward is 159.3158967232329.

Episode 1915: Avg Net Energy=319.257, Avg CO2=82203.477, Water Usage=7660830.150
Tasks in Queue=1882703.000, Tasks Dropped=0.000
Env sustaindc Task ca-discrete Algo happo Exp happo_baseline_ny_medium updates 1920/3051 episodes, total num timesteps 15728640/25000000, FPS 309.
Average step reward is 0.1724209189414978.
Some episodes done, average episode reward is 158.65687122629333.

Episode 1920: Avg Net Energy=329.195, Avg CO2=86731.401, Water Usage=10793257.545
Tasks in Queue=2243878.000, Tasks Dropped=0.000
Evaluation average episode reward is 135.1836115277938.

Episode 1920: Avg Net Energy=318.820, Avg CO2=83088.950, Water Usage=7694429.991
Tasks in Queue=1680796.000, Tasks Dropped=0.000
Env sustaindc Task ca-discrete Algo happo Exp happo_baseline_ny_medium updates 1925/3051 episodes, total num timesteps 15769600/25000000, FPS 309.
Average step reward is 0.11738500744104385.
Some episodes done, average episode reward is 204.83375443362593.

Episode 1925: Avg Net Energy=334.581, Avg CO2=77925.742, Water Usage=10815180.319
Tasks in Queue=2397404.000, Tasks Dropped=0.000
Evaluation average episode reward is 116.52426373232005.

Episode 1925: Avg Net Energy=318.660, Avg CO2=82868.967, Water Usage=7719255.130
Tasks in Queue=1644322.000, Tasks Dropped=0.000
Env sustaindc Task ca-discrete Algo happo Exp happo_baseline_ny_medium updates 1930/3051 episodes, total num timesteps 15810560/25000000, FPS 309.
Average step reward is 0.1511431336402893.
Some episodes done, average episode reward is 123.24074012950342.

Episode 1930: Avg Net Energy=333.019, Avg CO2=79263.833, Water Usage=10878337.399
Tasks in Queue=2364727.000, Tasks Dropped=0.000
Evaluation average episode reward is -26.414240141668724.

Episode 1930: Avg Net Energy=320.534, Avg CO2=78355.634, Water Usage=7550203.410
Tasks in Queue=1880115.000, Tasks Dropped=0.000
Env sustaindc Task ca-discrete Algo happo Exp happo_baseline_ny_medium updates 1935/3051 episodes, total num timesteps 15851520/25000000, FPS 309.
Average step reward is 0.17665866017341614.
Some episodes done, average episode reward is 175.48846057085404.

Episode 1935: Avg Net Energy=327.118, Avg CO2=87860.567, Water Usage=10920518.858
Tasks in Queue=2348722.000, Tasks Dropped=0.000
Evaluation average episode reward is -220.10807501230792.

Episode 1935: Avg Net Energy=323.105, Avg CO2=78176.167, Water Usage=7711528.779
Tasks in Queue=1938349.000, Tasks Dropped=0.000
Env sustaindc Task ca-discrete Algo happo Exp happo_baseline_ny_medium updates 1940/3051 episodes, total num timesteps 15892480/25000000, FPS 309.
Average step reward is 0.11180822551250458.
Some episodes done, average episode reward is 217.0476613747661.

Episode 1940: Avg Net Energy=330.510, Avg CO2=88602.645, Water Usage=10878844.103
Tasks in Queue=2282153.000, Tasks Dropped=0.000
Evaluation average episode reward is 75.11876874196746.

Episode 1940: Avg Net Energy=321.163, Avg CO2=79478.713, Water Usage=7593591.910
Tasks in Queue=1814181.000, Tasks Dropped=0.000
Env sustaindc Task ca-discrete Algo happo Exp happo_baseline_ny_medium updates 1945/3051 episodes, total num timesteps 15933440/25000000, FPS 309.
Average step reward is 0.16848333179950714.
Some episodes done, average episode reward is 97.52933868842716.

Episode 1945: Avg Net Energy=329.995, Avg CO2=81566.251, Water Usage=10837583.771
Tasks in Queue=2434796.000, Tasks Dropped=0.000
Evaluation average episode reward is -129.72302741290855.

Episode 1945: Avg Net Energy=325.216, Avg CO2=80982.346, Water Usage=7626519.548
Tasks in Queue=1988143.000, Tasks Dropped=0.000
Env sustaindc Task ca-discrete Algo happo Exp happo_baseline_ny_medium updates 1950/3051 episodes, total num timesteps 15974400/25000000, FPS 309.
Average step reward is 0.026789246127009392.
Some episodes done, average episode reward is 147.79195652834437.

Episode 1950: Avg Net Energy=341.030, Avg CO2=77754.130, Water Usage=10877092.500
Tasks in Queue=2280271.000, Tasks Dropped=0.000
Evaluation average episode reward is 50.22101322586605.

Episode 1950: Avg Net Energy=322.565, Avg CO2=83333.740, Water Usage=7670212.109
Tasks in Queue=1775940.000, Tasks Dropped=0.000
Env sustaindc Task ca-discrete Algo happo Exp happo_baseline_ny_medium updates 1955/3051 episodes, total num timesteps 16015360/25000000, FPS 309.
Average step reward is 0.17553840577602386.
Some episodes done, average episode reward is 142.75688999850377.

Episode 1955: Avg Net Energy=329.531, Avg CO2=84952.828, Water Usage=10813535.263
Tasks in Queue=2102772.000, Tasks Dropped=0.000
Evaluation average episode reward is 66.14412510135388.

Episode 1955: Avg Net Energy=322.245, Avg CO2=78111.579, Water Usage=7717885.597
Tasks in Queue=1870186.000, Tasks Dropped=0.000
Env sustaindc Task ca-discrete Algo happo Exp happo_baseline_ny_medium updates 1960/3051 episodes, total num timesteps 16056320/25000000, FPS 309.
Average step reward is 0.043803177773952484.
Some episodes done, average episode reward is 255.2710133653195.

Episode 1960: Avg Net Energy=334.152, Avg CO2=91508.859, Water Usage=10907006.920
Tasks in Queue=2307089.000, Tasks Dropped=0.000
Evaluation average episode reward is 136.90341588993354.

Episode 1960: Avg Net Energy=323.176, Avg CO2=80735.569, Water Usage=7750230.964
Tasks in Queue=1632946.000, Tasks Dropped=0.000
Env sustaindc Task ca-discrete Algo happo Exp happo_baseline_ny_medium updates 1965/3051 episodes, total num timesteps 16097280/25000000, FPS 309.
Average step reward is 0.14435750246047974.
Some episodes done, average episode reward is 164.7197015227431.

Episode 1965: Avg Net Energy=330.288, Avg CO2=85845.454, Water Usage=10888016.962
Tasks in Queue=2223653.000, Tasks Dropped=0.000
Evaluation average episode reward is 288.51288311708225.

Episode 1965: Avg Net Energy=319.165, Avg CO2=81413.435, Water Usage=7779688.528
Tasks in Queue=1634653.000, Tasks Dropped=0.000
Env sustaindc Task ca-discrete Algo happo Exp happo_baseline_ny_medium updates 1970/3051 episodes, total num timesteps 16138240/25000000, FPS 309.
Average step reward is 0.237565279006958.
Some episodes done, average episode reward is 90.80657223136133.

Episode 1970: Avg Net Energy=329.639, Avg CO2=75505.147, Water Usage=10676290.330
Tasks in Queue=2196047.000, Tasks Dropped=0.000
Evaluation average episode reward is 215.82947672147637.

Episode 1970: Avg Net Energy=320.423, Avg CO2=79362.468, Water Usage=7729449.395
Tasks in Queue=1624759.000, Tasks Dropped=0.000
Env sustaindc Task ca-discrete Algo happo Exp happo_baseline_ny_medium updates 1975/3051 episodes, total num timesteps 16179200/25000000, FPS 309.
Average step reward is 0.17152097821235657.
Some episodes done, average episode reward is 92.05215994630291.

Episode 1975: Avg Net Energy=332.648, Avg CO2=81636.382, Water Usage=10822550.863
Tasks in Queue=2156495.000, Tasks Dropped=0.000
Evaluation average episode reward is -57.25596622174777.

Episode 1975: Avg Net Energy=322.882, Avg CO2=83312.462, Water Usage=7602577.612
Tasks in Queue=1706579.000, Tasks Dropped=0.000
Env sustaindc Task ca-discrete Algo happo Exp happo_baseline_ny_medium updates 1980/3051 episodes, total num timesteps 16220160/25000000, FPS 309.
Average step reward is 0.2550809979438782.
Some episodes done, average episode reward is 278.2579957463074.

Episode 1980: Avg Net Energy=327.069, Avg CO2=90322.965, Water Usage=10798162.558
Tasks in Queue=2320218.000, Tasks Dropped=0.000
Evaluation average episode reward is 121.84152643937973.

Episode 1980: Avg Net Energy=319.459, Avg CO2=82058.392, Water Usage=7828553.555
Tasks in Queue=1800209.000, Tasks Dropped=0.000
Env sustaindc Task ca-discrete Algo happo Exp happo_baseline_ny_medium updates 1985/3051 episodes, total num timesteps 16261120/25000000, FPS 309.
Average step reward is 0.13122442364692688.
Some episodes done, average episode reward is 277.31205554507096.

Episode 1985: Avg Net Energy=328.991, Avg CO2=88638.273, Water Usage=10794205.961
Tasks in Queue=2442578.000, Tasks Dropped=0.000
Evaluation average episode reward is 97.73116111125564.

Episode 1985: Avg Net Energy=320.540, Avg CO2=83873.825, Water Usage=7582800.352
Tasks in Queue=2123111.000, Tasks Dropped=0.000
Env sustaindc Task ca-discrete Algo happo Exp happo_baseline_ny_medium updates 1990/3051 episodes, total num timesteps 16302080/25000000, FPS 309.
Average step reward is 0.06722120940685272.
Some episodes done, average episode reward is 106.26331655667923.

Episode 1990: Avg Net Energy=335.462, Avg CO2=86999.859, Water Usage=10967670.740
Tasks in Queue=2457230.000, Tasks Dropped=0.000
Evaluation average episode reward is 260.34242987759507.

Episode 1990: Avg Net Energy=319.439, Avg CO2=78121.946, Water Usage=7683400.002
Tasks in Queue=1854619.000, Tasks Dropped=0.000
Env sustaindc Task ca-discrete Algo happo Exp happo_baseline_ny_medium updates 1995/3051 episodes, total num timesteps 16343040/25000000, FPS 309.
Average step reward is 0.1815320998430252.
Some episodes done, average episode reward is 131.30502446140878.

Episode 1995: Avg Net Energy=330.941, Avg CO2=79684.104, Water Usage=10802715.955
Tasks in Queue=2238169.000, Tasks Dropped=0.000
Evaluation average episode reward is 121.60199883951464.

Episode 1995: Avg Net Energy=321.586, Avg CO2=79265.273, Water Usage=7723052.463
Tasks in Queue=1853981.000, Tasks Dropped=0.000
Env sustaindc Task ca-discrete Algo happo Exp happo_baseline_ny_medium updates 2000/3051 episodes, total num timesteps 16384000/25000000, FPS 309.
Average step reward is 0.19223502278327942.
Some episodes done, average episode reward is 222.5536095583395.

Episode 2000: Avg Net Energy=329.430, Avg CO2=84690.548, Water Usage=10831317.605
Tasks in Queue=2220475.000, Tasks Dropped=0.000
Evaluation average episode reward is -64.31137110048097.

Episode 2000: Avg Net Energy=324.031, Avg CO2=81698.258, Water Usage=7715241.428
Tasks in Queue=1770490.000, Tasks Dropped=0.000
Env sustaindc Task ca-discrete Algo happo Exp happo_baseline_ny_medium updates 2005/3051 episodes, total num timesteps 16424960/25000000, FPS 309.
Average step reward is 0.05056905746459961.
Some episodes done, average episode reward is 158.44533223569528.

Episode 2005: Avg Net Energy=332.638, Avg CO2=89533.753, Water Usage=10925097.277
Tasks in Queue=2420672.000, Tasks Dropped=0.000
Evaluation average episode reward is 128.59996206294548.

Episode 2005: Avg Net Energy=320.808, Avg CO2=82667.302, Water Usage=7716620.243
Tasks in Queue=1885313.000, Tasks Dropped=0.000
Env sustaindc Task ca-discrete Algo happo Exp happo_baseline_ny_medium updates 2010/3051 episodes, total num timesteps 16465920/25000000, FPS 309.
Average step reward is 0.11489446461200714.
Some episodes done, average episode reward is 102.46397377707228.

Episode 2010: Avg Net Energy=332.530, Avg CO2=86183.230, Water Usage=10800650.317
Tasks in Queue=2379373.000, Tasks Dropped=0.000
Evaluation average episode reward is 100.37042858643322.

Episode 2010: Avg Net Energy=321.549, Avg CO2=78557.933, Water Usage=7644197.275
Tasks in Queue=1893794.000, Tasks Dropped=0.000
Env sustaindc Task ca-discrete Algo happo Exp happo_baseline_ny_medium updates 2015/3051 episodes, total num timesteps 16506880/25000000, FPS 309.
Average step reward is 0.16772343218326569.
Some episodes done, average episode reward is 93.70713487124388.

Episode 2015: Avg Net Energy=335.571, Avg CO2=75954.734, Water Usage=10888974.967
Tasks in Queue=2295024.000, Tasks Dropped=0.000
Evaluation average episode reward is 202.22013493676016.

Episode 2015: Avg Net Energy=319.961, Avg CO2=85527.123, Water Usage=7855616.359
Tasks in Queue=1678235.000, Tasks Dropped=0.000
Env sustaindc Task ca-discrete Algo happo Exp happo_baseline_ny_medium updates 2020/3051 episodes, total num timesteps 16547840/25000000, FPS 309.
Average step reward is 0.2909851372241974.
Some episodes done, average episode reward is 258.61677123939074.

Episode 2020: Avg Net Energy=330.450, Avg CO2=82564.160, Water Usage=10696050.633
Tasks in Queue=2081137.000, Tasks Dropped=0.000
Evaluation average episode reward is 64.93432152703143.

Episode 2020: Avg Net Energy=323.137, Avg CO2=80790.207, Water Usage=7820354.041
Tasks in Queue=1656057.000, Tasks Dropped=0.000
Env sustaindc Task ca-discrete Algo happo Exp happo_baseline_ny_medium updates 2025/3051 episodes, total num timesteps 16588800/25000000, FPS 309.
Average step reward is 0.32059580087661743.
Some episodes done, average episode reward is 272.90778363866036.

Episode 2025: Avg Net Energy=324.522, Avg CO2=88189.000, Water Usage=10710830.731
Tasks in Queue=2004143.000, Tasks Dropped=0.000
Evaluation average episode reward is 39.34216522742936.

Episode 2025: Avg Net Energy=323.282, Avg CO2=85518.926, Water Usage=7719632.176
Tasks in Queue=1512301.000, Tasks Dropped=0.000
Env sustaindc Task ca-discrete Algo happo Exp happo_baseline_ny_medium updates 2030/3051 episodes, total num timesteps 16629760/25000000, FPS 309.
Average step reward is 0.1630840301513672.
Some episodes done, average episode reward is 163.5945793491236.

Episode 2030: Avg Net Energy=332.453, Avg CO2=89514.667, Water Usage=10814885.458
Tasks in Queue=2268646.000, Tasks Dropped=0.000
Evaluation average episode reward is 42.466362367348054.

Episode 2030: Avg Net Energy=323.590, Avg CO2=82620.449, Water Usage=7649282.653
Tasks in Queue=1660819.000, Tasks Dropped=0.000
Env sustaindc Task ca-discrete Algo happo Exp happo_baseline_ny_medium updates 2035/3051 episodes, total num timesteps 16670720/25000000, FPS 309.
Average step reward is 0.23251113295555115.
Some episodes done, average episode reward is 223.43118938700357.

Episode 2035: Avg Net Energy=330.064, Avg CO2=78883.663, Water Usage=10795781.149
Tasks in Queue=2339591.000, Tasks Dropped=0.000
Evaluation average episode reward is 194.70454061074986.

Episode 2035: Avg Net Energy=322.778, Avg CO2=80582.175, Water Usage=7683132.594
Tasks in Queue=1692119.000, Tasks Dropped=0.000
Env sustaindc Task ca-discrete Algo happo Exp happo_baseline_ny_medium updates 2040/3051 episodes, total num timesteps 16711680/25000000, FPS 309.
Average step reward is 0.23049494624137878.
Some episodes done, average episode reward is 267.6073788631867.

Episode 2040: Avg Net Energy=327.904, Avg CO2=76791.178, Water Usage=10748209.266
Tasks in Queue=2158602.000, Tasks Dropped=0.000
Evaluation average episode reward is -15.928518834729687.

Episode 2040: Avg Net Energy=323.702, Avg CO2=82305.571, Water Usage=7740004.256
Tasks in Queue=1905214.000, Tasks Dropped=0.000
Env sustaindc Task ca-discrete Algo happo Exp happo_baseline_ny_medium updates 2045/3051 episodes, total num timesteps 16752640/25000000, FPS 309.
Average step reward is 0.2479398250579834.
Some episodes done, average episode reward is 196.9490453769789.

Episode 2045: Avg Net Energy=322.614, Avg CO2=83872.726, Water Usage=10700451.109
Tasks in Queue=2048449.000, Tasks Dropped=0.000
Evaluation average episode reward is 140.525010502039.

Episode 2045: Avg Net Energy=323.093, Avg CO2=85463.497, Water Usage=7644820.795
Tasks in Queue=1703796.000, Tasks Dropped=0.000
Env sustaindc Task ca-discrete Algo happo Exp happo_baseline_ny_medium updates 2050/3051 episodes, total num timesteps 16793600/25000000, FPS 309.
Average step reward is 0.05921776592731476.
Some episodes done, average episode reward is 151.30339674519666.

Episode 2050: Avg Net Energy=331.517, Avg CO2=90103.697, Water Usage=10892791.188
Tasks in Queue=2263433.000, Tasks Dropped=0.000
Evaluation average episode reward is 216.79851554183242.

Episode 2050: Avg Net Energy=320.637, Avg CO2=78895.394, Water Usage=7701102.802
Tasks in Queue=1548401.000, Tasks Dropped=0.000
Env sustaindc Task ca-discrete Algo happo Exp happo_baseline_ny_medium updates 2055/3051 episodes, total num timesteps 16834560/25000000, FPS 309.
Average step reward is 0.00958317518234253.
Some episodes done, average episode reward is 57.87954684946542.

Episode 2055: Avg Net Energy=336.771, Avg CO2=89839.987, Water Usage=10813023.332
Tasks in Queue=2204518.000, Tasks Dropped=0.000
Evaluation average episode reward is 10.044643668716693.

Episode 2055: Avg Net Energy=322.998, Avg CO2=78383.102, Water Usage=7762431.207
Tasks in Queue=1744644.000, Tasks Dropped=0.000
Env sustaindc Task ca-discrete Algo happo Exp happo_baseline_ny_medium updates 2060/3051 episodes, total num timesteps 16875520/25000000, FPS 309.
Average step reward is 0.18318940699100494.
Some episodes done, average episode reward is 154.4174206232112.

Episode 2060: Avg Net Energy=329.791, Avg CO2=78670.421, Water Usage=10852905.223
Tasks in Queue=2559638.000, Tasks Dropped=0.000
Evaluation average episode reward is 11.89848164360617.

Episode 2060: Avg Net Energy=322.466, Avg CO2=83433.399, Water Usage=7823114.449
Tasks in Queue=2306006.000, Tasks Dropped=0.000
Env sustaindc Task ca-discrete Algo happo Exp happo_baseline_ny_medium updates 2065/3051 episodes, total num timesteps 16916480/25000000, FPS 309.
Average step reward is 0.13817140460014343.
Some episodes done, average episode reward is 125.03007415561524.

Episode 2065: Avg Net Energy=331.345, Avg CO2=78396.798, Water Usage=10718395.322
Tasks in Queue=2407966.000, Tasks Dropped=0.000
Evaluation average episode reward is 231.26871416157476.

Episode 2065: Avg Net Energy=318.077, Avg CO2=81584.581, Water Usage=7773542.329
Tasks in Queue=2264023.000, Tasks Dropped=0.000
Env sustaindc Task ca-discrete Algo happo Exp happo_baseline_ny_medium updates 2070/3051 episodes, total num timesteps 16957440/25000000, FPS 309.
Average step reward is 0.19659468531608582.
Some episodes done, average episode reward is 116.3625176192761.

Episode 2070: Avg Net Energy=327.804, Avg CO2=89599.900, Water Usage=10805219.153
Tasks in Queue=2384727.000, Tasks Dropped=0.000
Evaluation average episode reward is -133.84137909917717.

Episode 2070: Avg Net Energy=323.343, Avg CO2=81621.961, Water Usage=7748225.024
Tasks in Queue=1870244.000, Tasks Dropped=0.000
Env sustaindc Task ca-discrete Algo happo Exp happo_baseline_ny_medium updates 2075/3051 episodes, total num timesteps 16998400/25000000, FPS 309.
Average step reward is -0.025333791971206665.
Some episodes done, average episode reward is 205.1287493127328.

Episode 2075: Avg Net Energy=337.108, Avg CO2=91190.480, Water Usage=10991753.080
Tasks in Queue=2528337.000, Tasks Dropped=0.000
Evaluation average episode reward is 4.1701760835842565.

Episode 2075: Avg Net Energy=321.104, Avg CO2=77769.509, Water Usage=7695412.446
Tasks in Queue=2130945.000, Tasks Dropped=0.000
Env sustaindc Task ca-discrete Algo happo Exp happo_baseline_ny_medium updates 2080/3051 episodes, total num timesteps 17039360/25000000, FPS 309.
Average step reward is 0.18822893500328064.
Some episodes done, average episode reward is 166.95763397334485.

Episode 2080: Avg Net Energy=328.549, Avg CO2=77951.328, Water Usage=10636730.410
Tasks in Queue=2370875.000, Tasks Dropped=0.000
Evaluation average episode reward is -42.728911908991414.

Episode 2080: Avg Net Energy=322.084, Avg CO2=78043.566, Water Usage=7778512.431
Tasks in Queue=1938754.000, Tasks Dropped=0.000
Env sustaindc Task ca-discrete Algo happo Exp happo_baseline_ny_medium updates 2085/3051 episodes, total num timesteps 17080320/25000000, FPS 309.
Average step reward is 0.151780903339386.
Some episodes done, average episode reward is 178.3575618247396.

Episode 2085: Avg Net Energy=335.309, Avg CO2=72050.143, Water Usage=10762234.297
Tasks in Queue=2301870.000, Tasks Dropped=0.000
Evaluation average episode reward is 179.2104414921524.

Episode 2085: Avg Net Energy=319.480, Avg CO2=82132.032, Water Usage=7812319.801
Tasks in Queue=1971254.000, Tasks Dropped=0.000
Env sustaindc Task ca-discrete Algo happo Exp happo_baseline_ny_medium updates 2090/3051 episodes, total num timesteps 17121280/25000000, FPS 309.
Average step reward is 0.21919047832489014.
Some episodes done, average episode reward is 120.17747624842872.

Episode 2090: Avg Net Energy=327.216, Avg CO2=83163.253, Water Usage=10689863.731
Tasks in Queue=2169313.000, Tasks Dropped=0.000
Evaluation average episode reward is -27.186576555876957.

Episode 2090: Avg Net Energy=321.230, Avg CO2=87246.653, Water Usage=7612528.446
Tasks in Queue=2011555.000, Tasks Dropped=0.000
Env sustaindc Task ca-discrete Algo happo Exp happo_baseline_ny_medium updates 2095/3051 episodes, total num timesteps 17162240/25000000, FPS 309.
Average step reward is 0.09161008149385452.
Some episodes done, average episode reward is 150.74754735471356.

Episode 2095: Avg Net Energy=332.436, Avg CO2=91005.727, Water Usage=10909617.237
Tasks in Queue=2417559.000, Tasks Dropped=0.000
Evaluation average episode reward is 10.940951109507106.

Episode 2095: Avg Net Energy=321.540, Avg CO2=81833.009, Water Usage=7641896.021
Tasks in Queue=1783735.000, Tasks Dropped=0.000
Env sustaindc Task ca-discrete Algo happo Exp happo_baseline_ny_medium updates 2100/3051 episodes, total num timesteps 17203200/25000000, FPS 309.
Average step reward is 0.06292544305324554.
Some episodes done, average episode reward is 147.10281702043386.

Episode 2100: Avg Net Energy=335.014, Avg CO2=87972.991, Water Usage=10917693.426
Tasks in Queue=2374511.000, Tasks Dropped=0.000
Evaluation average episode reward is -33.00542350733485.

Episode 2100: Avg Net Energy=323.391, Avg CO2=80534.572, Water Usage=7780002.163
Tasks in Queue=1793699.000, Tasks Dropped=0.000
Env sustaindc Task ca-discrete Algo happo Exp happo_baseline_ny_medium updates 2105/3051 episodes, total num timesteps 17244160/25000000, FPS 309.
Average step reward is 0.2186267077922821.
Some episodes done, average episode reward is 242.66495363974815.

Episode 2105: Avg Net Energy=327.721, Avg CO2=77860.310, Water Usage=10837551.675
Tasks in Queue=2341650.000, Tasks Dropped=0.000
Evaluation average episode reward is -105.55140408285502.

Episode 2105: Avg Net Energy=324.615, Avg CO2=85641.508, Water Usage=7689808.215
Tasks in Queue=1679675.000, Tasks Dropped=0.000
Env sustaindc Task ca-discrete Algo happo Exp happo_baseline_ny_medium updates 2110/3051 episodes, total num timesteps 17285120/25000000, FPS 309.
Average step reward is 0.20522964000701904.
Some episodes done, average episode reward is 185.29421135501275.

Episode 2110: Avg Net Energy=328.938, Avg CO2=81715.290, Water Usage=10848476.673
Tasks in Queue=2022442.000, Tasks Dropped=0.000
Evaluation average episode reward is 452.0436517605978.

Episode 2110: Avg Net Energy=318.029, Avg CO2=81798.206, Water Usage=7742089.980
Tasks in Queue=1658587.000, Tasks Dropped=0.000
Env sustaindc Task ca-discrete Algo happo Exp happo_baseline_ny_medium updates 2115/3051 episodes, total num timesteps 17326080/25000000, FPS 309.
Average step reward is 0.15179049968719482.
Some episodes done, average episode reward is 154.1322930332296.

Episode 2115: Avg Net Energy=328.824, Avg CO2=88019.057, Water Usage=10767046.059
Tasks in Queue=2175021.000, Tasks Dropped=0.000
Evaluation average episode reward is 39.540311483743984.

Episode 2115: Avg Net Energy=321.686, Avg CO2=82663.691, Water Usage=7745334.217
Tasks in Queue=1784483.000, Tasks Dropped=0.000
Env sustaindc Task ca-discrete Algo happo Exp happo_baseline_ny_medium updates 2120/3051 episodes, total num timesteps 17367040/25000000, FPS 309.
Average step reward is 0.1468999981880188.
Some episodes done, average episode reward is 124.5405978301135.

Episode 2120: Avg Net Energy=329.776, Avg CO2=88936.133, Water Usage=10948005.466
Tasks in Queue=2203951.000, Tasks Dropped=0.000
Evaluation average episode reward is 313.4453739868072.

Episode 2120: Avg Net Energy=319.161, Avg CO2=78475.293, Water Usage=7718801.618
Tasks in Queue=1685985.000, Tasks Dropped=0.000
Env sustaindc Task ca-discrete Algo happo Exp happo_baseline_ny_medium updates 2125/3051 episodes, total num timesteps 17408000/25000000, FPS 309.
Average step reward is 0.27487003803253174.
Some episodes done, average episode reward is 163.19038699244967.

Episode 2125: Avg Net Energy=325.452, Avg CO2=78933.127, Water Usage=10832332.149
Tasks in Queue=2313965.000, Tasks Dropped=0.000
Evaluation average episode reward is -214.90307733302407.

Episode 2125: Avg Net Energy=324.381, Avg CO2=78969.603, Water Usage=7719686.556
Tasks in Queue=1884606.000, Tasks Dropped=0.000
Env sustaindc Task ca-discrete Algo happo Exp happo_baseline_ny_medium updates 2130/3051 episodes, total num timesteps 17448960/25000000, FPS 309.
Average step reward is 0.24446645379066467.
Some episodes done, average episode reward is 268.2855915926581.

Episode 2130: Avg Net Energy=330.328, Avg CO2=71892.044, Water Usage=10778304.937
Tasks in Queue=2125540.000, Tasks Dropped=0.000
Evaluation average episode reward is 60.061288717481126.

Episode 2130: Avg Net Energy=322.474, Avg CO2=78054.884, Water Usage=7674085.737
Tasks in Queue=1733613.000, Tasks Dropped=0.000
Env sustaindc Task ca-discrete Algo happo Exp happo_baseline_ny_medium updates 2135/3051 episodes, total num timesteps 17489920/25000000, FPS 309.
Average step reward is 0.17313215136528015.
Some episodes done, average episode reward is 148.66706150390337.

Episode 2135: Avg Net Energy=329.444, Avg CO2=88764.487, Water Usage=10878749.613
Tasks in Queue=2136714.000, Tasks Dropped=0.000
Evaluation average episode reward is 188.0082175752283.

Episode 2135: Avg Net Energy=320.519, Avg CO2=82396.943, Water Usage=7773317.519
Tasks in Queue=1710452.000, Tasks Dropped=0.000
Env sustaindc Task ca-discrete Algo happo Exp happo_baseline_ny_medium updates 2140/3051 episodes, total num timesteps 17530880/25000000, FPS 309.
Average step reward is 0.1391925811767578.
Some episodes done, average episode reward is 126.85410956619647.

Episode 2140: Avg Net Energy=327.646, Avg CO2=88300.044, Water Usage=10800031.855
Tasks in Queue=2365504.000, Tasks Dropped=0.000
Evaluation average episode reward is -54.23917649324202.

Episode 2140: Avg Net Energy=322.297, Avg CO2=86557.488, Water Usage=7665108.713
Tasks in Queue=1902694.000, Tasks Dropped=0.000
Env sustaindc Task ca-discrete Algo happo Exp happo_baseline_ny_medium updates 2145/3051 episodes, total num timesteps 17571840/25000000, FPS 309.
Average step reward is 0.12210837006568909.
Some episodes done, average episode reward is 142.2364252167893.

Episode 2145: Avg Net Energy=329.434, Avg CO2=87582.423, Water Usage=10734083.545
Tasks in Queue=2329862.000, Tasks Dropped=0.000
Evaluation average episode reward is 222.59971198105677.

Episode 2145: Avg Net Energy=319.124, Avg CO2=82171.230, Water Usage=7649589.165
Tasks in Queue=1816686.000, Tasks Dropped=0.000
Env sustaindc Task ca-discrete Algo happo Exp happo_baseline_ny_medium updates 2150/3051 episodes, total num timesteps 17612800/25000000, FPS 309.
Average step reward is 0.16424314677715302.
Some episodes done, average episode reward is 52.4604940425924.

Episode 2150: Avg Net Energy=334.042, Avg CO2=71904.710, Water Usage=10786109.291
Tasks in Queue=2400237.000, Tasks Dropped=0.000
Evaluation average episode reward is 250.62070138912006.

Episode 2150: Avg Net Energy=319.285, Avg CO2=79903.677, Water Usage=7823572.670
Tasks in Queue=1795548.000, Tasks Dropped=0.000
Env sustaindc Task ca-discrete Algo happo Exp happo_baseline_ny_medium updates 2155/3051 episodes, total num timesteps 17653760/25000000, FPS 309.
Average step reward is 0.10453513264656067.
Some episodes done, average episode reward is 178.0643888318906.

Episode 2155: Avg Net Energy=335.533, Avg CO2=82223.761, Water Usage=10883764.896
Tasks in Queue=2327911.000, Tasks Dropped=0.000
Evaluation average episode reward is 24.90650860178285.

Episode 2155: Avg Net Energy=322.477, Avg CO2=79531.364, Water Usage=7698771.047
Tasks in Queue=1720140.000, Tasks Dropped=0.000
Env sustaindc Task ca-discrete Algo happo Exp happo_baseline_ny_medium updates 2160/3051 episodes, total num timesteps 17694720/25000000, FPS 309.
Average step reward is 0.16590677201747894.
Some episodes done, average episode reward is 202.80140397077543.

Episode 2160: Avg Net Energy=328.412, Avg CO2=89591.532, Water Usage=10733919.032
Tasks in Queue=2183672.000, Tasks Dropped=0.000
Evaluation average episode reward is 128.1183037252233.

Episode 2160: Avg Net Energy=319.926, Avg CO2=81541.050, Water Usage=7759642.688
Tasks in Queue=1628110.000, Tasks Dropped=0.000
Env sustaindc Task ca-discrete Algo happo Exp happo_baseline_ny_medium updates 2165/3051 episodes, total num timesteps 17735680/25000000, FPS 309.
Average step reward is -0.0037681646645069122.
Some episodes done, average episode reward is 160.40682643018465.

Episode 2165: Avg Net Energy=336.973, Avg CO2=90715.806, Water Usage=10892104.321
Tasks in Queue=2290697.000, Tasks Dropped=0.000
Evaluation average episode reward is -32.046995267235864.

Episode 2165: Avg Net Energy=323.948, Avg CO2=84316.754, Water Usage=7694842.995
Tasks in Queue=1693014.000, Tasks Dropped=0.000
Env sustaindc Task ca-discrete Algo happo Exp happo_baseline_ny_medium updates 2170/3051 episodes, total num timesteps 17776640/25000000, FPS 309.
Average step reward is 0.2079489380121231.
Some episodes done, average episode reward is 113.89068811829185.

Episode 2170: Avg Net Energy=330.835, Avg CO2=76803.373, Water Usage=10733299.380
Tasks in Queue=2208246.000, Tasks Dropped=0.000
Evaluation average episode reward is -69.66842894187761.

Episode 2170: Avg Net Energy=324.991, Avg CO2=78793.212, Water Usage=7736494.411
Tasks in Queue=1739321.000, Tasks Dropped=0.000
Env sustaindc Task ca-discrete Algo happo Exp happo_baseline_ny_medium updates 2175/3051 episodes, total num timesteps 17817600/25000000, FPS 309.
Average step reward is 0.13745421171188354.
Some episodes done, average episode reward is 168.59083874668022.

Episode 2175: Avg Net Energy=337.589, Avg CO2=73835.618, Water Usage=10882847.210
Tasks in Queue=2281282.000, Tasks Dropped=0.000
Evaluation average episode reward is 314.1855900844991.

Episode 2175: Avg Net Energy=320.863, Avg CO2=78932.361, Water Usage=7674539.205
Tasks in Queue=1731045.000, Tasks Dropped=0.000
Env sustaindc Task ca-discrete Algo happo Exp happo_baseline_ny_medium updates 2180/3051 episodes, total num timesteps 17858560/25000000, FPS 309.
Average step reward is 0.1428053379058838.
Some episodes done, average episode reward is 189.3313292793866.

Episode 2180: Avg Net Energy=331.925, Avg CO2=84784.378, Water Usage=10783858.927
Tasks in Queue=2092721.000, Tasks Dropped=0.000
Evaluation average episode reward is 342.20749875943903.

Episode 2180: Avg Net Energy=320.287, Avg CO2=81914.771, Water Usage=7798601.184
Tasks in Queue=1674734.000, Tasks Dropped=0.000
Env sustaindc Task ca-discrete Algo happo Exp happo_baseline_ny_medium updates 2185/3051 episodes, total num timesteps 17899520/25000000, FPS 309.
Average step reward is 0.1283707469701767.
Some episodes done, average episode reward is 232.51087926498315.

Episode 2185: Avg Net Energy=332.540, Avg CO2=91221.156, Water Usage=10878431.638
Tasks in Queue=2222823.000, Tasks Dropped=0.000
Evaluation average episode reward is 98.09942158922354.

Episode 2185: Avg Net Energy=321.601, Avg CO2=85907.833, Water Usage=7764199.281
Tasks in Queue=1641094.000, Tasks Dropped=0.000
Env sustaindc Task ca-discrete Algo happo Exp happo_baseline_ny_medium updates 2190/3051 episodes, total num timesteps 17940480/25000000, FPS 309.
Average step reward is 0.19263653457164764.
Some episodes done, average episode reward is 233.4142851313659.

Episode 2190: Avg Net Energy=329.924, Avg CO2=86424.835, Water Usage=10776527.531
Tasks in Queue=2195344.000, Tasks Dropped=0.000
Evaluation average episode reward is 104.69344047030167.

Episode 2190: Avg Net Energy=321.739, Avg CO2=79947.023, Water Usage=7750461.885
Tasks in Queue=1695312.000, Tasks Dropped=0.000
Env sustaindc Task ca-discrete Algo happo Exp happo_baseline_ny_medium updates 2195/3051 episodes, total num timesteps 17981440/25000000, FPS 309.
Average step reward is 0.11544055491685867.
Some episodes done, average episode reward is 151.05081131900724.

Episode 2195: Avg Net Energy=335.195, Avg CO2=76163.565, Water Usage=10841215.175
Tasks in Queue=2493076.000, Tasks Dropped=0.000
Evaluation average episode reward is 121.14169045770602.

Episode 2195: Avg Net Energy=321.982, Avg CO2=79129.356, Water Usage=7684684.069
Tasks in Queue=1763792.000, Tasks Dropped=0.000
Env sustaindc Task ca-discrete Algo happo Exp happo_baseline_ny_medium updates 2200/3051 episodes, total num timesteps 18022400/25000000, FPS 309.
Average step reward is 0.10571956634521484.
Some episodes done, average episode reward is 95.42382812018461.

Episode 2200: Avg Net Energy=336.412, Avg CO2=77976.928, Water Usage=10847389.005
Tasks in Queue=2302698.000, Tasks Dropped=0.000
Evaluation average episode reward is 234.65370383186578.

Episode 2200: Avg Net Energy=319.623, Avg CO2=77733.454, Water Usage=7909905.021
Tasks in Queue=1874686.000, Tasks Dropped=0.000
Env sustaindc Task ca-discrete Algo happo Exp happo_baseline_ny_medium updates 2205/3051 episodes, total num timesteps 18063360/25000000, FPS 309.
Average step reward is 0.20991289615631104.
Some episodes done, average episode reward is 237.5447747752.

Episode 2205: Avg Net Energy=327.868, Avg CO2=88514.219, Water Usage=10852263.000
Tasks in Queue=2335006.000, Tasks Dropped=0.000
Evaluation average episode reward is 55.864608835753224.

Episode 2205: Avg Net Energy=321.741, Avg CO2=81481.307, Water Usage=7733806.634
Tasks in Queue=1807896.000, Tasks Dropped=0.000
Env sustaindc Task ca-discrete Algo happo Exp happo_baseline_ny_medium updates 2210/3051 episodes, total num timesteps 18104320/25000000, FPS 309.
Average step reward is 0.17796313762664795.
Some episodes done, average episode reward is 194.17197071758682.

Episode 2210: Avg Net Energy=328.456, Avg CO2=88628.015, Water Usage=10869179.153
Tasks in Queue=2298755.000, Tasks Dropped=0.000
Evaluation average episode reward is 88.3231515710767.

Episode 2210: Avg Net Energy=320.732, Avg CO2=84669.331, Water Usage=7754993.368
Tasks in Queue=1917500.000, Tasks Dropped=0.000
Env sustaindc Task ca-discrete Algo happo Exp happo_baseline_ny_medium updates 2215/3051 episodes, total num timesteps 18145280/25000000, FPS 309.
Average step reward is 0.1792442500591278.
Some episodes done, average episode reward is 186.68539983191107.

Episode 2215: Avg Net Energy=328.648, Avg CO2=83583.349, Water Usage=10767221.801
Tasks in Queue=2386084.000, Tasks Dropped=0.000
Evaluation average episode reward is -150.9669004284314.

Episode 2215: Avg Net Energy=323.894, Avg CO2=78519.119, Water Usage=7770409.252
Tasks in Queue=2052424.000, Tasks Dropped=0.000
Env sustaindc Task ca-discrete Algo happo Exp happo_baseline_ny_medium updates 2220/3051 episodes, total num timesteps 18186240/25000000, FPS 309.
Average step reward is 0.1866224706172943.
Some episodes done, average episode reward is 174.1331581761125.

Episode 2220: Avg Net Energy=330.342, Avg CO2=72988.137, Water Usage=10791367.842
Tasks in Queue=2439496.000, Tasks Dropped=0.000
Evaluation average episode reward is 123.87019455489242.

Episode 2220: Avg Net Energy=322.018, Avg CO2=84529.581, Water Usage=7535722.975
Tasks in Queue=1974665.000, Tasks Dropped=0.000
Env sustaindc Task ca-discrete Algo happo Exp happo_baseline_ny_medium updates 2225/3051 episodes, total num timesteps 18227200/25000000, FPS 309.
Average step reward is 0.03218047320842743.
Some episodes done, average episode reward is 63.95038174276026.

Episode 2225: Avg Net Energy=336.698, Avg CO2=84425.497, Water Usage=10905483.762
Tasks in Queue=2419057.000, Tasks Dropped=0.000
Evaluation average episode reward is 319.92386595523436.

Episode 2225: Avg Net Energy=318.565, Avg CO2=77487.634, Water Usage=7726469.742
Tasks in Queue=1979400.000, Tasks Dropped=0.000
Env sustaindc Task ca-discrete Algo happo Exp happo_baseline_ny_medium updates 2230/3051 episodes, total num timesteps 18268160/25000000, FPS 309.
Average step reward is -0.005489680916070938.
Some episodes done, average episode reward is 101.30341519204222.

Episode 2230: Avg Net Energy=337.315, Avg CO2=92082.339, Water Usage=11027518.230
Tasks in Queue=2504101.000, Tasks Dropped=0.000
Evaluation average episode reward is 26.117491129718797.

Episode 2230: Avg Net Energy=321.698, Avg CO2=77959.889, Water Usage=7744984.564
Tasks in Queue=1826704.000, Tasks Dropped=0.000
Env sustaindc Task ca-discrete Algo happo Exp happo_baseline_ny_medium updates 2235/3051 episodes, total num timesteps 18309120/25000000, FPS 309.
Average step reward is 0.0010172594338655472.
Some episodes done, average episode reward is 211.88962580202866.

Episode 2235: Avg Net Energy=339.156, Avg CO2=86721.807, Water Usage=11014123.479
Tasks in Queue=2272415.000, Tasks Dropped=0.000
Evaluation average episode reward is 139.09333440875557.

Episode 2235: Avg Net Energy=321.794, Avg CO2=79232.949, Water Usage=7673560.999
Tasks in Queue=1655920.000, Tasks Dropped=0.000
Env sustaindc Task ca-discrete Algo happo Exp happo_baseline_ny_medium updates 2240/3051 episodes, total num timesteps 18350080/25000000, FPS 309.
Average step reward is 0.17492550611495972.
Some episodes done, average episode reward is 189.5889823937825.

Episode 2240: Avg Net Energy=333.686, Avg CO2=74574.888, Water Usage=10895513.013
Tasks in Queue=2340571.000, Tasks Dropped=0.000
Evaluation average episode reward is -159.3043409672052.

Episode 2240: Avg Net Energy=325.623, Avg CO2=79108.097, Water Usage=7699076.365
Tasks in Queue=1649252.000, Tasks Dropped=0.000
Env sustaindc Task ca-discrete Algo happo Exp happo_baseline_ny_medium updates 2245/3051 episodes, total num timesteps 18391040/25000000, FPS 309.
Average step reward is 0.29939866065979004.
Some episodes done, average episode reward is 275.0027710666765.

Episode 2245: Avg Net Energy=328.816, Avg CO2=77856.759, Water Usage=10730067.642
Tasks in Queue=1983118.000, Tasks Dropped=0.000
Evaluation average episode reward is 312.2990839413097.

Episode 2245: Avg Net Energy=320.086, Avg CO2=82896.684, Water Usage=7690883.638
Tasks in Queue=1605311.000, Tasks Dropped=0.000
Env sustaindc Task ca-discrete Algo happo Exp happo_baseline_ny_medium updates 2250/3051 episodes, total num timesteps 18432000/25000000, FPS 309.
Average step reward is 0.14771312475204468.
Some episodes done, average episode reward is 201.01603548137746.

Episode 2250: Avg Net Energy=329.208, Avg CO2=89698.268, Water Usage=10862962.973
Tasks in Queue=2291104.000, Tasks Dropped=0.000
Evaluation average episode reward is 25.149893129781002.

Episode 2250: Avg Net Energy=324.119, Avg CO2=84352.628, Water Usage=7704095.415
Tasks in Queue=1688800.000, Tasks Dropped=0.000
Env sustaindc Task ca-discrete Algo happo Exp happo_baseline_ny_medium updates 2255/3051 episodes, total num timesteps 18472960/25000000, FPS 309.
Average step reward is 0.23436377942562103.
Some episodes done, average episode reward is 66.71630308848836.

Episode 2255: Avg Net Energy=325.883, Avg CO2=86361.828, Water Usage=10754234.053
Tasks in Queue=2178530.000, Tasks Dropped=0.000
Evaluation average episode reward is 63.23126785283464.

Episode 2255: Avg Net Energy=323.575, Avg CO2=85048.791, Water Usage=7731585.283
Tasks in Queue=1794221.000, Tasks Dropped=0.000
Env sustaindc Task ca-discrete Algo happo Exp happo_baseline_ny_medium updates 2260/3051 episodes, total num timesteps 18513920/25000000, FPS 309.
Average step reward is 0.23324918746948242.
Some episodes done, average episode reward is 190.52473710048451.

Episode 2260: Avg Net Energy=328.049, Avg CO2=77811.358, Water Usage=10771283.268
Tasks in Queue=2343255.000, Tasks Dropped=0.000
Evaluation average episode reward is 234.57774101030137.

Episode 2260: Avg Net Energy=320.263, Avg CO2=77937.691, Water Usage=7626889.930
Tasks in Queue=1771161.000, Tasks Dropped=0.000
Env sustaindc Task ca-discrete Algo happo Exp happo_baseline_ny_medium updates 2265/3051 episodes, total num timesteps 18554880/25000000, FPS 309.
Average step reward is 0.1436031311750412.
Some episodes done, average episode reward is 157.9397977792611.

Episode 2265: Avg Net Energy=332.455, Avg CO2=74428.396, Water Usage=10829410.440
Tasks in Queue=2373246.000, Tasks Dropped=0.000
Evaluation average episode reward is 336.74586190448446.

Episode 2265: Avg Net Energy=317.756, Avg CO2=81605.795, Water Usage=7758320.996
Tasks in Queue=1816795.000, Tasks Dropped=0.000
Env sustaindc Task ca-discrete Algo happo Exp happo_baseline_ny_medium updates 2270/3051 episodes, total num timesteps 18595840/25000000, FPS 309.
Average step reward is 0.11978790909051895.
Some episodes done, average episode reward is 107.06189539182725.

Episode 2270: Avg Net Energy=331.521, Avg CO2=84457.896, Water Usage=10800280.800
Tasks in Queue=2354675.000, Tasks Dropped=0.000
Evaluation average episode reward is 63.17729069814411.

Episode 2270: Avg Net Energy=319.413, Avg CO2=87101.724, Water Usage=7622035.695
Tasks in Queue=1935819.000, Tasks Dropped=0.000
Env sustaindc Task ca-discrete Algo happo Exp happo_baseline_ny_medium updates 2275/3051 episodes, total num timesteps 18636800/25000000, FPS 309.
Average step reward is 0.17544271051883698.
Some episodes done, average episode reward is 196.27456088162563.

Episode 2275: Avg Net Energy=327.368, Avg CO2=88756.812, Water Usage=10908058.020
Tasks in Queue=2512638.000, Tasks Dropped=0.000
Evaluation average episode reward is -3.933519640250855.

Episode 2275: Avg Net Energy=321.959, Avg CO2=81535.586, Water Usage=7719318.523
Tasks in Queue=2016399.000, Tasks Dropped=0.000
Env sustaindc Task ca-discrete Algo happo Exp happo_baseline_ny_medium updates 2280/3051 episodes, total num timesteps 18677760/25000000, FPS 309.
Average step reward is 0.09644494205713272.
Some episodes done, average episode reward is 231.3511205784588.

Episode 2280: Avg Net Energy=331.390, Avg CO2=86499.979, Water Usage=10983100.914
Tasks in Queue=2418420.000, Tasks Dropped=0.000
Evaluation average episode reward is -135.96478838896783.

Episode 2280: Avg Net Energy=323.113, Avg CO2=80428.004, Water Usage=7853564.081
Tasks in Queue=1904142.000, Tasks Dropped=0.000
Env sustaindc Task ca-discrete Algo happo Exp happo_baseline_ny_medium updates 2285/3051 episodes, total num timesteps 18718720/25000000, FPS 309.
Average step reward is 0.02817099541425705.
Some episodes done, average episode reward is 149.00565781966174.

Episode 2285: Avg Net Energy=340.206, Avg CO2=78226.412, Water Usage=10878511.958
Tasks in Queue=2412549.000, Tasks Dropped=0.000
Evaluation average episode reward is 118.03021823494494.

Episode 2285: Avg Net Energy=320.072, Avg CO2=86968.507, Water Usage=7666824.162
Tasks in Queue=1821951.000, Tasks Dropped=0.000
Env sustaindc Task ca-discrete Algo happo Exp happo_baseline_ny_medium updates 2290/3051 episodes, total num timesteps 18759680/25000000, FPS 309.
Average step reward is 0.20940005779266357.
Some episodes done, average episode reward is 144.49857848907425.

Episode 2290: Avg Net Energy=330.410, Avg CO2=80801.197, Water Usage=10711837.512
Tasks in Queue=2178794.000, Tasks Dropped=0.000
Evaluation average episode reward is 117.49497478776762.

Episode 2290: Avg Net Energy=320.815, Avg CO2=77874.484, Water Usage=7655288.622
Tasks in Queue=1763184.000, Tasks Dropped=0.000
Env sustaindc Task ca-discrete Algo happo Exp happo_baseline_ny_medium updates 2295/3051 episodes, total num timesteps 18800640/25000000, FPS 309.
Average step reward is 0.2218398153781891.
Some episodes done, average episode reward is 173.87013020508186.

Episode 2295: Avg Net Energy=326.913, Avg CO2=89859.231, Water Usage=10769302.671
Tasks in Queue=2168734.000, Tasks Dropped=0.000
Evaluation average episode reward is 73.38889301781951.

Episode 2295: Avg Net Energy=321.527, Avg CO2=82680.932, Water Usage=7683790.190
Tasks in Queue=1649302.000, Tasks Dropped=0.000
Env sustaindc Task ca-discrete Algo happo Exp happo_baseline_ny_medium updates 2300/3051 episodes, total num timesteps 18841600/25000000, FPS 309.
Average step reward is 0.14627161622047424.
Some episodes done, average episode reward is 250.82279297163603.

Episode 2300: Avg Net Energy=328.996, Avg CO2=87506.648, Water Usage=10815106.937
Tasks in Queue=2312818.000, Tasks Dropped=0.000
Evaluation average episode reward is -61.425184429598566.

Episode 2300: Avg Net Energy=323.697, Avg CO2=84196.100, Water Usage=7764749.131
Tasks in Queue=1768251.000, Tasks Dropped=0.000
Env sustaindc Task ca-discrete Algo happo Exp happo_baseline_ny_medium updates 2305/3051 episodes, total num timesteps 18882560/25000000, FPS 309.
Average step reward is 0.15641066431999207.
Some episodes done, average episode reward is 132.53904011486935.

Episode 2305: Avg Net Energy=330.052, Avg CO2=85407.827, Water Usage=10833882.256
Tasks in Queue=2385776.000, Tasks Dropped=0.000
Evaluation average episode reward is 292.0651944721219.

Episode 2305: Avg Net Energy=319.147, Avg CO2=83308.879, Water Usage=7681904.997
Tasks in Queue=1719356.000, Tasks Dropped=0.000
Env sustaindc Task ca-discrete Algo happo Exp happo_baseline_ny_medium updates 2310/3051 episodes, total num timesteps 18923520/25000000, FPS 309.
Average step reward is 0.18976067006587982.
Some episodes done, average episode reward is 187.00575696588862.

Episode 2310: Avg Net Energy=331.894, Avg CO2=71668.995, Water Usage=10750370.147
Tasks in Queue=2282343.000, Tasks Dropped=0.000
Evaluation average episode reward is 1.9308304881381748.

Episode 2310: Avg Net Energy=321.247, Avg CO2=81966.009, Water Usage=7765521.741
Tasks in Queue=1767896.000, Tasks Dropped=0.000
Env sustaindc Task ca-discrete Algo happo Exp happo_baseline_ny_medium updates 2315/3051 episodes, total num timesteps 18964480/25000000, FPS 309.
Average step reward is 0.16738392412662506.
Some episodes done, average episode reward is 148.23204998209218.

Episode 2315: Avg Net Energy=327.420, Avg CO2=85311.909, Water Usage=10793296.680
Tasks in Queue=2127495.000, Tasks Dropped=0.000
Evaluation average episode reward is 14.157507180868421.

Episode 2315: Avg Net Energy=323.363, Avg CO2=80300.278, Water Usage=7699735.290
Tasks in Queue=1744813.000, Tasks Dropped=0.000
Env sustaindc Task ca-discrete Algo happo Exp happo_baseline_ny_medium updates 2320/3051 episodes, total num timesteps 19005440/25000000, FPS 309.
Average step reward is 0.12175547331571579.
Some episodes done, average episode reward is 211.39746911429125.

Episode 2320: Avg Net Energy=330.372, Avg CO2=89757.646, Water Usage=10822314.089
Tasks in Queue=2377178.000, Tasks Dropped=0.000
Evaluation average episode reward is 163.23030756835206.

Episode 2320: Avg Net Energy=319.327, Avg CO2=82331.101, Water Usage=7829223.175
Tasks in Queue=1820148.000, Tasks Dropped=0.000
Env sustaindc Task ca-discrete Algo happo Exp happo_baseline_ny_medium updates 2325/3051 episodes, total num timesteps 19046400/25000000, FPS 309.
Average step reward is 0.10685989260673523.
Some episodes done, average episode reward is 199.26602953500043.

Episode 2325: Avg Net Energy=330.457, Avg CO2=87925.806, Water Usage=10835865.873
Tasks in Queue=2285300.000, Tasks Dropped=0.000
Evaluation average episode reward is -96.85724278709392.

Episode 2325: Avg Net Energy=323.729, Avg CO2=78681.903, Water Usage=7857728.872
Tasks in Queue=1857564.000, Tasks Dropped=0.000
Env sustaindc Task ca-discrete Algo happo Exp happo_baseline_ny_medium updates 2330/3051 episodes, total num timesteps 19087360/25000000, FPS 309.
Average step reward is 0.031284358352422714.
Some episodes done, average episode reward is 125.60364892418211.

Episode 2330: Avg Net Energy=337.715, Avg CO2=81624.477, Water Usage=10888860.964
Tasks in Queue=2454302.000, Tasks Dropped=0.000
Evaluation average episode reward is 162.0793337383791.

Episode 2330: Avg Net Energy=319.856, Avg CO2=85858.922, Water Usage=7819568.241
Tasks in Queue=1683149.000, Tasks Dropped=0.000
Env sustaindc Task ca-discrete Algo happo Exp happo_baseline_ny_medium updates 2335/3051 episodes, total num timesteps 19128320/25000000, FPS 309.
Average step reward is 0.20705878734588623.
Some episodes done, average episode reward is 126.25509046232689.

Episode 2335: Avg Net Energy=330.413, Avg CO2=77519.369, Water Usage=10705862.248
Tasks in Queue=2253591.000, Tasks Dropped=0.000
Evaluation average episode reward is 16.981813668105133.

Episode 2335: Avg Net Energy=321.356, Avg CO2=77858.532, Water Usage=7745294.684
Tasks in Queue=1956745.000, Tasks Dropped=0.000
Env sustaindc Task ca-discrete Algo happo Exp happo_baseline_ny_medium updates 2340/3051 episodes, total num timesteps 19169280/25000000, FPS 308.
Average step reward is 0.18058264255523682.
Some episodes done, average episode reward is 255.4541027083356.

Episode 2340: Avg Net Energy=326.916, Avg CO2=88871.942, Water Usage=10913035.988
Tasks in Queue=2539620.000, Tasks Dropped=0.000
Evaluation average episode reward is 38.17666441135851.

Episode 2340: Avg Net Energy=322.821, Avg CO2=81546.608, Water Usage=7688116.964
Tasks in Queue=2047699.000, Tasks Dropped=0.000
Env sustaindc Task ca-discrete Algo happo Exp happo_baseline_ny_medium updates 2345/3051 episodes, total num timesteps 19210240/25000000, FPS 308.
Average step reward is 0.01792304962873459.
Some episodes done, average episode reward is 74.50744460446597.

Episode 2345: Avg Net Energy=334.796, Avg CO2=89838.785, Water Usage=10906360.856
Tasks in Queue=2594671.000, Tasks Dropped=0.000
Evaluation average episode reward is 56.59117427226014.

Episode 2345: Avg Net Energy=321.803, Avg CO2=79254.180, Water Usage=7693428.554
Tasks in Queue=2260262.000, Tasks Dropped=0.000
Env sustaindc Task ca-discrete Algo happo Exp happo_baseline_ny_medium updates 2350/3051 episodes, total num timesteps 19251200/25000000, FPS 308.
Average step reward is 0.08754197508096695.
Some episodes done, average episode reward is 36.276403534025235.

Episode 2350: Avg Net Energy=336.962, Avg CO2=80761.150, Water Usage=10835072.657
Tasks in Queue=2610946.000, Tasks Dropped=0.000
Evaluation average episode reward is 20.871847050039907.

Episode 2350: Avg Net Energy=320.775, Avg CO2=82771.269, Water Usage=7680994.232
Tasks in Queue=2126497.000, Tasks Dropped=0.000
Env sustaindc Task ca-discrete Algo happo Exp happo_baseline_ny_medium updates 2355/3051 episodes, total num timesteps 19292160/25000000, FPS 308.
Average step reward is 0.11112717539072037.
Some episodes done, average episode reward is 240.37731162010357.

Episode 2355: Avg Net Energy=338.481, Avg CO2=73731.863, Water Usage=10877775.901
Tasks in Queue=2471343.000, Tasks Dropped=0.000
Evaluation average episode reward is 94.30987422073804.

Episode 2355: Avg Net Energy=320.059, Avg CO2=82271.197, Water Usage=7785980.844
Tasks in Queue=2141489.000, Tasks Dropped=0.000
Env sustaindc Task ca-discrete Algo happo Exp happo_baseline_ny_medium updates 2360/3051 episodes, total num timesteps 19333120/25000000, FPS 308.
Average step reward is 0.13076160848140717.
Some episodes done, average episode reward is 217.62326810963117.

Episode 2360: Avg Net Energy=332.112, Avg CO2=85275.072, Water Usage=10893997.733
Tasks in Queue=2493967.000, Tasks Dropped=0.000
Evaluation average episode reward is 156.34492653326222.

Episode 2360: Avg Net Energy=319.230, Avg CO2=77010.400, Water Usage=7687665.036
Tasks in Queue=1966659.000, Tasks Dropped=0.000
Env sustaindc Task ca-discrete Algo happo Exp happo_baseline_ny_medium updates 2365/3051 episodes, total num timesteps 19374080/25000000, FPS 308.
Average step reward is 0.08754908293485641.
Some episodes done, average episode reward is 144.9043678436421.

Episode 2365: Avg Net Energy=332.307, Avg CO2=90821.950, Water Usage=10887547.977
Tasks in Queue=2465300.000, Tasks Dropped=0.000
Evaluation average episode reward is 154.86874452788513.

Episode 2365: Avg Net Energy=320.613, Avg CO2=79439.816, Water Usage=7794815.234
Tasks in Queue=2009375.000, Tasks Dropped=0.000
Env sustaindc Task ca-discrete Algo happo Exp happo_baseline_ny_medium updates 2370/3051 episodes, total num timesteps 19415040/25000000, FPS 308.
Average step reward is 0.12140631675720215.
Some episodes done, average episode reward is 113.66564717673185.

Episode 2370: Avg Net Energy=330.962, Avg CO2=88898.064, Water Usage=10886775.919
Tasks in Queue=2422143.000, Tasks Dropped=0.000
Evaluation average episode reward is 46.08319626774656.

Episode 2370: Avg Net Energy=320.963, Avg CO2=82531.567, Water Usage=7720134.329
Tasks in Queue=1908087.000, Tasks Dropped=0.000
Env sustaindc Task ca-discrete Algo happo Exp happo_baseline_ny_medium updates 2375/3051 episodes, total num timesteps 19456000/25000000, FPS 308.
Average step reward is 0.16589751839637756.
Some episodes done, average episode reward is 138.91686998256753.

Episode 2375: Avg Net Energy=331.566, Avg CO2=73080.096, Water Usage=10879098.442
Tasks in Queue=2540483.000, Tasks Dropped=0.000
Evaluation average episode reward is 8.562179034884274.

Episode 2375: Avg Net Energy=321.231, Avg CO2=83996.350, Water Usage=7626663.902
Tasks in Queue=1877228.000, Tasks Dropped=0.000
Env sustaindc Task ca-discrete Algo happo Exp happo_baseline_ny_medium updates 2380/3051 episodes, total num timesteps 19496960/25000000, FPS 308.
Average step reward is 0.20212548971176147.
Some episodes done, average episode reward is 199.72879721719704.

Episode 2380: Avg Net Energy=327.451, Avg CO2=79808.023, Water Usage=10687202.636
Tasks in Queue=2249742.000, Tasks Dropped=0.000
Evaluation average episode reward is -9.317157752723235.

Episode 2380: Avg Net Energy=321.798, Avg CO2=82699.771, Water Usage=7773060.016
Tasks in Queue=1850450.000, Tasks Dropped=0.000
Env sustaindc Task ca-discrete Algo happo Exp happo_baseline_ny_medium updates 2385/3051 episodes, total num timesteps 19537920/25000000, FPS 308.
Average step reward is 0.1396350860595703.
Some episodes done, average episode reward is 145.97606791215406.

Episode 2385: Avg Net Energy=328.606, Avg CO2=91105.895, Water Usage=10828692.182
Tasks in Queue=2368835.000, Tasks Dropped=0.000
Evaluation average episode reward is 15.379279100312885.

Episode 2385: Avg Net Energy=322.537, Avg CO2=80539.894, Water Usage=7775441.884
Tasks in Queue=1980276.000, Tasks Dropped=0.000
Env sustaindc Task ca-discrete Algo happo Exp happo_baseline_ny_medium updates 2390/3051 episodes, total num timesteps 19578880/25000000, FPS 308.
Average step reward is 0.16262158751487732.
Some episodes done, average episode reward is 108.53585441704713.

Episode 2390: Avg Net Energy=328.427, Avg CO2=88421.663, Water Usage=10911134.373
Tasks in Queue=2386841.000, Tasks Dropped=0.000
Evaluation average episode reward is 83.21515538110177.

Episode 2390: Avg Net Energy=321.045, Avg CO2=81901.335, Water Usage=7718500.140
Tasks in Queue=1820041.000, Tasks Dropped=0.000
Env sustaindc Task ca-discrete Algo happo Exp happo_baseline_ny_medium updates 2395/3051 episodes, total num timesteps 19619840/25000000, FPS 308.
Average step reward is 0.08596643805503845.
Some episodes done, average episode reward is 130.00737351425337.

Episode 2395: Avg Net Energy=336.901, Avg CO2=79166.865, Water Usage=10939056.414
Tasks in Queue=2502071.000, Tasks Dropped=0.000
Evaluation average episode reward is -77.2302006750483.

Episode 2395: Avg Net Energy=323.590, Avg CO2=82103.752, Water Usage=7739265.361
Tasks in Queue=1828612.000, Tasks Dropped=0.000
Env sustaindc Task ca-discrete Algo happo Exp happo_baseline_ny_medium updates 2400/3051 episodes, total num timesteps 19660800/25000000, FPS 308.
Average step reward is 0.15604712069034576.
Some episodes done, average episode reward is 172.81221299027183.

Episode 2400: Avg Net Energy=334.816, Avg CO2=77571.796, Water Usage=10818483.452
Tasks in Queue=2240841.000, Tasks Dropped=0.000
Evaluation average episode reward is 185.83531682939187.

Episode 2400: Avg Net Energy=321.164, Avg CO2=83901.892, Water Usage=7913712.871
Tasks in Queue=1742383.000, Tasks Dropped=0.000
Env sustaindc Task ca-discrete Algo happo Exp happo_baseline_ny_medium updates 2405/3051 episodes, total num timesteps 19701760/25000000, FPS 308.
Average step reward is 0.11878371238708496.
Some episodes done, average episode reward is 167.82061754414497.

Episode 2405: Avg Net Energy=336.770, Avg CO2=86812.348, Water Usage=10865133.098
Tasks in Queue=2090888.000, Tasks Dropped=0.000
Evaluation average episode reward is 162.3148728387832.

Episode 2405: Avg Net Energy=320.904, Avg CO2=78286.119, Water Usage=7858842.870
Tasks in Queue=1705336.000, Tasks Dropped=0.000
Env sustaindc Task ca-discrete Algo happo Exp happo_baseline_ny_medium updates 2410/3051 episodes, total num timesteps 19742720/25000000, FPS 308.
Average step reward is 0.1480380892753601.
Some episodes done, average episode reward is 77.14310069892909.

Episode 2410: Avg Net Energy=331.654, Avg CO2=89729.104, Water Usage=10816183.534
Tasks in Queue=2310718.000, Tasks Dropped=0.000
Evaluation average episode reward is 273.89675434576486.

Episode 2410: Avg Net Energy=318.585, Avg CO2=81836.844, Water Usage=7712431.369
Tasks in Queue=1761928.000, Tasks Dropped=0.000
Env sustaindc Task ca-discrete Algo happo Exp happo_baseline_ny_medium updates 2415/3051 episodes, total num timesteps 19783680/25000000, FPS 308.
Average step reward is 0.14417344331741333.
Some episodes done, average episode reward is 180.48745493610681.

Episode 2415: Avg Net Energy=331.728, Avg CO2=87725.046, Water Usage=10845889.606
Tasks in Queue=2290704.000, Tasks Dropped=0.000
Evaluation average episode reward is 21.717131827083012.

Episode 2415: Avg Net Energy=321.746, Avg CO2=79079.159, Water Usage=7681304.423
Tasks in Queue=1910153.000, Tasks Dropped=0.000
Env sustaindc Task ca-discrete Algo happo Exp happo_baseline_ny_medium updates 2420/3051 episodes, total num timesteps 19824640/25000000, FPS 308.
Average step reward is 0.1525212824344635.
Some episodes done, average episode reward is 165.59217037505243.

Episode 2420: Avg Net Energy=334.748, Avg CO2=74723.630, Water Usage=10859529.493
Tasks in Queue=2566079.000, Tasks Dropped=0.000
Evaluation average episode reward is -172.7248325823964.

Episode 2420: Avg Net Energy=322.694, Avg CO2=86970.605, Water Usage=7626669.261
Tasks in Queue=1924656.000, Tasks Dropped=0.000
Env sustaindc Task ca-discrete Algo happo Exp happo_baseline_ny_medium updates 2425/3051 episodes, total num timesteps 19865600/25000000, FPS 308.
Average step reward is 0.22873497009277344.
Some episodes done, average episode reward is 300.94099807146574.

Episode 2425: Avg Net Energy=329.797, Avg CO2=79336.490, Water Usage=10770382.463
Tasks in Queue=2119601.000, Tasks Dropped=0.000
Evaluation average episode reward is 103.2606998316002.

Episode 2425: Avg Net Energy=321.583, Avg CO2=85056.223, Water Usage=7740651.697
Tasks in Queue=1670888.000, Tasks Dropped=0.000
Env sustaindc Task ca-discrete Algo happo Exp happo_baseline_ny_medium updates 2430/3051 episodes, total num timesteps 19906560/25000000, FPS 308.
Average step reward is 0.16893255710601807.
Some episodes done, average episode reward is 133.19083385141255.

Episode 2430: Avg Net Energy=328.946, Avg CO2=93119.634, Water Usage=10916780.903
Tasks in Queue=2334428.000, Tasks Dropped=0.000
Evaluation average episode reward is 275.5450292691067.

Episode 2430: Avg Net Energy=318.733, Avg CO2=77561.612, Water Usage=7747137.156
Tasks in Queue=1793791.000, Tasks Dropped=0.000
Env sustaindc Task ca-discrete Algo happo Exp happo_baseline_ny_medium updates 2435/3051 episodes, total num timesteps 19947520/25000000, FPS 308.
Average step reward is 0.10154592990875244.
Some episodes done, average episode reward is 116.32163236087447.

Episode 2435: Avg Net Energy=330.793, Avg CO2=88429.184, Water Usage=10865325.488
Tasks in Queue=2372977.000, Tasks Dropped=0.000
Evaluation average episode reward is -120.3737220230335.

Episode 2435: Avg Net Energy=322.974, Avg CO2=82579.385, Water Usage=7727851.660
Tasks in Queue=1820116.000, Tasks Dropped=0.000
Env sustaindc Task ca-discrete Algo happo Exp happo_baseline_ny_medium updates 2440/3051 episodes, total num timesteps 19988480/25000000, FPS 308.
Average step reward is 0.07799820601940155.
Some episodes done, average episode reward is 130.76921537062518.

Episode 2440: Avg Net Energy=334.519, Avg CO2=86152.476, Water Usage=10763890.531
Tasks in Queue=2358434.000, Tasks Dropped=0.000
Evaluation average episode reward is 131.42441561795786.

Episode 2440: Avg Net Energy=321.278, Avg CO2=85085.005, Water Usage=7772315.929
Tasks in Queue=1756811.000, Tasks Dropped=0.000
Env sustaindc Task ca-discrete Algo happo Exp happo_baseline_ny_medium updates 2445/3051 episodes, total num timesteps 20029440/25000000, FPS 308.
Average step reward is 0.2012825459241867.
Some episodes done, average episode reward is 170.45089421187566.

Episode 2445: Avg Net Energy=332.867, Avg CO2=75727.181, Water Usage=10700921.783
Tasks in Queue=2141901.000, Tasks Dropped=0.000
Evaluation average episode reward is -50.02255637038396.

Episode 2445: Avg Net Energy=322.941, Avg CO2=83216.109, Water Usage=7607127.674
Tasks in Queue=1773029.000, Tasks Dropped=0.000
Env sustaindc Task ca-discrete Algo happo Exp happo_baseline_ny_medium updates 2450/3051 episodes, total num timesteps 20070400/25000000, FPS 308.
Average step reward is 0.21603375673294067.
Some episodes done, average episode reward is 141.75649606867535.

Episode 2450: Avg Net Energy=329.490, Avg CO2=83991.635, Water Usage=10783894.288
Tasks in Queue=2254468.000, Tasks Dropped=0.000
Evaluation average episode reward is 316.42734624024075.

Episode 2450: Avg Net Energy=318.682, Avg CO2=83258.881, Water Usage=7710664.154
Tasks in Queue=1793952.000, Tasks Dropped=0.000
Env sustaindc Task ca-discrete Algo happo Exp happo_baseline_ny_medium updates 2455/3051 episodes, total num timesteps 20111360/25000000, FPS 308.
Average step reward is 0.12850001454353333.
Some episodes done, average episode reward is 275.66394110252133.

Episode 2455: Avg Net Energy=330.569, Avg CO2=90339.822, Water Usage=10878502.446
Tasks in Queue=2264234.000, Tasks Dropped=0.000
Evaluation average episode reward is 134.47060297876106.

Episode 2455: Avg Net Energy=320.908, Avg CO2=79324.302, Water Usage=7782935.120
Tasks in Queue=1705462.000, Tasks Dropped=0.000
Env sustaindc Task ca-discrete Algo happo Exp happo_baseline_ny_medium updates 2460/3051 episodes, total num timesteps 20152320/25000000, FPS 308.
Average step reward is 0.05186719074845314.
Some episodes done, average episode reward is 231.82219110181384.

Episode 2460: Avg Net Energy=333.011, Avg CO2=90753.031, Water Usage=11039181.860
Tasks in Queue=2190584.000, Tasks Dropped=0.000
Evaluation average episode reward is -97.08133673038719.

Episode 2460: Avg Net Energy=324.824, Avg CO2=81350.631, Water Usage=7769247.898
Tasks in Queue=1710142.000, Tasks Dropped=0.000
Env sustaindc Task ca-discrete Algo happo Exp happo_baseline_ny_medium updates 2465/3051 episodes, total num timesteps 20193280/25000000, FPS 308.
Average step reward is 0.14858800172805786.
Some episodes done, average episode reward is 214.91004896370862.

Episode 2465: Avg Net Energy=329.371, Avg CO2=79876.344, Water Usage=10839345.675
Tasks in Queue=2174506.000, Tasks Dropped=0.000
Evaluation average episode reward is 1.4431084407399055.

Episode 2465: Avg Net Energy=322.780, Avg CO2=82575.258, Water Usage=7760552.679
Tasks in Queue=1614707.000, Tasks Dropped=0.000
Env sustaindc Task ca-discrete Algo happo Exp happo_baseline_ny_medium updates 2470/3051 episodes, total num timesteps 20234240/25000000, FPS 308.
Average step reward is 0.17549578845500946.
Some episodes done, average episode reward is 44.20592402124063.

Episode 2470: Avg Net Energy=330.631, Avg CO2=79242.919, Water Usage=10722067.736
Tasks in Queue=2150894.000, Tasks Dropped=0.000
Evaluation average episode reward is 286.16256218476497.

Episode 2470: Avg Net Energy=320.192, Avg CO2=78761.657, Water Usage=7696832.499
Tasks in Queue=1804304.000, Tasks Dropped=0.000
Env sustaindc Task ca-discrete Algo happo Exp happo_baseline_ny_medium updates 2475/3051 episodes, total num timesteps 20275200/25000000, FPS 308.
Average step reward is 0.07526697963476181.
Some episodes done, average episode reward is 77.78376584286772.

Episode 2475: Avg Net Energy=332.644, Avg CO2=89650.234, Water Usage=10838430.869
Tasks in Queue=2337195.000, Tasks Dropped=0.000
Evaluation average episode reward is 243.7061836378871.

Episode 2475: Avg Net Energy=319.747, Avg CO2=78539.481, Water Usage=7677295.274
Tasks in Queue=1790708.000, Tasks Dropped=0.000
Env sustaindc Task ca-discrete Algo happo Exp happo_baseline_ny_medium updates 2480/3051 episodes, total num timesteps 20316160/25000000, FPS 308.
Average step reward is 0.12455148994922638.
Some episodes done, average episode reward is 215.9213979879927.

Episode 2480: Avg Net Energy=330.532, Avg CO2=88280.627, Water Usage=10823944.848
Tasks in Queue=2372453.000, Tasks Dropped=0.000
Evaluation average episode reward is -229.50794654437252.

Episode 2480: Avg Net Energy=324.508, Avg CO2=82333.573, Water Usage=7733273.037
Tasks in Queue=1970499.000, Tasks Dropped=0.000
Env sustaindc Task ca-discrete Algo happo Exp happo_baseline_ny_medium updates 2485/3051 episodes, total num timesteps 20357120/25000000, FPS 308.
Average step reward is 0.13544195890426636.
Some episodes done, average episode reward is 145.15101311737595.

Episode 2485: Avg Net Energy=331.376, Avg CO2=84262.565, Water Usage=10805205.844
Tasks in Queue=2463135.000, Tasks Dropped=0.000
Evaluation average episode reward is 74.0570816044572.

Episode 2485: Avg Net Energy=320.207, Avg CO2=82683.950, Water Usage=7800648.656
Tasks in Queue=2045535.000, Tasks Dropped=0.000
Env sustaindc Task ca-discrete Algo happo Exp happo_baseline_ny_medium updates 2490/3051 episodes, total num timesteps 20398080/25000000, FPS 308.
Average step reward is 0.12321159243583679.
Some episodes done, average episode reward is 139.85458810581449.

Episode 2490: Avg Net Energy=335.387, Avg CO2=72672.804, Water Usage=10898873.059
Tasks in Queue=2505805.000, Tasks Dropped=0.000
Evaluation average episode reward is 25.179825342886318.

Episode 2490: Avg Net Energy=320.994, Avg CO2=83037.601, Water Usage=7740058.844
Tasks in Queue=2118935.000, Tasks Dropped=0.000
Env sustaindc Task ca-discrete Algo happo Exp happo_baseline_ny_medium updates 2495/3051 episodes, total num timesteps 20439040/25000000, FPS 308.
Average step reward is 0.1673373281955719.
Some episodes done, average episode reward is 131.7534897603431.

Episode 2495: Avg Net Energy=328.353, Avg CO2=85408.139, Water Usage=10824972.144
Tasks in Queue=2217878.000, Tasks Dropped=0.000
Evaluation average episode reward is 84.52981702150346.

Episode 2495: Avg Net Energy=320.899, Avg CO2=82893.362, Water Usage=7814635.154
Tasks in Queue=1807981.000, Tasks Dropped=0.000
Env sustaindc Task ca-discrete Algo happo Exp happo_baseline_ny_medium updates 2500/3051 episodes, total num timesteps 20480000/25000000, FPS 308.
Average step reward is -0.011807160452008247.
Some episodes done, average episode reward is 99.90942258400247.

Episode 2500: Avg Net Energy=333.332, Avg CO2=89157.024, Water Usage=10959909.975
Tasks in Queue=2553401.000, Tasks Dropped=0.000
Evaluation average episode reward is 10.686986866165336.

Episode 2500: Avg Net Energy=322.042, Avg CO2=78777.851, Water Usage=7621710.669
Tasks in Queue=1969058.000, Tasks Dropped=0.000
Env sustaindc Task ca-discrete Algo happo Exp happo_baseline_ny_medium updates 2505/3051 episodes, total num timesteps 20520960/25000000, FPS 308.
Average step reward is 0.021276988089084625.
Some episodes done, average episode reward is 149.90606081419077.

Episode 2505: Avg Net Energy=335.170, Avg CO2=89515.178, Water Usage=11062076.647
Tasks in Queue=2602703.000, Tasks Dropped=0.000
Evaluation average episode reward is 217.83135822097236.

Episode 2505: Avg Net Energy=319.177, Avg CO2=78432.750, Water Usage=7705727.126
Tasks in Queue=1959210.000, Tasks Dropped=0.000
Env sustaindc Task ca-discrete Algo happo Exp happo_baseline_ny_medium updates 2510/3051 episodes, total num timesteps 20561920/25000000, FPS 308.
Average step reward is 0.14915359020233154.
Some episodes done, average episode reward is 207.07819242940508.

Episode 2510: Avg Net Energy=329.398, Avg CO2=78425.407, Water Usage=10750466.539
Tasks in Queue=2549057.000, Tasks Dropped=0.000
Evaluation average episode reward is -71.72837521664529.

Episode 2510: Avg Net Energy=322.890, Avg CO2=85373.149, Water Usage=7732883.167
Tasks in Queue=1944552.000, Tasks Dropped=0.000
Env sustaindc Task ca-discrete Algo happo Exp happo_baseline_ny_medium updates 2515/3051 episodes, total num timesteps 20602880/25000000, FPS 308.
Average step reward is 0.18791860342025757.
Some episodes done, average episode reward is 115.62032958579181.

Episode 2515: Avg Net Energy=329.431, Avg CO2=77345.977, Water Usage=10752320.689
Tasks in Queue=2332662.000, Tasks Dropped=0.000
Evaluation average episode reward is -78.95913589610647.

Episode 2515: Avg Net Energy=324.453, Avg CO2=81192.080, Water Usage=7803033.917
Tasks in Queue=1927362.000, Tasks Dropped=0.000
Env sustaindc Task ca-discrete Algo happo Exp happo_baseline_ny_medium updates 2520/3051 episodes, total num timesteps 20643840/25000000, FPS 308.
Average step reward is 0.021996870636940002.
Some episodes done, average episode reward is 112.23312920920178.

Episode 2520: Avg Net Energy=333.488, Avg CO2=90820.619, Water Usage=11006437.519
Tasks in Queue=2433414.000, Tasks Dropped=0.000
Evaluation average episode reward is 223.63010570345875.

Episode 2520: Avg Net Energy=319.818, Avg CO2=82077.355, Water Usage=7647974.361
Tasks in Queue=1819973.000, Tasks Dropped=0.000
Env sustaindc Task ca-discrete Algo happo Exp happo_baseline_ny_medium updates 2525/3051 episodes, total num timesteps 20684800/25000000, FPS 308.
Average step reward is 0.204034686088562.
Some episodes done, average episode reward is 95.00680073447313.

Episode 2525: Avg Net Energy=327.734, Avg CO2=87321.964, Water Usage=10846942.414
Tasks in Queue=2331280.000, Tasks Dropped=0.000
Evaluation average episode reward is 194.52184789447435.

Episode 2525: Avg Net Energy=320.875, Avg CO2=85163.724, Water Usage=7772286.130
Tasks in Queue=1843433.000, Tasks Dropped=0.000
Env sustaindc Task ca-discrete Algo happo Exp happo_baseline_ny_medium updates 2530/3051 episodes, total num timesteps 20725760/25000000, FPS 308.
Average step reward is 0.18298925459384918.
Some episodes done, average episode reward is 191.29565207258833.

Episode 2530: Avg Net Energy=330.335, Avg CO2=75803.630, Water Usage=10715095.400
Tasks in Queue=2543390.000, Tasks Dropped=0.000
Evaluation average episode reward is 133.91799477811435.

Episode 2530: Avg Net Energy=320.624, Avg CO2=77649.316, Water Usage=7684647.343
Tasks in Queue=1879687.000, Tasks Dropped=0.000
Env sustaindc Task ca-discrete Algo happo Exp happo_baseline_ny_medium updates 2535/3051 episodes, total num timesteps 20766720/25000000, FPS 308.
Average step reward is 0.22019198536872864.
Some episodes done, average episode reward is 140.37486930398333.

Episode 2535: Avg Net Energy=330.373, Avg CO2=72265.154, Water Usage=10795682.810
Tasks in Queue=2300139.000, Tasks Dropped=0.000
Evaluation average episode reward is -77.16077518703469.

Episode 2535: Avg Net Energy=322.731, Avg CO2=78169.652, Water Usage=7648149.674
Tasks in Queue=1826258.000, Tasks Dropped=0.000
Env sustaindc Task ca-discrete Algo happo Exp happo_baseline_ny_medium updates 2540/3051 episodes, total num timesteps 20807680/25000000, FPS 308.
Average step reward is 0.1690281331539154.
Some episodes done, average episode reward is 151.21245036046264.

Episode 2540: Avg Net Energy=330.645, Avg CO2=84080.017, Water Usage=10759709.134
Tasks in Queue=2135087.000, Tasks Dropped=0.000
Evaluation average episode reward is 161.4813048879763.

Episode 2540: Avg Net Energy=321.391, Avg CO2=82861.502, Water Usage=7905098.370
Tasks in Queue=1676673.000, Tasks Dropped=0.000
Env sustaindc Task ca-discrete Algo happo Exp happo_baseline_ny_medium updates 2545/3051 episodes, total num timesteps 20848640/25000000, FPS 308.
Average step reward is 0.0780789703130722.
Some episodes done, average episode reward is 132.43935340521722.

Episode 2545: Avg Net Energy=333.168, Avg CO2=89320.475, Water Usage=10885869.601
Tasks in Queue=2305328.000, Tasks Dropped=0.000
Evaluation average episode reward is -155.86732841410762.

Episode 2545: Avg Net Energy=324.848, Avg CO2=85557.705, Water Usage=7645583.359
Tasks in Queue=1780476.000, Tasks Dropped=0.000
Env sustaindc Task ca-discrete Algo happo Exp happo_baseline_ny_medium updates 2550/3051 episodes, total num timesteps 20889600/25000000, FPS 308.
Average step reward is 0.13915112614631653.
Some episodes done, average episode reward is 215.79587677038108.

Episode 2550: Avg Net Energy=332.631, Avg CO2=86246.735, Water Usage=10803276.928
Tasks in Queue=2356475.000, Tasks Dropped=0.000
Evaluation average episode reward is 136.87845535123515.

Episode 2550: Avg Net Energy=321.601, Avg CO2=78940.114, Water Usage=7747461.074
Tasks in Queue=1824660.000, Tasks Dropped=0.000
Env sustaindc Task ca-discrete Algo happo Exp happo_baseline_ny_medium updates 2555/3051 episodes, total num timesteps 20930560/25000000, FPS 308.
Average step reward is 0.2193203866481781.
Some episodes done, average episode reward is 155.08230673097205.

Episode 2555: Avg Net Energy=330.973, Avg CO2=73124.935, Water Usage=10749539.705
Tasks in Queue=2441527.000, Tasks Dropped=0.000
Evaluation average episode reward is 75.45378788159427.

Episode 2555: Avg Net Energy=321.043, Avg CO2=86653.953, Water Usage=7703142.290
Tasks in Queue=1732210.000, Tasks Dropped=0.000
Env sustaindc Task ca-discrete Algo happo Exp happo_baseline_ny_medium updates 2560/3051 episodes, total num timesteps 20971520/25000000, FPS 308.
Average step reward is 0.14844444394111633.
Some episodes done, average episode reward is 162.35078379128743.

Episode 2560: Avg Net Energy=334.413, Avg CO2=80604.978, Water Usage=10823773.365
Tasks in Queue=2379479.000, Tasks Dropped=0.000
Evaluation average episode reward is 220.43708318974078.

Episode 2560: Avg Net Energy=320.197, Avg CO2=77557.594, Water Usage=7843418.244
Tasks in Queue=1885579.000, Tasks Dropped=0.000
Env sustaindc Task ca-discrete Algo happo Exp happo_baseline_ny_medium updates 2565/3051 episodes, total num timesteps 21012480/25000000, FPS 308.
Average step reward is 0.11156577616930008.
Some episodes done, average episode reward is 154.48088702793072.

Episode 2565: Avg Net Energy=333.484, Avg CO2=94524.664, Water Usage=10910819.713
Tasks in Queue=2528785.000, Tasks Dropped=0.000
Evaluation average episode reward is 234.92559681005196.

Episode 2565: Avg Net Energy=318.984, Avg CO2=81918.069, Water Usage=7693987.083
Tasks in Queue=1908786.000, Tasks Dropped=0.000
Env sustaindc Task ca-discrete Algo happo Exp happo_baseline_ny_medium updates 2570/3051 episodes, total num timesteps 21053440/25000000, FPS 308.
Average step reward is 0.15739348530769348.
Some episodes done, average episode reward is 258.8943480836669.

Episode 2570: Avg Net Energy=332.333, Avg CO2=89052.578, Water Usage=10847186.086
Tasks in Queue=2347484.000, Tasks Dropped=0.000
Evaluation average episode reward is 116.24254973502731.

Episode 2570: Avg Net Energy=320.247, Avg CO2=84707.568, Water Usage=7848747.708
Tasks in Queue=1861569.000, Tasks Dropped=0.000
Env sustaindc Task ca-discrete Algo happo Exp happo_baseline_ny_medium updates 2575/3051 episodes, total num timesteps 21094400/25000000, FPS 308.
Average step reward is 0.15506567060947418.
Some episodes done, average episode reward is 217.8749927491878.

Episode 2575: Avg Net Energy=333.677, Avg CO2=78658.638, Water Usage=10746087.094
Tasks in Queue=2531142.000, Tasks Dropped=0.000
Evaluation average episode reward is -79.29623385229463.

Episode 2575: Avg Net Energy=322.947, Avg CO2=79017.794, Water Usage=7632835.873
Tasks in Queue=1986336.000, Tasks Dropped=0.000
Env sustaindc Task ca-discrete Algo happo Exp happo_baseline_ny_medium updates 2580/3051 episodes, total num timesteps 21135360/25000000, FPS 308.
Average step reward is 0.2308567464351654.
Some episodes done, average episode reward is 230.74588658837746.

Episode 2580: Avg Net Energy=331.388, Avg CO2=72528.444, Water Usage=10605027.234
Tasks in Queue=2484538.000, Tasks Dropped=0.000
Evaluation average episode reward is -148.21772304997606.

Episode 2580: Avg Net Energy=324.983, Avg CO2=83155.971, Water Usage=7661923.601
Tasks in Queue=1944847.000, Tasks Dropped=0.000
Env sustaindc Task ca-discrete Algo happo Exp happo_baseline_ny_medium updates 2585/3051 episodes, total num timesteps 21176320/25000000, FPS 308.
Average step reward is 0.13159261643886566.
Some episodes done, average episode reward is 124.56730097432799.

Episode 2585: Avg Net Energy=334.634, Avg CO2=85278.533, Water Usage=10797845.806
Tasks in Queue=2461315.000, Tasks Dropped=0.000
Evaluation average episode reward is 42.97315277151231.

Episode 2585: Avg Net Energy=323.083, Avg CO2=82912.022, Water Usage=7659921.073
Tasks in Queue=2119678.000, Tasks Dropped=0.000
Env sustaindc Task ca-discrete Algo happo Exp happo_baseline_ny_medium updates 2590/3051 episodes, total num timesteps 21217280/25000000, FPS 308.
Average step reward is 0.1995600163936615.
Some episodes done, average episode reward is 190.54834014709223.

Episode 2590: Avg Net Energy=327.415, Avg CO2=87425.826, Water Usage=10896412.207
Tasks in Queue=2425904.000, Tasks Dropped=0.000
Evaluation average episode reward is 191.12628923592135.

Episode 2590: Avg Net Energy=321.796, Avg CO2=80437.515, Water Usage=7880535.738
Tasks in Queue=2096987.000, Tasks Dropped=0.000
Env sustaindc Task ca-discrete Algo happo Exp happo_baseline_ny_medium updates 2595/3051 episodes, total num timesteps 21258240/25000000, FPS 308.
Average step reward is 0.19890519976615906.
Some episodes done, average episode reward is 260.00353019429804.

Episode 2595: Avg Net Energy=328.099, Avg CO2=86264.290, Water Usage=10863992.821
Tasks in Queue=2388734.000, Tasks Dropped=0.000
Evaluation average episode reward is 40.4643755093388.

Episode 2595: Avg Net Energy=323.275, Avg CO2=82506.224, Water Usage=7777443.518
Tasks in Queue=1944508.000, Tasks Dropped=0.000
Env sustaindc Task ca-discrete Algo happo Exp happo_baseline_ny_medium updates 2600/3051 episodes, total num timesteps 21299200/25000000, FPS 308.
Average step reward is 0.19660045206546783.
Some episodes done, average episode reward is 133.08486332573028.

Episode 2600: Avg Net Energy=331.173, Avg CO2=76270.247, Water Usage=10762614.646
Tasks in Queue=2544992.000, Tasks Dropped=0.000
Evaluation average episode reward is 92.6706021176826.

Episode 2600: Avg Net Energy=322.145, Avg CO2=82836.323, Water Usage=7636588.599
Tasks in Queue=1879800.000, Tasks Dropped=0.000
Env sustaindc Task ca-discrete Algo happo Exp happo_baseline_ny_medium updates 2605/3051 episodes, total num timesteps 21340160/25000000, FPS 308.
Average step reward is 0.215065598487854.
Some episodes done, average episode reward is 133.11076174542978.

Episode 2605: Avg Net Energy=332.078, Avg CO2=77039.626, Water Usage=10766136.035
Tasks in Queue=2309756.000, Tasks Dropped=0.000
Evaluation average episode reward is 117.11715687611154.

Episode 2605: Avg Net Energy=322.327, Avg CO2=79979.611, Water Usage=7724753.518
Tasks in Queue=1840413.000, Tasks Dropped=0.000
Env sustaindc Task ca-discrete Algo happo Exp happo_baseline_ny_medium updates 2610/3051 episodes, total num timesteps 21381120/25000000, FPS 308.
Average step reward is 0.21971184015274048.
Some episodes done, average episode reward is 272.5926739407141.

Episode 2610: Avg Net Energy=327.988, Avg CO2=89167.086, Water Usage=10772304.120
Tasks in Queue=2370090.000, Tasks Dropped=0.000
Evaluation average episode reward is -90.63539897665787.

Episode 2610: Avg Net Energy=325.522, Avg CO2=78964.421, Water Usage=7632173.047
Tasks in Queue=1952056.000, Tasks Dropped=0.000
Env sustaindc Task ca-discrete Algo happo Exp happo_baseline_ny_medium updates 2615/3051 episodes, total num timesteps 21422080/25000000, FPS 308.
Average step reward is -0.019381176680326462.
Some episodes done, average episode reward is 152.4530395690011.

Episode 2615: Avg Net Energy=336.548, Avg CO2=90622.825, Water Usage=11028629.293
Tasks in Queue=2601946.000, Tasks Dropped=0.000
Evaluation average episode reward is 101.72516844938741.

Episode 2615: Avg Net Energy=321.476, Avg CO2=82279.943, Water Usage=7847579.923
Tasks in Queue=1900030.000, Tasks Dropped=0.000
Env sustaindc Task ca-discrete Algo happo Exp happo_baseline_ny_medium updates 2620/3051 episodes, total num timesteps 21463040/25000000, FPS 308.
Average step reward is 0.14256882667541504.
Some episodes done, average episode reward is 173.2267092482113.

Episode 2620: Avg Net Energy=332.406, Avg CO2=81491.955, Water Usage=10784398.815
Tasks in Queue=2497979.000, Tasks Dropped=0.000
Evaluation average episode reward is 6.198217136303849.

Episode 2620: Avg Net Energy=323.075, Avg CO2=82128.709, Water Usage=7840176.319
Tasks in Queue=1896645.000, Tasks Dropped=0.000
Env sustaindc Task ca-discrete Algo happo Exp happo_baseline_ny_medium updates 2625/3051 episodes, total num timesteps 21504000/25000000, FPS 308.
Average step reward is 0.12789767980575562.
Some episodes done, average episode reward is 125.06627643089283.

Episode 2625: Avg Net Energy=335.558, Avg CO2=74184.758, Water Usage=10789264.749
Tasks in Queue=2358644.000, Tasks Dropped=0.000
Evaluation average episode reward is 125.52135683080492.

Episode 2625: Avg Net Energy=322.661, Avg CO2=84171.419, Water Usage=7831210.402
Tasks in Queue=1789571.000, Tasks Dropped=0.000
Env sustaindc Task ca-discrete Algo happo Exp happo_baseline_ny_medium updates 2630/3051 episodes, total num timesteps 21544960/25000000, FPS 308.
Average step reward is 0.11888977140188217.
Some episodes done, average episode reward is 160.84188437115915.

Episode 2630: Avg Net Energy=334.024, Avg CO2=84132.478, Water Usage=10807003.377
Tasks in Queue=2303544.000, Tasks Dropped=0.000
Evaluation average episode reward is 93.19794509679836.

Episode 2630: Avg Net Energy=323.277, Avg CO2=77910.321, Water Usage=7690191.913
Tasks in Queue=1914045.000, Tasks Dropped=0.000
Env sustaindc Task ca-discrete Algo happo Exp happo_baseline_ny_medium updates 2635/3051 episodes, total num timesteps 21585920/25000000, FPS 308.
Average step reward is 0.1006590723991394.
Some episodes done, average episode reward is 85.75302231999022.

Episode 2635: Avg Net Energy=331.776, Avg CO2=88917.168, Water Usage=10846974.748
Tasks in Queue=2433365.000, Tasks Dropped=0.000
Evaluation average episode reward is 221.25901082122095.

Episode 2635: Avg Net Energy=322.066, Avg CO2=80816.799, Water Usage=7694767.237
Tasks in Queue=1845421.000, Tasks Dropped=0.000
Env sustaindc Task ca-discrete Algo happo Exp happo_baseline_ny_medium updates 2640/3051 episodes, total num timesteps 21626880/25000000, FPS 308.
Average step reward is 0.07407115399837494.
Some episodes done, average episode reward is 187.86943575526612.

Episode 2640: Avg Net Energy=335.416, Avg CO2=85878.654, Water Usage=10838030.942
Tasks in Queue=2543437.000, Tasks Dropped=0.000
Evaluation average episode reward is 77.17276564720282.

Episode 2640: Avg Net Energy=320.927, Avg CO2=86752.151, Water Usage=7675791.146
Tasks in Queue=1856670.000, Tasks Dropped=0.000
Env sustaindc Task ca-discrete Algo happo Exp happo_baseline_ny_medium updates 2645/3051 episodes, total num timesteps 21667840/25000000, FPS 308.
Average step reward is 0.12606929242610931.
Some episodes done, average episode reward is 223.45162996485453.

Episode 2645: Avg Net Energy=334.070, Avg CO2=78146.099, Water Usage=10867744.747
Tasks in Queue=2464394.000, Tasks Dropped=0.000
Evaluation average episode reward is 102.65694647646397.

Episode 2645: Avg Net Energy=321.386, Avg CO2=82714.692, Water Usage=7640262.328
Tasks in Queue=1749940.000, Tasks Dropped=0.000
Env sustaindc Task ca-discrete Algo happo Exp happo_baseline_ny_medium updates 2650/3051 episodes, total num timesteps 21708800/25000000, FPS 308.
Average step reward is 0.11685357987880707.
Some episodes done, average episode reward is 149.83798883199927.

Episode 2650: Avg Net Energy=333.945, Avg CO2=81975.389, Water Usage=10826236.492
Tasks in Queue=2307184.000, Tasks Dropped=0.000
Evaluation average episode reward is -26.55992858249425.

Episode 2650: Avg Net Energy=323.037, Avg CO2=78859.675, Water Usage=7662416.165
Tasks in Queue=1780491.000, Tasks Dropped=0.000
Env sustaindc Task ca-discrete Algo happo Exp happo_baseline_ny_medium updates 2655/3051 episodes, total num timesteps 21749760/25000000, FPS 308.
Average step reward is 0.12904416024684906.
Some episodes done, average episode reward is 169.18914530155973.

Episode 2655: Avg Net Energy=331.754, Avg CO2=89580.207, Water Usage=10889766.599
Tasks in Queue=2226946.000, Tasks Dropped=0.000
Evaluation average episode reward is 94.3019589790202.

Episode 2655: Avg Net Energy=321.545, Avg CO2=82592.906, Water Usage=7808055.450
Tasks in Queue=1698019.000, Tasks Dropped=0.000
Env sustaindc Task ca-discrete Algo happo Exp happo_baseline_ny_medium updates 2660/3051 episodes, total num timesteps 21790720/25000000, FPS 308.
Average step reward is 0.22367112338542938.
Some episodes done, average episode reward is 230.9418250084098.

Episode 2660: Avg Net Energy=328.331, Avg CO2=87672.688, Water Usage=10767828.884
Tasks in Queue=2107317.000, Tasks Dropped=0.000
Evaluation average episode reward is 76.5204845748443.

Episode 2660: Avg Net Energy=321.645, Avg CO2=82314.606, Water Usage=7705878.383
Tasks in Queue=1688714.000, Tasks Dropped=0.000
Env sustaindc Task ca-discrete Algo happo Exp happo_baseline_ny_medium updates 2665/3051 episodes, total num timesteps 21831680/25000000, FPS 308.
Average step reward is 0.155141219496727.
Some episodes done, average episode reward is 204.7706183418003.

Episode 2665: Avg Net Energy=336.292, Avg CO2=76038.814, Water Usage=10804214.934
Tasks in Queue=2305599.000, Tasks Dropped=0.000
Evaluation average episode reward is 96.63386045674099.

Episode 2665: Avg Net Energy=321.625, Avg CO2=77663.718, Water Usage=7613628.096
Tasks in Queue=1815796.000, Tasks Dropped=0.000
Env sustaindc Task ca-discrete Algo happo Exp happo_baseline_ny_medium updates 2670/3051 episodes, total num timesteps 21872640/25000000, FPS 308.
Average step reward is 0.27669647336006165.
Some episodes done, average episode reward is 197.19446230732203.

Episode 2670: Avg Net Energy=327.107, Avg CO2=77153.472, Water Usage=10764026.779
Tasks in Queue=2205479.000, Tasks Dropped=0.000
Evaluation average episode reward is 104.77309649909462.

Episode 2670: Avg Net Energy=321.393, Avg CO2=84778.982, Water Usage=7723255.756
Tasks in Queue=1726992.000, Tasks Dropped=0.000
Env sustaindc Task ca-discrete Algo happo Exp happo_baseline_ny_medium updates 2675/3051 episodes, total num timesteps 21913600/25000000, FPS 308.
Average step reward is 0.1549546718597412.
Some episodes done, average episode reward is 200.89188808028177.

Episode 2675: Avg Net Energy=333.135, Avg CO2=89224.129, Water Usage=10847771.999
Tasks in Queue=2136045.000, Tasks Dropped=0.000
Evaluation average episode reward is 124.77033880268313.

Episode 2675: Avg Net Energy=321.848, Avg CO2=78948.689, Water Usage=7663682.725
Tasks in Queue=1594633.000, Tasks Dropped=0.000
Env sustaindc Task ca-discrete Algo happo Exp happo_baseline_ny_medium updates 2680/3051 episodes, total num timesteps 21954560/25000000, FPS 308.
Average step reward is 0.15645575523376465.
Some episodes done, average episode reward is 99.68401715989549.

Episode 2680: Avg Net Energy=330.350, Avg CO2=88816.373, Water Usage=10797153.192
Tasks in Queue=2136264.000, Tasks Dropped=0.000
Evaluation average episode reward is 230.94568613910874.

Episode 2680: Avg Net Energy=318.826, Avg CO2=82515.657, Water Usage=7743935.811
Tasks in Queue=1509318.000, Tasks Dropped=0.000
Env sustaindc Task ca-discrete Algo happo Exp happo_baseline_ny_medium updates 2685/3051 episodes, total num timesteps 21995520/25000000, FPS 307.
Average step reward is 0.0763431191444397.
Some episodes done, average episode reward is 233.30006465787778.

Episode 2685: Avg Net Energy=336.459, Avg CO2=87264.990, Water Usage=10916810.716
Tasks in Queue=2300361.000, Tasks Dropped=0.000
Evaluation average episode reward is -22.128041386106144.

Episode 2685: Avg Net Energy=321.414, Avg CO2=82554.850, Water Usage=7785213.943
Tasks in Queue=1766162.000, Tasks Dropped=0.000
Env sustaindc Task ca-discrete Algo happo Exp happo_baseline_ny_medium updates 2690/3051 episodes, total num timesteps 22036480/25000000, FPS 307.
Average step reward is 0.11194688826799393.
Some episodes done, average episode reward is 131.5066067618457.

Episode 2690: Avg Net Energy=334.740, Avg CO2=79794.787, Water Usage=10920280.795
Tasks in Queue=2573365.000, Tasks Dropped=0.000
Evaluation average episode reward is 79.91643690611079.

Episode 2690: Avg Net Energy=320.071, Avg CO2=82255.662, Water Usage=7779246.868
Tasks in Queue=1852094.000, Tasks Dropped=0.000
Env sustaindc Task ca-discrete Algo happo Exp happo_baseline_ny_medium updates 2695/3051 episodes, total num timesteps 22077440/25000000, FPS 307.
Average step reward is 0.12090560793876648.
Some episodes done, average episode reward is 169.34013887422046.

Episode 2695: Avg Net Energy=336.472, Avg CO2=78140.398, Water Usage=10806685.505
Tasks in Queue=2328891.000, Tasks Dropped=0.000
Evaluation average episode reward is 85.36286441776133.

Episode 2695: Avg Net Energy=319.030, Avg CO2=86961.268, Water Usage=7686120.040
Tasks in Queue=1753712.000, Tasks Dropped=0.000
Env sustaindc Task ca-discrete Algo happo Exp happo_baseline_ny_medium updates 2700/3051 episodes, total num timesteps 22118400/25000000, FPS 307.
Average step reward is 0.3128856420516968.
Some episodes done, average episode reward is 237.10870916562573.

Episode 2700: Avg Net Energy=323.491, Avg CO2=88800.329, Water Usage=10755643.129
Tasks in Queue=2317721.000, Tasks Dropped=0.000
Evaluation average episode reward is 104.35496241463356.

Episode 2700: Avg Net Energy=321.949, Avg CO2=81251.168, Water Usage=7713223.953
Tasks in Queue=1764211.000, Tasks Dropped=0.000
Env sustaindc Task ca-discrete Algo happo Exp happo_baseline_ny_medium updates 2705/3051 episodes, total num timesteps 22159360/25000000, FPS 307.
Average step reward is 0.13541148602962494.
Some episodes done, average episode reward is 212.45803502320246.

Episode 2705: Avg Net Energy=329.663, Avg CO2=89078.971, Water Usage=10915083.123
Tasks in Queue=2381515.000, Tasks Dropped=0.000
Evaluation average episode reward is 90.60621705665646.

Episode 2705: Avg Net Energy=321.536, Avg CO2=80253.897, Water Usage=7767534.219
Tasks in Queue=1770649.000, Tasks Dropped=0.000
Env sustaindc Task ca-discrete Algo happo Exp happo_baseline_ny_medium updates 2710/3051 episodes, total num timesteps 22200320/25000000, FPS 307.
Average step reward is 0.1738574504852295.
Some episodes done, average episode reward is 89.39532521068645.

Episode 2710: Avg Net Energy=331.274, Avg CO2=84513.513, Water Usage=10762987.282
Tasks in Queue=2311592.000, Tasks Dropped=0.000
Evaluation average episode reward is 127.6496882508656.

Episode 2710: Avg Net Energy=320.091, Avg CO2=87330.422, Water Usage=7567866.785
Tasks in Queue=1691403.000, Tasks Dropped=0.000
Env sustaindc Task ca-discrete Algo happo Exp happo_baseline_ny_medium updates 2715/3051 episodes, total num timesteps 22241280/25000000, FPS 307.
Average step reward is 0.2747434377670288.
Some episodes done, average episode reward is 212.79265682446368.

Episode 2715: Avg Net Energy=329.294, Avg CO2=71058.646, Water Usage=10672799.145
Tasks in Queue=2152211.000, Tasks Dropped=0.000
Evaluation average episode reward is 292.8367901591462.

Episode 2715: Avg Net Energy=318.891, Avg CO2=78926.133, Water Usage=7697227.545
Tasks in Queue=1595073.000, Tasks Dropped=0.000
Env sustaindc Task ca-discrete Algo happo Exp happo_baseline_ny_medium updates 2720/3051 episodes, total num timesteps 22282240/25000000, FPS 307.
Average step reward is 0.19941914081573486.
Some episodes done, average episode reward is 240.96534131584792.

Episode 2720: Avg Net Energy=330.220, Avg CO2=81470.365, Water Usage=10794530.876
Tasks in Queue=2205714.000, Tasks Dropped=0.000
Evaluation average episode reward is 110.48028218875152.

Episode 2720: Avg Net Energy=319.314, Avg CO2=82108.886, Water Usage=7764176.966
Tasks in Queue=1788894.000, Tasks Dropped=0.000
Env sustaindc Task ca-discrete Algo happo Exp happo_baseline_ny_medium updates 2725/3051 episodes, total num timesteps 22323200/25000000, FPS 307.
Average step reward is 0.08634007722139359.
Some episodes done, average episode reward is 279.82254448706897.

Episode 2725: Avg Net Energy=331.749, Avg CO2=90184.830, Water Usage=10898814.043
Tasks in Queue=2468078.000, Tasks Dropped=0.000
Evaluation average episode reward is -51.67438646201902.

Episode 2725: Avg Net Energy=320.349, Avg CO2=78889.803, Water Usage=7839767.715
Tasks in Queue=1994545.000, Tasks Dropped=0.000
Env sustaindc Task ca-discrete Algo happo Exp happo_baseline_ny_medium updates 2730/3051 episodes, total num timesteps 22364160/25000000, FPS 307.
Average step reward is -0.014577371999621391.
Some episodes done, average episode reward is 122.69860060035764.

Episode 2730: Avg Net Energy=335.543, Avg CO2=87361.400, Water Usage=10854059.454
Tasks in Queue=2620998.000, Tasks Dropped=0.000
Evaluation average episode reward is -184.19776439579047.

Episode 2730: Avg Net Energy=322.961, Avg CO2=81156.421, Water Usage=7669289.004
Tasks in Queue=1988416.000, Tasks Dropped=0.000
Env sustaindc Task ca-discrete Algo happo Exp happo_baseline_ny_medium updates 2735/3051 episodes, total num timesteps 22405120/25000000, FPS 307.
Average step reward is 0.07620769739151001.
Some episodes done, average episode reward is 80.81662209634294.

Episode 2735: Avg Net Energy=335.245, Avg CO2=80970.437, Water Usage=11011699.660
Tasks in Queue=2738159.000, Tasks Dropped=0.000
Evaluation average episode reward is 176.66951876551502.

Episode 2735: Avg Net Energy=319.796, Avg CO2=78820.605, Water Usage=7737517.869
Tasks in Queue=1992319.000, Tasks Dropped=0.000
Env sustaindc Task ca-discrete Algo happo Exp happo_baseline_ny_medium updates 2740/3051 episodes, total num timesteps 22446080/25000000, FPS 307.
Average step reward is 0.17027387022972107.
Some episodes done, average episode reward is 168.37256989891216.

Episode 2740: Avg Net Energy=331.200, Avg CO2=79543.289, Water Usage=10782979.298
Tasks in Queue=2309251.000, Tasks Dropped=0.000
Evaluation average episode reward is 218.9185686218011.

Episode 2740: Avg Net Energy=320.081, Avg CO2=80141.625, Water Usage=7714621.752
Tasks in Queue=1884926.000, Tasks Dropped=0.000
Env sustaindc Task ca-discrete Algo happo Exp happo_baseline_ny_medium updates 2745/3051 episodes, total num timesteps 22487040/25000000, FPS 307.
Average step reward is 0.21505703032016754.
Some episodes done, average episode reward is 170.2338135454903.

Episode 2745: Avg Net Energy=326.133, Avg CO2=88451.007, Water Usage=10856533.830
Tasks in Queue=2393683.000, Tasks Dropped=0.000
Evaluation average episode reward is 191.34077143754078.

Episode 2745: Avg Net Energy=319.070, Avg CO2=82911.154, Water Usage=7732426.086
Tasks in Queue=1890123.000, Tasks Dropped=0.000
Env sustaindc Task ca-discrete Algo happo Exp happo_baseline_ny_medium updates 2750/3051 episodes, total num timesteps 22528000/25000000, FPS 307.
Average step reward is 0.1293642520904541.
Some episodes done, average episode reward is 312.10138429774963.

Episode 2750: Avg Net Energy=330.150, Avg CO2=88773.644, Water Usage=10862367.913
Tasks in Queue=2371691.000, Tasks Dropped=0.000
Evaluation average episode reward is 131.99182619412593.

Episode 2750: Avg Net Energy=319.640, Avg CO2=79351.910, Water Usage=7619735.446
Tasks in Queue=1787906.000, Tasks Dropped=0.000
Env sustaindc Task ca-discrete Algo happo Exp happo_baseline_ny_medium updates 2755/3051 episodes, total num timesteps 22568960/25000000, FPS 307.
Average step reward is 0.1762263923883438.
Some episodes done, average episode reward is 139.7558026295935.

Episode 2755: Avg Net Energy=328.921, Avg CO2=78736.406, Water Usage=10674033.253
Tasks in Queue=2373714.000, Tasks Dropped=0.000
Evaluation average episode reward is 21.38799677459212.

Episode 2755: Avg Net Energy=319.841, Avg CO2=82315.547, Water Usage=7596736.408
Tasks in Queue=1778463.000, Tasks Dropped=0.000
Env sustaindc Task ca-discrete Algo happo Exp happo_baseline_ny_medium updates 2760/3051 episodes, total num timesteps 22609920/25000000, FPS 307.
Average step reward is 0.1781056523323059.
Some episodes done, average episode reward is 53.18585017627326.

Episode 2760: Avg Net Energy=331.267, Avg CO2=75454.014, Water Usage=10690172.194
Tasks in Queue=2424729.000, Tasks Dropped=0.000
Evaluation average episode reward is -148.45145148697694.

Episode 2760: Avg Net Energy=323.128, Avg CO2=80181.292, Water Usage=7797360.174
Tasks in Queue=1988991.000, Tasks Dropped=0.000
Env sustaindc Task ca-discrete Algo happo Exp happo_baseline_ny_medium updates 2765/3051 episodes, total num timesteps 22650880/25000000, FPS 307.
Average step reward is 0.14435827732086182.
Some episodes done, average episode reward is 167.51659923782944.

Episode 2765: Avg Net Energy=329.988, Avg CO2=85610.283, Water Usage=10887673.508
Tasks in Queue=2456614.000, Tasks Dropped=0.000
Evaluation average episode reward is 97.57586826426996.

Episode 2765: Avg Net Energy=319.966, Avg CO2=79203.247, Water Usage=7674182.047
Tasks in Queue=2025807.000, Tasks Dropped=0.000
Env sustaindc Task ca-discrete Algo happo Exp happo_baseline_ny_medium updates 2770/3051 episodes, total num timesteps 22691840/25000000, FPS 307.
Average step reward is 0.066922128200531.
Some episodes done, average episode reward is 125.17387428588717.

Episode 2770: Avg Net Energy=332.770, Avg CO2=89877.603, Water Usage=10910822.763
Tasks in Queue=2442722.000, Tasks Dropped=0.000
Evaluation average episode reward is 37.211166902191906.

Episode 2770: Avg Net Energy=322.011, Avg CO2=80094.536, Water Usage=7702212.286
Tasks in Queue=1841938.000, Tasks Dropped=0.000
Env sustaindc Task ca-discrete Algo happo Exp happo_baseline_ny_medium updates 2775/3051 episodes, total num timesteps 22732800/25000000, FPS 307.
Average step reward is 0.20343798398971558.
Some episodes done, average episode reward is 155.03547001068137.

Episode 2775: Avg Net Energy=328.586, Avg CO2=85800.457, Water Usage=10689150.493
Tasks in Queue=2268304.000, Tasks Dropped=0.000
Evaluation average episode reward is 122.65099218075243.

Episode 2775: Avg Net Energy=321.516, Avg CO2=80159.257, Water Usage=7728480.695
Tasks in Queue=1847949.000, Tasks Dropped=0.000
Env sustaindc Task ca-discrete Algo happo Exp happo_baseline_ny_medium updates 2780/3051 episodes, total num timesteps 22773760/25000000, FPS 307.
Average step reward is 0.11263662576675415.
Some episodes done, average episode reward is 105.88216356352689.

Episode 2780: Avg Net Energy=335.243, Avg CO2=82910.897, Water Usage=10898703.509
Tasks in Queue=2321365.000, Tasks Dropped=0.000
Evaluation average episode reward is 133.1288316396135.

Episode 2780: Avg Net Energy=320.065, Avg CO2=81702.589, Water Usage=7887964.084
Tasks in Queue=1689738.000, Tasks Dropped=0.000
Env sustaindc Task ca-discrete Algo happo Exp happo_baseline_ny_medium updates 2785/3051 episodes, total num timesteps 22814720/25000000, FPS 307.
Average step reward is 0.09051074087619781.
Some episodes done, average episode reward is 194.45835209608464.

Episode 2785: Avg Net Energy=334.585, Avg CO2=83443.993, Water Usage=10934893.776
Tasks in Queue=2237702.000, Tasks Dropped=0.000
Evaluation average episode reward is 136.35548441405084.

Episode 2785: Avg Net Energy=320.026, Avg CO2=82338.167, Water Usage=7784374.993
Tasks in Queue=1811605.000, Tasks Dropped=0.000
Env sustaindc Task ca-discrete Algo happo Exp happo_baseline_ny_medium updates 2790/3051 episodes, total num timesteps 22855680/25000000, FPS 308.
Average step reward is 0.3082137405872345.
Some episodes done, average episode reward is 229.54740707586194.

Episode 2790: Avg Net Energy=322.458, Avg CO2=87863.853, Water Usage=10708465.122
Tasks in Queue=2334362.000, Tasks Dropped=0.000
Evaluation average episode reward is 75.21482418552851.

Episode 2790: Avg Net Energy=320.564, Avg CO2=78820.541, Water Usage=7824435.186
Tasks in Queue=2034607.000, Tasks Dropped=0.000
Env sustaindc Task ca-discrete Algo happo Exp happo_baseline_ny_medium updates 2795/3051 episodes, total num timesteps 22896640/25000000, FPS 308.
Average step reward is 0.15509679913520813.
Some episodes done, average episode reward is 17.40082539541266.

Episode 2795: Avg Net Energy=328.130, Avg CO2=87371.636, Water Usage=10887239.173
Tasks in Queue=2460043.000, Tasks Dropped=0.000
Evaluation average episode reward is -90.3496030567466.

Episode 2795: Avg Net Energy=323.267, Avg CO2=81315.782, Water Usage=7559880.994
Tasks in Queue=2016026.000, Tasks Dropped=0.000
Env sustaindc Task ca-discrete Algo happo Exp happo_baseline_ny_medium updates 2800/3051 episodes, total num timesteps 22937600/25000000, FPS 308.
Average step reward is 0.18205296993255615.
Some episodes done, average episode reward is 132.7700980950931.

Episode 2800: Avg Net Energy=329.403, Avg CO2=77976.342, Water Usage=10732903.331
Tasks in Queue=2506734.000, Tasks Dropped=0.000
Evaluation average episode reward is 76.75806177033866.

Episode 2800: Avg Net Energy=320.215, Avg CO2=78248.425, Water Usage=7724211.257
Tasks in Queue=1964855.000, Tasks Dropped=0.000
Env sustaindc Task ca-discrete Algo happo Exp happo_baseline_ny_medium updates 2805/3051 episodes, total num timesteps 22978560/25000000, FPS 308.
Average step reward is 0.1516776978969574.
Some episodes done, average episode reward is 171.6746023967906.

Episode 2805: Avg Net Energy=335.084, Avg CO2=74387.265, Water Usage=10820929.973
Tasks in Queue=2398341.000, Tasks Dropped=0.000
Evaluation average episode reward is 284.3394460929863.

Episode 2805: Avg Net Energy=318.813, Avg CO2=78566.873, Water Usage=7768261.717
Tasks in Queue=1910308.000, Tasks Dropped=0.000
Env sustaindc Task ca-discrete Algo happo Exp happo_baseline_ny_medium updates 2810/3051 episodes, total num timesteps 23019520/25000000, FPS 308.
Average step reward is 0.14151178300380707.
Some episodes done, average episode reward is 180.58472894138072.

Episode 2810: Avg Net Energy=332.249, Avg CO2=86113.005, Water Usage=10811512.813
Tasks in Queue=2431180.000, Tasks Dropped=0.000
Evaluation average episode reward is 23.34610583214601.

Episode 2810: Avg Net Energy=321.264, Avg CO2=78694.195, Water Usage=7670241.994
Tasks in Queue=2015547.000, Tasks Dropped=0.000
Env sustaindc Task ca-discrete Algo happo Exp happo_baseline_ny_medium updates 2815/3051 episodes, total num timesteps 23060480/25000000, FPS 308.
Average step reward is 0.1858528107404709.
Some episodes done, average episode reward is 207.01004711756772.

Episode 2815: Avg Net Energy=327.570, Avg CO2=88961.991, Water Usage=10847125.511
Tasks in Queue=2399909.000, Tasks Dropped=0.000
Evaluation average episode reward is 28.824795927377625.

Episode 2815: Avg Net Energy=321.169, Avg CO2=78697.590, Water Usage=7653245.381
Tasks in Queue=1984509.000, Tasks Dropped=0.000
Env sustaindc Task ca-discrete Algo happo Exp happo_baseline_ny_medium updates 2820/3051 episodes, total num timesteps 23101440/25000000, FPS 308.
Average step reward is 0.23755136132240295.
Some episodes done, average episode reward is 165.64117941535432.

Episode 2820: Avg Net Energy=325.832, Avg CO2=85150.446, Water Usage=10708104.005
Tasks in Queue=2298699.000, Tasks Dropped=0.000
Evaluation average episode reward is 83.38534055460045.

Episode 2820: Avg Net Energy=320.428, Avg CO2=81375.682, Water Usage=7805413.988
Tasks in Queue=1825337.000, Tasks Dropped=0.000
Env sustaindc Task ca-discrete Algo happo Exp happo_baseline_ny_medium updates 2825/3051 episodes, total num timesteps 23142400/25000000, FPS 308.
Average step reward is 0.21864306926727295.
Some episodes done, average episode reward is 77.37264039231738.

Episode 2825: Avg Net Energy=331.803, Avg CO2=74925.251, Water Usage=10754103.617
Tasks in Queue=2522155.000, Tasks Dropped=0.000
Evaluation average episode reward is 106.3907348314063.

Episode 2825: Avg Net Energy=320.243, Avg CO2=86077.283, Water Usage=7747350.866
Tasks in Queue=1877222.000, Tasks Dropped=0.000
Env sustaindc Task ca-discrete Algo happo Exp happo_baseline_ny_medium updates 2830/3051 episodes, total num timesteps 23183360/25000000, FPS 308.
Average step reward is 0.1428075134754181.
Some episodes done, average episode reward is 220.48016616634675.

Episode 2830: Avg Net Energy=332.342, Avg CO2=80793.812, Water Usage=10920394.396
Tasks in Queue=2464105.000, Tasks Dropped=0.000
Evaluation average episode reward is -25.387547445237157.

Episode 2830: Avg Net Energy=321.706, Avg CO2=78652.300, Water Usage=7627264.981
Tasks in Queue=2032196.000, Tasks Dropped=0.000
Env sustaindc Task ca-discrete Algo happo Exp happo_baseline_ny_medium updates 2835/3051 episodes, total num timesteps 23224320/25000000, FPS 308.
Average step reward is 0.10627090930938721.
Some episodes done, average episode reward is 190.65282795048256.

Episode 2835: Avg Net Energy=329.737, Avg CO2=91392.633, Water Usage=10862166.191
Tasks in Queue=2522493.000, Tasks Dropped=0.000
Evaluation average episode reward is 74.47124323490728.

Episode 2835: Avg Net Energy=320.906, Avg CO2=78894.481, Water Usage=7763589.625
Tasks in Queue=2065813.000, Tasks Dropped=0.000
Env sustaindc Task ca-discrete Algo happo Exp happo_baseline_ny_medium updates 2840/3051 episodes, total num timesteps 23265280/25000000, FPS 308.
Average step reward is 0.06034788116812706.
Some episodes done, average episode reward is 197.4238713366458.

Episode 2840: Avg Net Energy=330.132, Avg CO2=88145.152, Water Usage=10872183.124
Tasks in Queue=2559503.000, Tasks Dropped=0.000
Evaluation average episode reward is 19.392007634851534.

Episode 2840: Avg Net Energy=319.981, Avg CO2=86303.736, Water Usage=7772405.743
Tasks in Queue=2021972.000, Tasks Dropped=0.000
Env sustaindc Task ca-discrete Algo happo Exp happo_baseline_ny_medium updates 2845/3051 episodes, total num timesteps 23306240/25000000, FPS 308.
Average step reward is 0.14074009656906128.
Some episodes done, average episode reward is 54.95587678021073.

Episode 2845: Avg Net Energy=331.277, Avg CO2=80388.920, Water Usage=10880469.888
Tasks in Queue=2567482.000, Tasks Dropped=0.000
Evaluation average episode reward is -137.45051593878063.

Episode 2845: Avg Net Energy=324.765, Avg CO2=81280.417, Water Usage=7690787.113
Tasks in Queue=2102898.000, Tasks Dropped=0.000
Env sustaindc Task ca-discrete Algo happo Exp happo_baseline_ny_medium updates 2850/3051 episodes, total num timesteps 23347200/25000000, FPS 308.
Average step reward is 0.19317418336868286.
Some episodes done, average episode reward is 128.97607459704741.

Episode 2850: Avg Net Energy=329.629, Avg CO2=71351.576, Water Usage=10799587.120
Tasks in Queue=2630248.000, Tasks Dropped=0.000
Evaluation average episode reward is 42.79306935602623.

Episode 2850: Avg Net Energy=320.880, Avg CO2=77628.766, Water Usage=7729144.161
Tasks in Queue=2216660.000, Tasks Dropped=0.000
Env sustaindc Task ca-discrete Algo happo Exp happo_baseline_ny_medium updates 2855/3051 episodes, total num timesteps 23388160/25000000, FPS 308.
Average step reward is 0.1280466467142105.
Some episodes done, average episode reward is 180.0486797604986.

Episode 2855: Avg Net Energy=329.766, Avg CO2=83476.628, Water Usage=10745213.535
Tasks in Queue=2423972.000, Tasks Dropped=0.000
Evaluation average episode reward is 134.72120842253898.

Episode 2855: Avg Net Energy=320.720, Avg CO2=84880.933, Water Usage=7789788.265
Tasks in Queue=2141711.000, Tasks Dropped=0.000
Env sustaindc Task ca-discrete Algo happo Exp happo_baseline_ny_medium updates 2860/3051 episodes, total num timesteps 23429120/25000000, FPS 308.
Average step reward is 0.09953518211841583.
Some episodes done, average episode reward is 114.95861581227553.

Episode 2860: Avg Net Energy=332.294, Avg CO2=91205.951, Water Usage=11029120.173
Tasks in Queue=2495623.000, Tasks Dropped=0.000
Evaluation average episode reward is 100.742096521969.

Episode 2860: Avg Net Energy=321.669, Avg CO2=85315.993, Water Usage=7722283.412
Tasks in Queue=1848331.000, Tasks Dropped=0.000
Env sustaindc Task ca-discrete Algo happo Exp happo_baseline_ny_medium updates 2865/3051 episodes, total num timesteps 23470080/25000000, FPS 308.
Average step reward is 0.1146659106016159.
Some episodes done, average episode reward is 89.10096519293711.

Episode 2865: Avg Net Energy=332.178, Avg CO2=86468.285, Water Usage=10958340.149
Tasks in Queue=2477726.000, Tasks Dropped=0.000
Evaluation average episode reward is 11.946739913109619.

Episode 2865: Avg Net Energy=322.563, Avg CO2=81150.058, Water Usage=7702211.646
Tasks in Queue=1853633.000, Tasks Dropped=0.000
Env sustaindc Task ca-discrete Algo happo Exp happo_baseline_ny_medium updates 2870/3051 episodes, total num timesteps 23511040/25000000, FPS 308.
Average step reward is 0.042183585464954376.
Some episodes done, average episode reward is 170.40670062409777.

Episode 2870: Avg Net Energy=338.329, Avg CO2=76708.126, Water Usage=10936427.195
Tasks in Queue=2662788.000, Tasks Dropped=0.000
Evaluation average episode reward is 36.93714957692374.

Episode 2870: Avg Net Energy=323.248, Avg CO2=79772.780, Water Usage=7716460.337
Tasks in Queue=1839641.000, Tasks Dropped=0.000
Env sustaindc Task ca-discrete Algo happo Exp happo_baseline_ny_medium updates 2875/3051 episodes, total num timesteps 23552000/25000000, FPS 308.
Average step reward is 0.1359330713748932.
Some episodes done, average episode reward is 181.46124656858242.

Episode 2875: Avg Net Energy=331.597, Avg CO2=79823.862, Water Usage=10886031.461
Tasks in Queue=2291006.000, Tasks Dropped=0.000
Evaluation average episode reward is 91.23862040969287.

Episode 2875: Avg Net Energy=320.849, Avg CO2=81973.267, Water Usage=7648067.136
Tasks in Queue=1875199.000, Tasks Dropped=0.000
Env sustaindc Task ca-discrete Algo happo Exp happo_baseline_ny_medium updates 2880/3051 episodes, total num timesteps 23592960/25000000, FPS 308.
Average step reward is 0.16292807459831238.
Some episodes done, average episode reward is 79.28124145137357.

Episode 2880: Avg Net Energy=328.568, Avg CO2=90926.782, Water Usage=10799242.325
Tasks in Queue=2409076.000, Tasks Dropped=0.000
Evaluation average episode reward is 112.23606002670056.

Episode 2880: Avg Net Energy=321.427, Avg CO2=85114.603, Water Usage=7790106.790
Tasks in Queue=1932282.000, Tasks Dropped=0.000
Env sustaindc Task ca-discrete Algo happo Exp happo_baseline_ny_medium updates 2885/3051 episodes, total num timesteps 23633920/25000000, FPS 308.
Average step reward is 0.13055644929409027.
Some episodes done, average episode reward is 38.14931775673766.

Episode 2885: Avg Net Energy=328.071, Avg CO2=87288.955, Water Usage=10748860.866
Tasks in Queue=2521193.000, Tasks Dropped=0.000
Evaluation average episode reward is -137.05331877904305.

Episode 2885: Avg Net Energy=323.951, Avg CO2=78473.793, Water Usage=7764667.640
Tasks in Queue=2167983.000, Tasks Dropped=0.000
Env sustaindc Task ca-discrete Algo happo Exp happo_baseline_ny_medium updates 2890/3051 episodes, total num timesteps 23674880/25000000, FPS 308.
Average step reward is 0.12922653555870056.
Some episodes done, average episode reward is 154.43064922207265.

Episode 2890: Avg Net Energy=329.242, Avg CO2=78344.212, Water Usage=10747611.691
Tasks in Queue=2620052.000, Tasks Dropped=0.000
Evaluation average episode reward is -163.58826967322452.

Episode 2890: Avg Net Energy=325.097, Avg CO2=81274.265, Water Usage=7692294.933
Tasks in Queue=2151926.000, Tasks Dropped=0.000
Env sustaindc Task ca-discrete Algo happo Exp happo_baseline_ny_medium updates 2895/3051 episodes, total num timesteps 23715840/25000000, FPS 308.
Average step reward is 0.24200208485126495.
Some episodes done, average episode reward is 161.81275151999785.

Episode 2895: Avg Net Energy=326.948, Avg CO2=66966.299, Water Usage=10674978.644
Tasks in Queue=2516030.000, Tasks Dropped=0.000
Evaluation average episode reward is 78.00761904578793.

Episode 2895: Avg Net Energy=321.989, Avg CO2=77923.991, Water Usage=7716369.349
Tasks in Queue=2140055.000, Tasks Dropped=0.000
Env sustaindc Task ca-discrete Algo happo Exp happo_baseline_ny_medium updates 2900/3051 episodes, total num timesteps 23756800/25000000, FPS 308.
Average step reward is 0.20628446340560913.
Some episodes done, average episode reward is 192.10014924630764.

Episode 2900: Avg Net Energy=325.180, Avg CO2=85418.945, Water Usage=10818725.989
Tasks in Queue=2337850.000, Tasks Dropped=0.000
Evaluation average episode reward is 323.61062367136554.

Episode 2900: Avg Net Energy=319.112, Avg CO2=76753.763, Water Usage=7754242.342
Tasks in Queue=2104260.000, Tasks Dropped=0.000
Env sustaindc Task ca-discrete Algo happo Exp happo_baseline_ny_medium updates 2905/3051 episodes, total num timesteps 23797760/25000000, FPS 308.
Average step reward is 0.07145920395851135.
Some episodes done, average episode reward is 104.60050611542232.

Episode 2905: Avg Net Energy=330.931, Avg CO2=89551.932, Water Usage=10734667.218
Tasks in Queue=2537529.000, Tasks Dropped=0.000
Evaluation average episode reward is 9.113824539477159.

Episode 2905: Avg Net Energy=322.568, Avg CO2=78441.024, Water Usage=7777937.718
Tasks in Queue=2049393.000, Tasks Dropped=0.000
Env sustaindc Task ca-discrete Algo happo Exp happo_baseline_ny_medium updates 2910/3051 episodes, total num timesteps 23838720/25000000, FPS 308.
Average step reward is 0.1654672622680664.
Some episodes done, average episode reward is 36.617242324026016.

Episode 2910: Avg Net Energy=329.143, Avg CO2=87739.477, Water Usage=10807779.276
Tasks in Queue=2511374.000, Tasks Dropped=0.000
Evaluation average episode reward is 131.06451541082137.

Episode 2910: Avg Net Energy=321.422, Avg CO2=81450.860, Water Usage=7745764.655
Tasks in Queue=1993998.000, Tasks Dropped=0.000
Env sustaindc Task ca-discrete Algo happo Exp happo_baseline_ny_medium updates 2915/3051 episodes, total num timesteps 23879680/25000000, FPS 308.
Average step reward is 0.09222465753555298.
Some episodes done, average episode reward is 187.64631364096675.

Episode 2915: Avg Net Energy=332.519, Avg CO2=86423.279, Water Usage=10908614.145
Tasks in Queue=2660265.000, Tasks Dropped=0.000
Evaluation average episode reward is 185.50734854820053.

Episode 2915: Avg Net Energy=319.565, Avg CO2=78403.841, Water Usage=7672093.406
Tasks in Queue=1959354.000, Tasks Dropped=0.000
Env sustaindc Task ca-discrete Algo happo Exp happo_baseline_ny_medium updates 2920/3051 episodes, total num timesteps 23920640/25000000, FPS 308.
Average step reward is 0.18226900696754456.
Some episodes done, average episode reward is 243.74868906115037.

Episode 2920: Avg Net Energy=329.225, Avg CO2=78113.467, Water Usage=10844379.030
Tasks in Queue=2507652.000, Tasks Dropped=0.000
Evaluation average episode reward is -115.15586857974695.

Episode 2920: Avg Net Energy=323.114, Avg CO2=84765.683, Water Usage=7795936.056
Tasks in Queue=1836195.000, Tasks Dropped=0.000
Env sustaindc Task ca-discrete Algo happo Exp happo_baseline_ny_medium updates 2925/3051 episodes, total num timesteps 23961600/25000000, FPS 308.
Average step reward is 0.13942702114582062.
Some episodes done, average episode reward is 74.62889625386045.

Episode 2925: Avg Net Energy=329.318, Avg CO2=89316.630, Water Usage=10839290.918
Tasks in Queue=2368674.000, Tasks Dropped=0.000
Evaluation average episode reward is 187.99829500934263.

Episode 2925: Avg Net Energy=319.953, Avg CO2=82157.110, Water Usage=7638053.313
Tasks in Queue=1837182.000, Tasks Dropped=0.000
Env sustaindc Task ca-discrete Algo happo Exp happo_baseline_ny_medium updates 2930/3051 episodes, total num timesteps 24002560/25000000, FPS 308.
Average step reward is 0.14223283529281616.
Some episodes done, average episode reward is 175.05679550657484.

Episode 2930: Avg Net Energy=327.465, Avg CO2=87939.513, Water Usage=10851696.205
Tasks in Queue=2517098.000, Tasks Dropped=0.000
Evaluation average episode reward is -39.462951446284144.

Episode 2930: Avg Net Energy=322.641, Avg CO2=84131.202, Water Usage=7706040.392
Tasks in Queue=2055813.000, Tasks Dropped=0.000
Env sustaindc Task ca-discrete Algo happo Exp happo_baseline_ny_medium updates 2935/3051 episodes, total num timesteps 24043520/25000000, FPS 308.
Average step reward is 0.14155325293540955.
Some episodes done, average episode reward is 126.32267065325375.

Episode 2935: Avg Net Energy=330.259, Avg CO2=79204.181, Water Usage=10821139.753
Tasks in Queue=2659673.000, Tasks Dropped=0.000
Evaluation average episode reward is -141.91845911502364.

Episode 2935: Avg Net Energy=323.340, Avg CO2=78605.169, Water Usage=7707390.814
Tasks in Queue=2175829.000, Tasks Dropped=0.000
Env sustaindc Task ca-discrete Algo happo Exp happo_baseline_ny_medium updates 2940/3051 episodes, total num timesteps 24084480/25000000, FPS 308.
Average step reward is 0.1570378988981247.
Some episodes done, average episode reward is 160.88211849187704.

Episode 2940: Avg Net Energy=331.355, Avg CO2=69478.314, Water Usage=10674682.498
Tasks in Queue=2596727.000, Tasks Dropped=0.000
Evaluation average episode reward is 111.10819319729926.

Episode 2940: Avg Net Energy=322.458, Avg CO2=80216.812, Water Usage=7708992.445
Tasks in Queue=2124036.000, Tasks Dropped=0.000
Env sustaindc Task ca-discrete Algo happo Exp happo_baseline_ny_medium updates 2945/3051 episodes, total num timesteps 24125440/25000000, FPS 308.
Average step reward is 0.10661263763904572.
Some episodes done, average episode reward is 100.66282752698362.

Episode 2945: Avg Net Energy=331.354, Avg CO2=83751.861, Water Usage=10776967.918
Tasks in Queue=2579617.000, Tasks Dropped=0.000
Evaluation average episode reward is 231.85928332520078.

Episode 2945: Avg Net Energy=320.636, Avg CO2=78570.869, Water Usage=7643637.203
Tasks in Queue=2124318.000, Tasks Dropped=0.000
Env sustaindc Task ca-discrete Algo happo Exp happo_baseline_ny_medium updates 2950/3051 episodes, total num timesteps 24166400/25000000, FPS 308.
Average step reward is 0.1740812212228775.
Some episodes done, average episode reward is 169.36364856259792.

Episode 2950: Avg Net Energy=327.548, Avg CO2=88813.856, Water Usage=10727050.227
Tasks in Queue=2589782.000, Tasks Dropped=0.000
Evaluation average episode reward is 109.80038332351434.

Episode 2950: Avg Net Energy=320.701, Avg CO2=86939.008, Water Usage=7588952.632
Tasks in Queue=2185944.000, Tasks Dropped=0.000
Env sustaindc Task ca-discrete Algo happo Exp happo_baseline_ny_medium updates 2955/3051 episodes, total num timesteps 24207360/25000000, FPS 308.
Average step reward is 0.0739700123667717.
Some episodes done, average episode reward is 114.27584463376033.

Episode 2955: Avg Net Energy=330.693, Avg CO2=88064.171, Water Usage=10845501.108
Tasks in Queue=2663557.000, Tasks Dropped=0.000
Evaluation average episode reward is 1.4633043259812837.

Episode 2955: Avg Net Energy=320.473, Avg CO2=86313.242, Water Usage=7728175.457
Tasks in Queue=2144101.000, Tasks Dropped=0.000
Env sustaindc Task ca-discrete Algo happo Exp happo_baseline_ny_medium updates 2960/3051 episodes, total num timesteps 24248320/25000000, FPS 308.
Average step reward is 0.15605325996875763.
Some episodes done, average episode reward is 165.70901686090008.

Episode 2960: Avg Net Energy=329.057, Avg CO2=75197.402, Water Usage=10825328.130
Tasks in Queue=2813628.000, Tasks Dropped=0.000
Evaluation average episode reward is 186.75705761752.

Episode 2960: Avg Net Energy=318.932, Avg CO2=78807.671, Water Usage=7658397.083
Tasks in Queue=2157533.000, Tasks Dropped=0.000
Env sustaindc Task ca-discrete Algo happo Exp happo_baseline_ny_medium updates 2965/3051 episodes, total num timesteps 24289280/25000000, FPS 308.
Average step reward is 0.10230185091495514.
Some episodes done, average episode reward is 105.44988494761304.

Episode 2965: Avg Net Energy=331.103, Avg CO2=80598.283, Water Usage=10739386.654
Tasks in Queue=2463563.000, Tasks Dropped=0.000
Evaluation average episode reward is -32.815096018123775.

Episode 2965: Avg Net Energy=320.897, Avg CO2=82625.050, Water Usage=7758012.962
Tasks in Queue=2213827.000, Tasks Dropped=0.000
Env sustaindc Task ca-discrete Algo happo Exp happo_baseline_ny_medium updates 2970/3051 episodes, total num timesteps 24330240/25000000, FPS 308.
Average step reward is 0.21912530064582825.
Some episodes done, average episode reward is 88.34041735428993.

Episode 2970: Avg Net Energy=326.664, Avg CO2=91812.025, Water Usage=10675757.662
Tasks in Queue=2580112.000, Tasks Dropped=0.000
Evaluation average episode reward is -110.98302986864671.

Episode 2970: Avg Net Energy=323.332, Avg CO2=78131.934, Water Usage=7635679.181
Tasks in Queue=2202043.000, Tasks Dropped=0.000
Env sustaindc Task ca-discrete Algo happo Exp happo_baseline_ny_medium updates 2975/3051 episodes, total num timesteps 24371200/25000000, FPS 308.
Average step reward is 0.005632523447275162.
Some episodes done, average episode reward is 56.78890761057211.

Episode 2975: Avg Net Energy=334.952, Avg CO2=90051.393, Water Usage=10925250.088
Tasks in Queue=2664271.000, Tasks Dropped=0.000
Evaluation average episode reward is -16.335474034923067.

Episode 2975: Avg Net Energy=321.944, Avg CO2=81936.414, Water Usage=7758176.387
Tasks in Queue=2071828.000, Tasks Dropped=0.000
Env sustaindc Task ca-discrete Algo happo Exp happo_baseline_ny_medium updates 2980/3051 episodes, total num timesteps 24412160/25000000, FPS 308.
Average step reward is 0.19326521456241608.
Some episodes done, average episode reward is 82.77202106453856.

Episode 2980: Avg Net Energy=330.198, Avg CO2=81122.857, Water Usage=10763921.175
Tasks in Queue=2505442.000, Tasks Dropped=0.000
Evaluation average episode reward is 100.10468846635479.

Episode 2980: Avg Net Energy=321.852, Avg CO2=79068.643, Water Usage=7709417.356
Tasks in Queue=2039483.000, Tasks Dropped=0.000
Env sustaindc Task ca-discrete Algo happo Exp happo_baseline_ny_medium updates 2985/3051 episodes, total num timesteps 24453120/25000000, FPS 308.
Average step reward is 0.21279790997505188.
Some episodes done, average episode reward is 166.6770043647092.

Episode 2985: Avg Net Energy=331.384, Avg CO2=76235.294, Water Usage=10676690.276
Tasks in Queue=2372741.000, Tasks Dropped=0.000
Evaluation average episode reward is -34.11901608419047.

Episode 2985: Avg Net Energy=324.206, Avg CO2=78577.236, Water Usage=7675434.148
Tasks in Queue=1867097.000, Tasks Dropped=0.000
Env sustaindc Task ca-discrete Algo happo Exp happo_baseline_ny_medium updates 2990/3051 episodes, total num timesteps 24494080/25000000, FPS 308.
Average step reward is 0.24190941452980042.
Some episodes done, average episode reward is 241.83137912637392.

Episode 2990: Avg Net Energy=329.213, Avg CO2=85489.121, Water Usage=10713080.466
Tasks in Queue=2304989.000, Tasks Dropped=0.000
Evaluation average episode reward is 335.83045880753076.

Episode 2990: Avg Net Energy=318.870, Avg CO2=82930.920, Water Usage=7679195.350
Tasks in Queue=2021068.000, Tasks Dropped=0.000
Env sustaindc Task ca-discrete Algo happo Exp happo_baseline_ny_medium updates 2995/3051 episodes, total num timesteps 24535040/25000000, FPS 308.
Average step reward is 0.16371266543865204.
Some episodes done, average episode reward is 181.1904518816649.

Episode 2995: Avg Net Energy=328.281, Avg CO2=88069.110, Water Usage=10807307.304
Tasks in Queue=2632649.000, Tasks Dropped=0.000
Evaluation average episode reward is 288.53028269155203.

Episode 2995: Avg Net Energy=318.440, Avg CO2=81940.220, Water Usage=7695791.177
Tasks in Queue=2215717.000, Tasks Dropped=0.000
Env sustaindc Task ca-discrete Algo happo Exp happo_baseline_ny_medium updates 3000/3051 episodes, total num timesteps 24576000/25000000, FPS 308.
Average step reward is 0.10995012521743774.
Some episodes done, average episode reward is 158.4258531710394.

Episode 3000: Avg Net Energy=331.868, Avg CO2=84059.424, Water Usage=10995200.022
Tasks in Queue=2779415.000, Tasks Dropped=0.000
Evaluation average episode reward is -106.18193011988053.

Episode 3000: Avg Net Energy=323.906, Avg CO2=84739.338, Water Usage=7655518.011
Tasks in Queue=2111918.000, Tasks Dropped=0.000
Env sustaindc Task ca-discrete Algo happo Exp happo_baseline_ny_medium updates 3005/3051 episodes, total num timesteps 24616960/25000000, FPS 308.
Average step reward is 0.06338120996952057.
Some episodes done, average episode reward is 178.0079219902434.

Episode 3005: Avg Net Energy=335.985, Avg CO2=78100.633, Water Usage=10788108.533
Tasks in Queue=2846302.000, Tasks Dropped=0.000
Evaluation average episode reward is 53.57305269566364.

Episode 3005: Avg Net Energy=318.913, Avg CO2=86904.587, Water Usage=7724844.110
Tasks in Queue=2248596.000, Tasks Dropped=0.000
Env sustaindc Task ca-discrete Algo happo Exp happo_baseline_ny_medium updates 3010/3051 episodes, total num timesteps 24657920/25000000, FPS 308.
Average step reward is 0.13498693704605103.
Some episodes done, average episode reward is 99.63827527147089.

Episode 3010: Avg Net Energy=331.158, Avg CO2=81293.970, Water Usage=10854523.692
Tasks in Queue=2552676.000, Tasks Dropped=0.000
Evaluation average episode reward is -244.33987838487485.

Episode 3010: Avg Net Energy=323.628, Avg CO2=85570.665, Water Usage=7722529.602
Tasks in Queue=2010315.000, Tasks Dropped=0.000
Env sustaindc Task ca-discrete Algo happo Exp happo_baseline_ny_medium updates 3015/3051 episodes, total num timesteps 24698880/25000000, FPS 308.
Average step reward is 0.19550782442092896.
Some episodes done, average episode reward is 121.63107518651444.

Episode 3015: Avg Net Energy=326.369, Avg CO2=90344.090, Water Usage=10814597.936
Tasks in Queue=2455675.000, Tasks Dropped=0.000
Evaluation average episode reward is -95.86637668010421.

Episode 3015: Avg Net Energy=322.576, Avg CO2=81406.859, Water Usage=7611125.202
Tasks in Queue=2024642.000, Tasks Dropped=0.000
Env sustaindc Task ca-discrete Algo happo Exp happo_baseline_ny_medium updates 3020/3051 episodes, total num timesteps 24739840/25000000, FPS 308.
Average step reward is 0.23183125257492065.
Some episodes done, average episode reward is 92.72165878898605.

Episode 3020: Avg Net Energy=325.594, Avg CO2=86393.334, Water Usage=10668909.553
Tasks in Queue=2197482.000, Tasks Dropped=0.000
Evaluation average episode reward is 82.33632343630528.

Episode 3020: Avg Net Energy=323.802, Avg CO2=82810.276, Water Usage=7758885.752
Tasks in Queue=1776385.000, Tasks Dropped=0.000
Env sustaindc Task ca-discrete Algo happo Exp happo_baseline_ny_medium updates 3025/3051 episodes, total num timesteps 24780800/25000000, FPS 308.
Average step reward is 0.16267433762550354.
Some episodes done, average episode reward is 171.82125991347112.

Episode 3025: Avg Net Energy=330.589, Avg CO2=80728.205, Water Usage=10841619.984
Tasks in Queue=2395961.000, Tasks Dropped=0.000
Evaluation average episode reward is 240.562926454019.

Episode 3025: Avg Net Energy=320.663, Avg CO2=78563.515, Water Usage=7668426.564
Tasks in Queue=1799952.000, Tasks Dropped=0.000
Env sustaindc Task ca-discrete Algo happo Exp happo_baseline_ny_medium updates 3030/3051 episodes, total num timesteps 24821760/25000000, FPS 308.
Average step reward is 0.14648398756980896.
Some episodes done, average episode reward is 160.05267787590395.

Episode 3030: Avg Net Energy=336.479, Avg CO2=73046.851, Water Usage=10727868.928
Tasks in Queue=2491107.000, Tasks Dropped=0.000
Evaluation average episode reward is 3.8286176573791124.

Episode 3030: Avg Net Energy=323.074, Avg CO2=81804.874, Water Usage=7731633.946
Tasks in Queue=1940450.000, Tasks Dropped=0.000
Env sustaindc Task ca-discrete Algo happo Exp happo_baseline_ny_medium updates 3035/3051 episodes, total num timesteps 24862720/25000000, FPS 308.
Average step reward is 0.15430870652198792.
Some episodes done, average episode reward is 140.09458983744938.

Episode 3035: Avg Net Energy=329.622, Avg CO2=87515.462, Water Usage=10782212.203
Tasks in Queue=2339933.000, Tasks Dropped=0.000
Evaluation average episode reward is 11.469005017994087.

Episode 3035: Avg Net Energy=322.738, Avg CO2=77802.235, Water Usage=7683664.154
Tasks in Queue=2001460.000, Tasks Dropped=0.000
Env sustaindc Task ca-discrete Algo happo Exp happo_baseline_ny_medium updates 3040/3051 episodes, total num timesteps 24903680/25000000, FPS 308.
Average step reward is 0.10495825111865997.
Some episodes done, average episode reward is 153.46607091738107.

Episode 3040: Avg Net Energy=332.005, Avg CO2=90416.481, Water Usage=10911841.063
Tasks in Queue=2410767.000, Tasks Dropped=0.000
Evaluation average episode reward is 368.2507824937463.

Episode 3040: Avg Net Energy=317.200, Avg CO2=86569.365, Water Usage=7804099.304
Tasks in Queue=1843175.000, Tasks Dropped=0.000
Env sustaindc Task ca-discrete Algo happo Exp happo_baseline_ny_medium updates 3045/3051 episodes, total num timesteps 24944640/25000000, FPS 308.
Average step reward is 0.10969617962837219.
Some episodes done, average episode reward is 130.7039677864737.

Episode 3045: Avg Net Energy=332.290, Avg CO2=87600.124, Water Usage=10774491.851
Tasks in Queue=2400758.000, Tasks Dropped=0.000
Evaluation average episode reward is -105.51525006194463.

Episode 3045: Avg Net Energy=323.543, Avg CO2=78877.920, Water Usage=7661658.928
Tasks in Queue=1893434.000, Tasks Dropped=0.000
Env sustaindc Task ca-discrete Algo happo Exp happo_baseline_ny_medium updates 3050/3051 episodes, total num timesteps 24985600/25000000, FPS 308.
Average step reward is 0.1522434651851654.
Some episodes done, average episode reward is 132.7801333497323.

Episode 3050: Avg Net Energy=331.455, Avg CO2=77827.031, Water Usage=10814208.667
Tasks in Queue=2508087.000, Tasks Dropped=0.000
Evaluation average episode reward is -138.6014061122576.

Episode 3050: Avg Net Energy=323.583, Avg CO2=82276.193, Water Usage=7753588.566
Tasks in Queue=1865228.000, Tasks Dropped=0.000
